Timestamp,I have read the above and voluntarily agree to participate in this survey.  ,Age,Gender,Marital Status ,Higher Education Level ,Current Sector,Job Title / Position (*Senior Officer) ,Years of Work Experience ,Employment Type ,Weekly Working Hours ,Daily Communication (office to Home) Time,I have the freedom to decide how I complete my tasks. ,My workload often leaves me with little free time or energy. ,My supervisor encourages me to share new ideas. ,My organization values creativity and innovation. ,I feel psychologically safe to express new or different opinions at work. ,My job provides opportunities to learn new skills. ,I receive fair recognition for innovative work. ,My job allows flexibility to balance personal and professional life. ,I feel overburdened with repetitive tasks that reduce creativity. ,I believe my work environment supports experimentation and risk-taking. ,My current job helps me build skills useful for future independence. ,I am gaining valuable professional networks through my job. ,My job provides financial stability. ,I can save money regularly from my salary. ,I feel financially secure enough to take career risks. ,I believe my job is preparing me for greater responsibilities. ,I believe abilities can be developed through dedication and effort (growth mindset). ,I am willing to take risks to achieve greater independence. ,I often think about starting something of my own (business/project). ,I prefer stability and security over independence and risk. ,I feel motivated to innovate despite work constraints. ,I regularly suggest new ideas at my workplace. ,My job encourages entrepreneurship (innovation inside the company). ,I am involved in personal side-projects outside my job. ,I dedicate weekly time to creative or entrepreneurial work beyond my job. ,I have plans to start my own venture in the future. ,"I have already taken steps towards independence (registered business, freelancing, partnerships, etc.). ",My job hinders me from working on personal projects. ,"Without this job, I would pursue more innovative activities. ","My job has taught me how to manage projects, teams, or resources. ",I believe my job is a stepping stone toward something bigger in life. ,Barriers: (Check all that apply) ,Enablers: (Check all that apply) ,"In your own words, how has your job influenced your ability to innovate or pursue independence? ",What changes in your job/organization would help you be more creative or independent? ,Do you view your job as a constraint or a stepping stone? Why? ,Age,Age
9/14/2025 20:38:19,Yes,26–30,Male,Married,Master’s,Private,Lecturer,3–5,Permanent,30–40,More than 2 hours,3,2,3,3,3,3,3,3,3,4,3,4,2,4,3,3,3,3,4,2,4,4,3,3,4,3,4,3,3,3,4,"Lack of time, Lack of financial security, Family responsibilities, Fear of risk/failure, Unsupportive organization","Supportive boss/organization, Financial savings, Skills and knowledge from current job, Networks and contacts",,,,,
9/14/2025 21:00:02,Yes,26–30,Male,Married,Bachelor’s,Finance,Assistant Engineer IT,3–5,Permanent,41–50,More than 2 hours,2,3,2,2,2,2,2,3,4,2,2,3,4,5,3,4,5,4,5,4,3,2,1,2,1,4,1,5,5,3,3,"Lack of time, Family responsibilities, Fear of risk/failure, Unsupportive organization","Financial savings, Networks and contacts, Access to resources (labs, tools, internet, etc.), Motivation/passion",less opportunity to think about innovation,Change of mindset,constraint. Beacuse lack of independence,,
9/14/2025 21:00:25,Yes,18-25,Male,Single,Bachelor’s,Healthcare,IT Executive,0–2,Permanent,41–50,"30–60 mins,",4,3,5,5,4,3,4,3,1,5,4,3,5,5,5,3,1,1,1,3,1,3,4,5,4,2,5,3,3,3,4,"Lack of financial security, Unsupportive organization, Lack of skills","Access to resources (labs, tools, internet, etc.)",Public communication,"I want to work at innovative field like sqa, IT, Machine learning, robotics or data science",Constraint,,
9/14/2025 21:12:41,Yes,26–30,Male,Single,Master’s,Public,Assistant Programmer,0–2,Permanent,30–40,1–2 hours,3,3,4,4,4,4,3,3,2,4,4,4,4,4,3,3,4,4,4,4,5,1,1,3,3,3,1,2,1,3,3,"Lack of time, Lack of financial security, Family responsibilities, Fear of risk/failure, Unsupportive organization","Supportive boss/organization, Financial savings",Yes , Learn me new technology.,Yes.I dream a better salary job.,,
9/14/2025 21:15:29,Yes,26–30,Male,Single,Master’s,Education,Teacher,0–2,Permanent,30–40,1–2 hours,1,3,1,1,2,1,1,4,4,4,2,3,3,2,2,3,3,3,3,3,2,3,3,4,3,3,2,2,1,1,1,Family responsibilities,"Skills and knowledge from current job, Access to resources (labs, tools, internet, etc.)",,,,,
9/14/2025 21:16:23,Yes,31–35,Female,Married,Master’s,Education,Assistant Professor ,6–10,Permanent,30–40,1–2 hours,1,1,1,2,2,2,2,1,5,2,3,1,2,2,2,2,2,2,2,2,1,1,2,2,1,2,2,1,1,1,2,Family responsibilities,"Supportive boss/organization, Financial savings, Access to resources (labs, tools, internet, etc.)",Give me proper guidelines ,No office time boundary ,Constraints ,,
9/14/2025 21:20:56,Yes,26–30,Male,Single,Master’s,Education,Assistant Teacher,0–2,Contract,30–40,Less than 30 mins,2,3,4,4,3,4,2,2,3,3,4,3,4,1,1,3,3,2,1,1,2,2,3,4,4,4,3,3,5,4,1,"Lack of time, Lack of financial security, Family responsibilities","Skills and knowledge from current job, Networks and contacts, Motivation/passion",,,,,
9/14/2025 21:29:58,Yes,26–30,Male,Married,Bachelor’s,Public,Senior Office (IT),0–2,Permanent,41–50,Less than 30 mins,4,2,3,2,3,2,3,3,2,1,2,3,3,3,3,3,3,2,5,3,2,2,1,1,1,2,1,1,2,2,2,"Lack of time, Lack of financial security, Family responsibilities, Fear of risk/failure, Lack of skills","Supportive boss/organization, Networks and contacts",I barely do innovative staffs. ,As a traditional banking sector there is not much of a change can be done here. ,Because I have to do repeated work all the time so it's a constraint. ,,
9/14/2025 21:45:07,Yes,26–30,Male,Single,Master’s,Public,Senior officer ,0–2,Permanent,30–40,Less than 30 mins,2,2,4,5,4,3,3,5,1,4,4,4,5,2,3,4,5,4,5,5,3,3,4,2,2,5,3,3,3,4,3,"Lack of time, Lack of financial security, Family responsibilities, Fear of risk/failure, Lack of skills","Supportive boss/organization, Financial savings, Skills and knowledge from current job, Networks and contacts, Access to resources (labs, tools, internet, etc.)",Being posted in Dhaka city has influenced me to think again of living a peaceful life outside Dhaka. And that forces me to rethink my business ideas.,Enough knowledge about share market may make me an expert in this field and thus would enable me to pursue my independence. ,No,,
9/14/2025 22:15:09,Yes,26–30,Male,Single,Master’s,Other,Assistant Manager ,0–2,Permanent,30–40,1–2 hours,4,2,4,4,4,4,3,5,3,4,3,4,4,2,2,4,4,3,2,4,4,3,2,2,2,2,2,4,3,3,4,"Lack of financial security, Family responsibilities","Supportive boss/organization, Skills and knowledge from current job, Networks and contacts",,,Stepping stone,,
9/14/2025 22:21:55,Yes,26–30,Male,Single,Bachelor’s,Public,Assistant programmer ,0–2,Permanent,41–50,1–2 hours,4,2,5,3,4,4,3,4,3,2,3,4,4,4,4,3,4,3,5,4,4,4,3,3,3,5,1,3,1,2,4,"Lack of time, Lack of financial security, Family responsibilities, Fear of risk/failure, Lack of skills","Supportive boss/organization, Financial savings, Networks and contacts, Access to resources (labs, tools, internet, etc.), Motivation/passion",,,,,
9/14/2025 22:25:33,Yes,26–30,Male,Married,Master’s,Public,Senior Officer,0–2,Permanent,30–40,1–2 hours,3,4,5,4,3,4,4,3,3,2,4,4,4,3,2,3,5,5,5,3,4,3,2,3,3,5,2,2,2,3,3,"Lack of time, Lack of financial security, Family responsibilities, Fear of risk/failure, Lack of skills","Supportive boss/organization, Financial savings, Skills and knowledge from current job, Networks and contacts, Access to resources (labs, tools, internet, etc.), Motivation/passion",Encouraging me to take new marketing ideas for productivity.,Skilled workers needed,Stepping stone,,
9/14/2025 22:44:49,Yes,26–30,Male,Single,Master’s,Education,Research Fellow,0–2,Contract,Less than 30,1–2 hours,3,4,3,4,3,3,4,3,4,5,2,3,5,5,5,2,3,1,1,4,1,3,4,2,1,1,2,3,3,2,2,"Lack of financial security, Family responsibilities, Unsupportive organization","Skills and knowledge from current job, Networks and contacts, Access to resources (labs, tools, internet, etc.), Motivation/passion",,,,,
9/14/2025 23:24:23,Yes,26–30,Male,Single,Bachelor’s,Private,Junior Engineer ,3–5,Contract,30–40,"30–60 mins,",3,4,3,4,3,3,3,2,2,2,3,4,3,2,2,3,4,4,3,2,4,3,2,2,3,2,2,3,4,3,3,"Lack of time, Lack of financial security, Family responsibilities","Supportive boss/organization, Financial savings, Skills and knowledge from current job, Networks and contacts, Access to resources (labs, tools, internet, etc.), Motivation/passion",,,,,
9/14/2025 23:25:20,Yes,31–35,Male,Single,Master’s,Private,Assistant Professor,6–10,Permanent,30–40,More than 2 hours,2,5,3,2,2,1,1,1,1,1,3,3,2,1,2,2,5,4,4,2,5,2,1,4,4,5,3,2,4,4,4,"Lack of time, Lack of financial security, Family responsibilities, Fear of risk/failure, Unsupportive organization","Skills and knowledge from current job, Networks and contacts, Access to resources (labs, tools, internet, etc.), Motivation/passion",There are lot of limitations and insecurity in my job. This motivated myself.,They need to more creative and open-minded.,Constraint. They forced me to do old repetitive works.,,
9/14/2025 23:48:28,Yes,18-25,Male,Single,Bachelor’s,Education,Labaid MTO program,0–2,Part-time,30–40,Less than 30 mins,4,4,5,5,4,4,4,4,5,4,4,4,3,2,2,3,3,4,4,4,3,4,4,1,4,5,4,4,4,4,4,"Lack of time, Lack of financial security, Family responsibilities, Fear of risk/failure","Networks and contacts, Access to resources (labs, tools, internet, etc.), Motivation/passion",,,,,
9/15/2025 0:04:47,Yes,26–30,Female,Married,Bachelor’s,Tech,Assistant Manager ,3–5,Permanent,30–40,"30–60 mins,",3,3,4,4,3,4,5,4,3,5,3,4,5,5,5,5,5,5,5,3,2,5,5,5,3,5,1,1,2,5,5,"Lack of time, Fear of risk/failure","Financial savings, Skills and knowledge from current job, Networks and contacts",By providing better remuneration and helping new skills.,Providing freedom in some work field.,No . I don’t ,,
9/15/2025 0:06:33,Yes,18-25,Male,Single,Bachelor’s,Private,IT Intern,0–2,Part-time,Less than 30,1–2 hours,5,2,5,5,5,4,5,5,1,5,5,5,3,2,2,5,5,4,3,3,4,4,5,4,3,4,4,1,1,5,4,Lack of financial security,"Supportive boss/organization, Skills and knowledge from current job, Networks and contacts, Access to resources (labs, tools, internet, etc.), Motivation/passion",My job is willing to fund ideas without expecting a fully working final product. This gives me the independence to experiment and innovate without being bound. ,It's almost perfect. The location is a bit far from my home tho,"I view it almost like a stepping stone but not quite. It helps me with my creativity and ideas to be brought to life, which is training me for my future studies with real life experience. I might just stay here if destiny allows. ",,
9/15/2025 0:08:57,Yes,41–50,Male,Married,Master’s,Education,Associate ,16+,Permanent,30–40,"30–60 mins,",2,2,1,1,3,1,4,2,2,2,4,4,4,4,4,4,2,2,2,2,3,4,2,3,3,1,3,2,4,2,2,"Lack of financial security, Family responsibilities","Skills and knowledge from current job, Networks and contacts, Access to resources (labs, tools, internet, etc.)",Incares ,Creative ,Constraints due professional ,,
9/15/2025 0:53:59,Yes,26–30,Female,Married,Master’s,Education,Lecturer ,3–5,Permanent,30–40,Less than 30 mins,1,1,3,4,1,1,1,1,1,5,1,3,3,2,2,1,3,3,3,3,3,1,1,5,1,3,1,1,3,3,3,"Lack of time, Lack of financial security, Family responsibilities, Fear of risk/failure, Unsupportive organization","Supportive boss/organization, Access to resources (labs, tools, internet, etc.), Motivation/passion",,,,,
9/15/2025 7:18:45,Yes,26–30,Male,Married,Master’s,Private,Lecturer,0–2,Permanent,30–40,Less than 30 mins,3,5,4,3,3,4,4,3,4,4,3,4,4,4,2,3,5,4,4,4,4,4,2,2,2,2,2,4,3,4,3,"Lack of time, Lack of financial security, Family responsibilities","Supportive boss/organization, Skills and knowledge from current job, Networks and contacts",Pasw,Pass,Pass,,
9/15/2025 9:21:35,Yes,31–35,Female,Married,PhD+=,Private,Assistant professor,0–2,Permanent,41–50,Less than 30 mins,1,1,3,2,1,5,1,1,5,5,5,2,2,1,1,3,2,1,1,1,1,3,1,1,1,4,3,1,1,1,1,"Lack of time, Lack of financial security, Family responsibilities, Fear of risk/failure, Unsupportive organization, Lack of skills","Supportive boss/organization, Financial savings, Skills and knowledge from current job, Networks and contacts, Access to resources (labs, tools, internet, etc.), Motivation/passion",i dont get any flexibility in my work,Give opportunities in work independency,Limitation in decission making is the constraint and time bounding is the main reson for job unlikeliness,,
9/15/2025 9:50:44,Yes,26–30,Female,Single,Master’s,Education,Assistant Professor ,6–10,Permanent,30–40,Less than 30 mins,1,2,3,2,1,2,2,2,4,4,3,5,3,2,4,2,4,4,5,4,3,4,2,1,1,5,3,3,3,5,4,"Lack of time, Lack of financial security, Unsupportive organization","Networks and contacts, Access to resources (labs, tools, internet, etc.), Motivation/passion",,Skill enhancement training ,Not fully!,,
9/15/2025 10:59:30,Yes,31–35,Male,Single,Bachelor’s,Private,Senior engineer ,6–10,Permanent,41–50,More than 2 hours,5,5,3,5,3,4,5,5,5,5,3,3,2,1,2,2,2,2,2,2,2,2,2,2,2,2,2,2,2,2,2,"Lack of time, Lack of financial security, Fear of risk/failure",Networks and contacts,N/a,N/a,N/a,,
9/15/2025 11:49:50,Yes,31–35,Male,Married,Bachelor’s,Tech,Programmer,6–10,Permanent,30–40,Less than 30 mins,1,4,2,3,2,2,3,3,3,3,3,2,3,2,3,3,2,2,3,3,3,3,2,3,2,2,2,2,2,2,3,"Lack of time, Family responsibilities, Fear of risk/failure, Unsupportive organization","Supportive boss/organization, Networks and contacts, Access to resources (labs, tools, internet, etc.), Motivation/passion",,,,,
9/15/2025 14:26:30,Yes,26–30,Male,Single,Bachelor’s,Other,Freelance,0–2,Freelance,Less than 30,More than 2 hours,4,4,5,3,4,5,5,5,5,4,4,4,3,4,5,4,4,5,5,5,5,5,4,5,4,4,4,4,5,4,4,"Lack of financial security, Fear of risk/failure","Skills and knowledge from current job, Networks and contacts, Access to resources (labs, tools, internet, etc.), Motivation/passion",My job’s forced me to get creative and figure things out on the fly. That’s what’s made me confident enough to chase ideas and work on my own.,"If there were fewer hoops to jump through and clearer priorities, I’d have more space to try new things. Knowing the team has my back even if an idea flops would make me bolder and more independent.","I see it as a stepping stone because it’s helping me learn and grow, so I can take on bigger things later.",,
9/15/2025 15:14:06,Yes,18-25,Male,Married,Bachelor’s,Tech,Web developer ,3–5,Freelance,Less than 30,"30–60 mins,",5,5,3,5,5,5,5,5,2,5,5,5,5,5,4,5,4,4,5,5,5,5,5,5,5,5,5,5,2,5,5,Family responsibilities,Skills and knowledge from current job,,,,,
9/15/2025 15:29:24,Yes,31–35,Male,Married,Bachelor’s,Private,Senior Software Engineer,6–10,Permanent,41–50,1–2 hours,5,2,5,5,5,5,5,5,2,3,4,4,4,4,4,5,5,3,3,5,4,5,5,3,3,3,1,1,1,5,5,Family responsibilities,"Supportive boss/organization, Financial savings, Skills and knowledge from current job, Networks and contacts, Access to resources (labs, tools, internet, etc.), Motivation/passion","My job has played a big role in shaping my ability to innovate and think independently. Working with international clients, especially from Europe and America, has exposed me to higher standards, structured processes, and modern tools that are often missing in many local companies in Bangladesh. This environment encourages creativity, problem-solving, and accountability rather than simply following instructions.  In local companies, the focus can sometimes be more on short-term delivery and less on innovation or autonomy. But in my work, I’ve had the freedom to propose new ideas, improve workflows, and experiment with solutions that add real value for clients. This independence has not only improved my confidence but also given me a mindset where I look for long-term impact instead of just quick results.  Overall, my role has helped me bridge cultures and standards, learn from global best practices, and bring that knowledge back into my own work, something that sets me apart in the Bangladeshi job market.","One big change that would help me be more creative and independent is financial security. In Bangladesh, most jobs don’t pay enough to allow true financial independence, which makes people focus more on survival than on innovation. If organizations here invested more in fair pay and long-term growth opportunities, employees could take risks, explore new ideas, and contribute beyond just meeting deadlines.  Another change would be giving employees more ownership and trust. In many local companies, decisions are often top-down, which limits creativity. On the other hand, when I’ve worked with clients from Europe and America, I’ve noticed they encourage open discussion, value individual input, and give space to experiment. Bringing that culture here would unlock a lot of hidden talent.","I see my job as a stepping stone rather than a constraint. In a country like Bangladesh, financial stability is not something many of us are born into, it’s something we have to build slowly. There are always responsibilities and the pressure of taking care of family, which is deeply rooted in our culture. That makes it difficult to take big risks or fully dedicate yourself to groundbreaking innovation from the very start.  For me, a job provides the foundation, a way to gain stability, learn, and grow. Once that foundation is secure, it creates the space and confidence to pursue more independent and innovative paths. In that sense, my job isn’t just a paycheck; it’s a stepping stone toward the freedom to create something bigger in the future.",,
9/16/2025 0:32:30,Yes,31–35,Male,Married,Master’s,Public,Assistant Professor,6–10,Permanent,30–40,Less than 30 mins,5,5,5,5,5,5,3,4,2,4,5,5,3,1,2,3,5,4,4,4,4,4,4,2,3,3,4,3,2,3,3,"Lack of time, Lack of financial security, Family responsibilities, Fear of risk/failure, Lack of skills","Supportive boss/organization, Skills and knowledge from current job",,,,,
9/16/2025 12:17:53,Yes,31–35,Male,Married,PhD+=,Education,PhD Candidate ,6–10,Permanent,30–40,"30–60 mins,",4,1,4,4,3,2,3,4,4,3,3,4,4,3,4,4,4,4,4,4,4,3,3,4,4,4,4,4,4,4,4,"Lack of financial security, Fear of risk/failure","Supportive boss/organization, Skills and knowledge from current job, Networks and contacts, Access to resources (labs, tools, internet, etc.), Motivation/passion",Greatly ,Time Management ,Stepping Stone,,
9/16/2025 12:41:06,Yes,26–30,Male,Single,Master’s,Education,Lecturer,0–2,Contract,Less than 30,"30–60 mins,",4,2,5,3,3,3,2,3,4,2,2,3,3,3,2,2,5,5,5,3,5,4,2,4,5,5,4,3,3,3,3,"Lack of financial security, Fear of risk/failure",Supportive boss/organization,It hasn’t changed much. The problem is to do with the country,More allotment and renumeration for research ,Middle of two. Because there is no restriction to stay 9-5  but there is also not enough compensation for creative works,,
9/19/2025 22:40:15,Yes,41–50,Male,Married,PhD+=,Education,Assistant Professor ,16+,Permanent,Less than 30,"30–60 mins,",3,2,4,2,2,2,2,4,4,2,3,4,4,4,2,4,4,4,4,4,2,2,2,2,2,4,2,2,2,4,4,"Family responsibilities, Fear of risk/failure, Unsupportive organization, Lack of skills","Networks and contacts, Access to resources (labs, tools, internet, etc.), Motivation/passion",No,Dynamic management ,Stepping stone because of gaining experience; constraint because of comfort zone,,
9/19/2025 23:19:02,Yes,18-25,Male,Single,Bachelor’s,Education,Lecturer ,0–2,Contract,30–40,1–2 hours,4,4,3,2,2,2,2,2,2,4,3,4,3,2,2,4,5,5,5,2,4,3,3,4,4,4,2,2,3,4,4,"Lack of time, Lack of financial security, Family responsibilities","Skills and knowledge from current job, Networks and contacts, Access to resources (labs, tools, internet, etc.)",By exposing me to new environment and situations.,It would help if my organization valued my ideas or opinions.,I consider it as a stepping stone. Because it gives me a platform to grow in my respective field.,,
9/23/2025 9:00:55,Yes,36–40,Female,Married,Master’s,Education,Associate Professor ,11–15,Permanent,41–50,1–2 hours,3,2,4,3,4,2,2,4,4,3,2,2,2,1,2,3,5,5,5,4,3,5,2,2,2,5,2,2,2,4,3,"Lack of financial security, Fear of risk/failure, Unsupportive organization, Lack of skills","Supportive boss/organization, Financial savings, Skills and knowledge from current job, Networks and contacts, Motivation/passion",Take give pressure for.new idea but not implementation that,"Give me monetary benefit,designation and authority power",Constraint,,
9/30/2025 9:05:47,Yes,26–30,Male,Married,Master’s,Education,Lecturer,6–10,Permanent,30–40,More than 2 hours,3,4,3,3,3,2,2,4,3,3,4,3,4,3,1,2,3,2,2,2,1,1,1,1,1,1,1,1,1,5,3,"Lack of time, Lack of financial security, Family responsibilities, Fear of risk/failure","Supportive boss/organization, Skills and knowledge from current job, Networks and contacts, Access to resources (labs, tools, internet, etc.), Motivation/passion",,,,,
9/30/2025 9:29:37,Yes,31–35,Male,Single,Bachelor’s,Private,Lecturer ,3–5,Permanent,30–40,"30–60 mins,",3,5,2,1,1,1,1,1,5,1,1,1,1,2,1,1,5,5,3,4,4,3,1,2,2,4,1,5,5,1,1,"Lack of time, Lack of financial security, Fear of risk/failure, Unsupportive organization",Skills and knowledge from current job,No. The organization works following archaic strategies which do not contribute to innovation. ,The leaders should speak up against any injustices and promote creativity. ,Definitely a constraint.,,
10/1/2025 15:58:52,Yes,51+,Male,Married,PhD+=,Education,Professor ,16+,Permanent,41–50,More than 2 hours,4,3,5,5,4,4,4,4,3,4,3,4,3,1,3,4,3,3,3,4,4,3,4,3,3,4,3,2,3,2,2,"Lack of time, Lack of financial security, Family responsibilities","Networks and contacts, Access to resources (labs, tools, internet, etc.)",Moderate,Raising salary,Moderate.,,
10/1/2025 18:13:47,Yes,41–50,Female,Married,Master’s,Education,Assistant Professor ,11–15,Permanent,30–40,More than 2 hours,3,4,3,3,2,2,3,3,5,3,3,3,4,3,3,3,5,4,3,3,4,4,2,4,2,3,2,2,4,2,3,"Lack of time, Family responsibilities",Motivation/passion,  My students inspire me a lot.,If the organigation reduce work load and time,Stepping stone.Because it gives me opportunity to study further.,,
10/1/2025 21:53:04,Yes,41–50,Female,Married,PhD+=,Private,Assistant professor,6–10,Permanent,30–40,1–2 hours,4,4,5,5,4,4,5,3,5,5,4,4,5,3,1,4,5,1,4,1,4,3,4,5,4,5,5,4,5,5,5,Family responsibilities,Skills and knowledge from current job,Yes,Flexible ,No,,
10/2/2025 13:34:35,Yes,26–30,Male,Single,Master’s,Education,Lecturer ,0–2,Permanent,30–40,1–2 hours,2,3,3,3,3,2,2,2,3,3,2,2,2,2,3,2,1,2,2,1,1,3,4,2,3,3,3,4,4,2,2,"Lack of time, Family responsibilities","Financial savings, Skills and knowledge from current job, Networks and contacts, Access to resources (labs, tools, internet, etc.)",,,,,
10/2/2025 20:44:35,Yes,51+,Male,Married,PhD+=,Education,Associate Professor,16+,Permanent,41–50,1–2 hours,4,4,4,4,3,4,3,3,3,3,3,3,4,3,2,4,4,5,4,4,4,3,3,1,2,2,1,4,3,4,3,"Lack of time, Lack of financial security","Supportive boss/organization, Skills and knowledge from current job, Access to resources (labs, tools, internet, etc.), Motivation/passion",....,more flexibility,no,,
10/3/2025 10:07:40,Yes,26–30,Male,Single,Bachelor’s,Education,Lecturer ,0–2,Permanent,30–40,"30–60 mins,",1,5,4,1,1,3,2,1,5,3,4,5,1,1,1,3,4,4,4,5,1,4,2,1,1,3,2,5,3,5,5,Lack of financial security,"Skills and knowledge from current job, Networks and contacts",,,,,
10/4/2025 10:09:16,Yes,26–30,Female,Married,Master’s,Private,Lecturer ,0–2,Permanent,30–40,Less than 30 mins,2,3,1,3,1,1,1,1,1,1,1,1,1,1,1,1,1,1,1,1,1,1,1,1,1,1,1,1,1,1,1,"Lack of time, Lack of financial security, Fear of risk/failure, Unsupportive organization",Financial savings,,,,,
11/3/2025 9:35:57,,,Male,Single,Bachelor’s,Private,Sales executive ,6–10,Permanent,30–40,Less than 30 mins,2,3,4,4,3,2,4,5,4,4,5,4,5,4,5,4,3,4,4,5,5,3,3,4,4,5,5,4,5,4,5,Lack of time,Skills and knowledge from current job,,,,26–30,
11/5/2025 21:23:07,,,Male,Married,Master’s,Private,Junior officer ,3–5,Permanent,30–40,"30–60 mins,",4,4,5,5,4,3,4,4,5,2,5,4,3,2,4,4,4,4,5,5,5,4,2,2,4,4,5,5,5,4,4,Family responsibilities,Financial savings,No Idea,,,31–35,
11/5/2025 21:25:50,,,Female,Married,Bachelor’s,Healthcare,Nurse,6–10,Contract,30–40,Less than 30 mins,4,4,1,1,4,5,5,4,4,5,3,4,4,5,3,4,5,5,5,4,1,1,2,4,4,5,5,4,3,4,5,Family responsibilities,Financial savings,,,,31–35,
11/5/2025 21:28:13,,,Male,Single,Bachelor’s,Private,Sales man,6–10,Contract,41–50,Less than 30 mins,1,1,2,3,1,1,4,4,1,1,1,1,2,2,3,4,4,4,4,2,1,1,1,3,3,4,4,3,1,1,4,Lack of financial security,Skills and knowledge from current job,,,,18-25,
11/5/2025 21:30:07,,,Male,Single,HSC,Private,Sales man,6–10,Contract,30–40,Less than 30 mins,1,1,1,2,3,4,4,1,3,4,1,1,3,4,4,4,2,2,3,4,5,4,3,3,4,4,4,4,5,4,1,Lack of time,"Supportive boss/organization, Financial savings",,,,26–30,
11/5/2025 21:32:57,,,Male,Married,Bachelor’s,Education,Teacher,0–2,Part-time,Less than 30,Less than 30 mins,4,4,4,5,5,3,4,5,5,5,4,4,2,4,5,4,5,5,5,3,3,1,1,2,1,2,2,4,4,5,5,Lack of time,"Financial savings, Motivation/passion",,,,31–35,
11/5/2025 21:34:55,,,Male,Married,Master’s,Private,Admin manager ,11–15,Permanent,30–40,Less than 30 mins,4,3,3,4,4,1,3,3,4,1,2,2,5,5,4,4,1,2,3,3,5,4,4,4,5,5,5,3,2,3,1,"Lack of time, Lack of financial security, Family responsibilities","Supportive boss/organization, Financial savings, Skills and knowledge from current job",,,,36–40,
11/5/2025 21:36:37,,,Female,Single,HSC,Healthcare,Nurse,3–5,Contract,Less than 30,Less than 30 mins,1,2,3,3,4,5,5,4,4,3,3,3,4,4,5,5,1,2,1,3,3,5,5,4,4,5,5,4,4,3,3,"Lack of financial security, Family responsibilities","Supportive boss/organization, Financial savings",,,,18-25,
11/6/2025 17:12:13,,,Male,Married,Master’s,Public,Principle officer ,11–15,Permanent,30–40,Less than 30 mins,1,4,2,4,4,5,2,4,4,5,1,4,5,5,4,4,5,4,5,4,5,4,5,4,5,1,1,4,4,4,3,"Lack of time, Family responsibilities, Fear of risk/failure","Supportive boss/organization, Financial savings, Skills and knowledge from current job",,,,36–40,
11/6/2025 17:23:03,,,Female,Married,Bachelor’s,Private,Teacher,3–5,Part-time,Less than 30,Less than 30 mins,2,2,3,4,4,3,2,1,3,4,4,4,4,3,4,4,5,4,4,5,2,5,5,1,2,1,2,5,4,5,5,"Lack of time, Lack of financial security, Family responsibilities","Supportive boss/organization, Financial savings, Skills and knowledge from current job",,,,31–35,
11/6/2025 17:26:51,,,Male,Single,Bachelor’s,Healthcare,Cash Officer,0–2,Permanent,30–40,Less than 30 mins,2,3,3,2,2,4,4,5,5,5,4,4,5,5,2,2,5,5,4,4,5,5,4,5,5,5,4,3,2,3,4,"Lack of time, Lack of financial security, Family responsibilities","Supportive boss/organization, Financial savings, Skills and knowledge from current job",,,,26–30,
11/6/2025 17:29:12,,,Male,Married,Master’s,Private,Assistant manager,3–5,Permanent,30–40,"30–60 mins,",2,3,1,4,4,5,5,4,5,3,4,4,5,1,1,2,3,3,4,5,4,2,2,3,4,4,5,5,4,4,5,Family responsibilities,"Financial savings, Skills and knowledge from current job",,,,36–40,
11/6/2025 17:31:26,,,Female,Married,HSC,Private,Nurse,3–5,Permanent,Less than 30,"30–60 mins,",5,5,4,5,4,5,4,5,5,3,2,5,5,3,3,2,1,2,4,4,5,2,2,4,4,5,5,3,4,5,4,"Lack of time, Lack of financial security, Family responsibilities, Fear of risk/failure",Financial savings,,,,31–35,
11/6/2025 18:22:48,,,Male,Single,Bachelor’s,Garments,Supervisor ,3–5,Permanent,30–40,Less than 30 mins,1,1,1,2,3,2,3,4,4,5,1,1,3,3,4,5,1,3,3,4,5,4,5,4,4,4,4,4,5,5,1,"Lack of financial security, Family responsibilities",Financial savings,,,,18-25,
11/6/2025 18:24:40,,,Female,Married,Bachelor’s,Private,Fashion designer ,3–5,Permanent,30–40,Less than 30 mins,5,5,4,5,1,2,5,5,4,4,4,4,4,1,2,3,5,5,4,5,5,2,2,4,4,4,5,5,4,4,5,"Lack of financial security, Family responsibilities","Financial savings, Skills and knowledge from current job, Networks and contacts",,,,26–30,
11/6/2025 18:26:37,,,Male,Married,Master’s,Education,Lecturer ,3–5,Permanent,30–40,Less than 30 mins,4,4,5,4,5,3,3,1,1,3,2,2,1,3,2,4,1,2,5,5,4,2,4,4,4,5,5,5,4,3,2,"Lack of time, Lack of financial security","Financial savings, Skills and knowledge from current job",,,,31–35,
11/6/2025 18:31:55,,,Male,Married,Bachelor’s,Public,Senior Teacher ,6–10,Permanent,30–40,"30–60 mins,",5,4,4,5,5,4,1,1,3,3,1,2,2,1,3,4,4,4,5,5,3,2,3,4,4,5,3,4,5,5,4,"Lack of time, Family responsibilities","Supportive boss/organization, Financial savings, Skills and knowledge from current job, Networks and contacts, Access to resources (labs, tools, internet, etc.)",,,,36–40,
11/8/2025 23:03:39,,,Female,Widowed,Master’s,Education,Associate professor ,11–15,Permanent,30–40,"30–60 mins,",4,4,4,4,4,3,4,4,2,2,4,4,4,3,3,4,4,4,5,4,4,4,4,4,4,4,2,4,4,4,4,"Lack of financial security, Family responsibilities","Skills and knowledge from current job, Networks and contacts",,,,41–50,
11/14/2025 17:14:51,,,Female,Married,Bachelor’s,Garments,Teacher,6–10,Permanent,30–40,Less than 30 mins,1,1,4,4,4,1,4,1,2,2,4,4,2,2,2,4,5,1,1,5,5,2,2,4,4,5,5,4,1,2,2,"Lack of time, Lack of financial security, Family responsibilities",Financial savings,,,,31–35,
11/14/2025 17:16:27,,,Male,Married,Master’s,Private,Manager ,11–15,Permanent,30–40,"30–60 mins,",4,4,2,4,4,2,4,4,2,2,2,2,1,1,4,4,1,1,4,4,2,1,1,5,5,4,4,2,2,5,5,Lack of financial security,"Financial savings, Skills and knowledge from current job",,,,41–50,
11/14/2025 17:18:10,,,Male,Single,Bachelor’s,NGO,Departmental chief ,3–5,Permanent,30–40,Less than 30 mins,4,4,4,4,2,5,5,2,1,1,2,4,4,4,2,2,5,5,5,4,2,5,5,5,2,2,4,2,4,5,5,Lack of time,"Financial savings, Skills and knowledge from current job",,,,31–35,
11/14/2025 17:19:31,,,Male,Single,HSC,Garments,Supervisor ,0–2,Contract,Less than 30,Less than 30 mins,1,1,1,2,3,3,4,3,3,2,2,2,5,5,2,5,1,1,2,4,4,5,4,2,2,5,5,4,2,2,2,Lack of time,Supportive boss/organization,,,,18-25,
11/14/2025 17:21:12,,,Female,Married,Bachelor’s,Private,Teacher,0–2,Contract,30–40,Less than 30 mins,4,2,2,5,5,2,2,4,4,2,5,5,5,2,3,3,5,4,3,3,2,5,4,2,2,3,3,2,2,2,3,"Lack of time, Lack of financial security, Family responsibilities, Fear of risk/failure, Unsupportive organization, Lack of skills","Supportive boss/organization, Financial savings",,,,36–40,
11/14/2025 17:23:07,,,Male,Single,Bachelor’s,Private,Executive Officer ,3–5,Permanent,41–50,Less than 30 mins,4,4,4,3,3,2,4,4,4,2,4,2,4,4,2,4,2,2,4,4,3,5,1,1,4,4,3,3,3,2,2,"Lack of time, Lack of financial security, Lack of skills",Financial savings,,,,31–35,
11/14/2025 23:02:18,,,Male,Married,Bachelor’s,Private,Graphic Designer,0–2,Contract,30–40,Less than 30 mins,3,3,2,2,4,4,4,3,2,2,4,4,4,3,3,2,4,2,3,3,5,5,5,4,2,2,3,4,4,2,2,"Lack of time, Unsupportive organization","Supportive boss/organization, Financial savings",,,,31–35,
11/14/2025 23:04:05,,,Female,Married,Bachelor’s,Public,General manager ,11–15,Permanent,30–40,1–2 hours,4,4,3,2,4,4,4,2,4,2,5,5,4,4,2,2,4,4,2,2,4,2,2,4,5,5,3,2,4,2,2,Lack of time,Financial savings,,,,36–40,
11/14/2025 23:05:54,,,Male,Married,HSC,Garments,Worker,0–2,Contract,41–50,"30–60 mins,",3,3,3,1,1,1,3,3,4,3,4,4,3,3,2,2,4,4,3,3,3,4,4,3,3,2,4,4,4,3,5,Lack of time,"Supportive boss/organization, Financial savings, Skills and knowledge from current job",,,,31–35,
11/14/2025 23:09:18,,,Male,Single,Bachelor’s,Public,Junior accounting officer ,0–2,Permanent,41–50,1–2 hours,4,4,2,4,4,4,3,4,4,5,5,5,4,3,3,4,4,4,3,4,4,4,3,3,4,4,3,4,4,3,3,"Lack of time, Lack of financial security",Financial savings,,,,26–30,
11/14/2025 23:10:53,,,Male,Married,Master’s,Education,Lecturer,3–5,Permanent,30–40,Less than 30 mins,4,4,4,3,4,4,4,3,3,3,5,5,5,4,4,3,4,4,3,2,2,5,4,3,3,2,4,4,3,2,4,"Lack of time, Lack of financial security, Family responsibilities","Skills and knowledge from current job, Networks and contacts",,,,36–40,
11/14/2025 23:13:24,,,Male,Married,Master’s,Public,Zonal Principle officer ,11–15,Permanent,41–50,1–2 hours,4,4,3,3,2,4,4,3,2,4,4,4,3,3,4,4,4,3,3,5,5,4,4,3,5,5,4,3,4,4,4,Lack of time,"Supportive boss/organization, Financial savings",,,,41–50,
12/8/2025 21:54:56,,,Male,Single,SSC or Less,Private,Sales man,0–2,Contract,30–40,"30–60 mins,",3,3,5,5,1,4,4,3,3,3,3,2,2,5,5,2,2,2,4,4,3,3,2,4,5,5,1,1,1,4,4,Family responsibilities,Financial savings,,,,18-25,
12/8/2025 22:00:30,,,Male,Single,Bachelor’s,Public,Primary Teacher ,0–2,Permanent,30–40,"30–60 mins,",5,5,4,4,1,1,4,4,3,3,4,4,1,1,4,3,5,5,1,1,4,4,4,4,3,3,3,2,2,1,1,"Lack of time, Lack of financial security, Family responsibilities","Financial savings, Skills and knowledge from current job",,,,18-25,
12/8/2025 23:07:13,,,Male,Married,Bachelor’s,Private,Junior officer,3–5,Permanent,Less than 30,"30–60 mins,",2,2,2,3,1,4,5,4,4,4,4,4,4,2,2,2,3,2,3,4,4,4,3,1,1,2,2,4,4,3,3,"Lack of time, Lack of financial security, Family responsibilities","Supportive boss/organization, Financial savings",,,,31–35,
12/8/2025 23:08:47,,,Male,Married,Bachelor’s,Education,Teacher,0–2,Permanent,30–40,"30–60 mins,",1,4,5,5,4,4,4,4,3,1,2,3,3,4,4,3,2,1,2,3,1,1,3,3,3,4,5,4,3,3,2,"Lack of time, Family responsibilities","Supportive boss/organization, Skills and knowledge from current job",,,,26–30,
12/8/2025 23:10:30,,,Male,Married,Master’s,Education,Teacher,6–10,Permanent,30–40,"30–60 mins,",3,3,1,2,2,2,1,3,5,5,1,4,4,3,3,5,2,3,4,5,3,3,4,4,2,3,3,3,4,4,2,"Lack of time, Lack of financial security, Family responsibilities, Fear of risk/failure","Supportive boss/organization, Financial savings, Skills and knowledge from current job",,,,36–40,
12/8/2025 23:12:18,,,Male,Married,Bachelor’s,Public,Banker,3–5,Permanent,30–40,"30–60 mins,",2,2,3,3,3,1,2,4,4,5,1,2,4,4,5,1,2,3,3,1,4,1,3,3,3,4,4,5,1,5,5,"Lack of time, Lack of financial security, Family responsibilities","Supportive boss/organization, Financial savings, Skills and knowledge from current job, Motivation/passion",,,,31–35,
12/8/2025 23:13:53,,,Female,Married,Bachelor’s,Private,Junior executive ,0–2,Permanent,30–40,"30–60 mins,",2,2,2,3,3,5,5,4,4,2,1,1,2,5,2,3,3,2,4,5,5,2,2,3,4,5,2,5,5,1,5,"Lack of time, Lack of financial security",Financial savings,,,,18-25,
12/9/2025 6:43:30,,,Male,Married,Bachelor’s,Finance,Supervisor ,0–2,Part-time,30–40,1–2 hours,1,3,3,4,1,4,2,4,4,5,5,2,4,3,2,1,3,5,3,5,1,1,2,4,1,2,1,3,5,4,1,Lack of skills,"Supportive boss/organization, Skills and knowledge from current job",My job leaves me little creative enargy. ,I need fewer repetitive tasks.,Feels like a constraint for now. ,31–35,
12/9/2025 15:35:22,,,Female,Single,SSC or Less,Garments,Worker,3–5,Permanent,30–40,Less than 30 mins,1,2,2,5,4,3,3,3,3,2,2,4,2,5,4,5,2,4,2,2,5,1,5,5,1,2,3,3,3,2,2,"Lack of financial security, Family responsibilities, Fear of risk/failure","Supportive boss/organization, Skills and knowledge from current job, Networks and contacts",,,,18-25,
12/9/2025 15:37:23,,,Male,Married,Master’s,Private,Manager,11–15,Permanent,Less than 30,"30–60 mins,",4,5,3,2,3,3,2,2,5,5,3,4,5,3,3,4,2,5,4,4,2,1,3,4,3,2,2,4,5,5,3,"Lack of financial security, Fear of risk/failure, Unsupportive organization, Lack of skills","Financial savings, Skills and knowledge from current job, Motivation/passion",,,,41–50,
12/9/2025 15:39:58,,,Male,Married,Bachelor’s,Private,Sales executive ,6–10,Permanent,30–40,"30–60 mins,",5,3,4,3,4,2,2,4,5,5,4,5,5,4,1,3,3,3,5,2,4,5,5,2,3,5,5,1,4,4,3,"Lack of time, Fear of risk/failure","Financial savings, Skills and knowledge from current job",,,,31–35,
12/9/2025 15:42:31,,,Male,Married,Bachelor’s,Education,Teacher,3–5,Part-time,Less than 30,"30–60 mins,",4,2,2,1,1,3,3,3,4,4,5,5,4,3,2,2,5,2,2,4,4,3,2,4,2,5,3,5,4,1,3,"Lack of financial security, Family responsibilities","Supportive boss/organization, Financial savings",,,,26–30,
12/9/2025 15:44:09,,,Male,Married,Master’s,Public,Head master,11–15,Permanent,41–50,Less than 30 mins,4,1,2,1,2,4,3,3,5,2,2,4,3,2,4,2,1,4,3,3,3,1,4,5,5,3,3,2,3,3,3,"Lack of time, Lack of financial security, Family responsibilities","Supportive boss/organization, Financial savings, Skills and knowledge from current job",,,,41–50,
12/9/2025 15:46:04,,,Female,Married,Bachelor’s,Private,Teacher,0–2,Permanent,30–40,More than 2 hours,2,1,1,2,3,3,5,4,4,3,3,2,4,4,4,3,1,3,4,4,5,2,4,3,3,5,4,5,2,2,2,"Lack of time, Lack of financial security, Fear of risk/failure","Financial savings, Skills and knowledge from current job",,,,26–30,
12/9/2025 15:49:40,,,Male,Married,HSC,Public,Army,3–5,Permanent,30–40,"30–60 mins,",3,4,2,4,5,3,2,3,4,2,2,4,3,2,3,5,3,3,4,4,1,4,3,5,5,4,2,2,4,3,2,"Lack of financial security, Family responsibilities","Supportive boss/organization, Financial savings",,,,26–30,
12/9/2025 15:52:06,,,Female,Single,HSC,Private,Sales representatives ,0–2,Contract,30–40,More than 2 hours,2,3,3,5,5,2,3,2,4,5,5,4,3,2,5,4,5,5,2,5,5,2,4,3,2,2,4,4,4,4,4,"Lack of time, Fear of risk/failure","Supportive boss/organization, Financial savings",,,,18-25,
12/9/2025 17:36:54,,,Male,Married,Bachelor’s,Public,Teacher,11–15,Permanent,30–40,"30–60 mins,",2,2,3,1,4,2,3,4,3,2,4,3,4,5,4,3,2,4,3,5,3,2,3,5,3,4,1,5,5,2,2,"Lack of financial security, Family responsibilities, Fear of risk/failure","Supportive boss/organization, Financial savings, Networks and contacts",,,,41–50,
12/9/2025 17:38:49,,,Male,Married,Bachelor’s,Private,Technical assistant,3–5,Contract,30–40,1–2 hours,2,2,3,4,4,1,4,4,3,1,1,3,4,4,3,1,2,3,4,4,3,1,1,4,5,5,1,3,2,2,1,"Lack of financial security, Family responsibilities","Financial savings, Skills and knowledge from current job, Networks and contacts",,,,26–30,
12/9/2025 17:40:43,,,Male,Married,Master’s,Education,Teacher,3–5,Permanent,41–50,"30–60 mins,",3,3,1,3,5,4,4,3,5,2,1,3,4,5,2,5,2,3,4,5,5,2,3,4,5,4,1,3,3,3,1,"Lack of time, Lack of financial security",Supportive boss/organization,,,,18-25,
12/9/2025 17:43:33,,,Male,Married,Bachelor’s,Public,Lecturer,3–5,Permanent,30–40,More than 2 hours,3,3,4,2,3,5,5,2,3,5,4,3,2,2,5,5,2,4,5,3,5,3,1,1,4,5,1,5,5,1,4,"Family responsibilities, Fear of risk/failure, Unsupportive organization","Financial savings, Skills and knowledge from current job",,,,36–40,
12/9/2025 17:46:32,,,Male,Divorced,Master’s,Private,Officer,6–10,Permanent,Less than 30,1–2 hours,3,3,2,2,4,4,3,5,3,5,1,2,4,5,4,4,1,2,3,4,4,2,4,5,4,2,3,4,5,5,1,"Family responsibilities, Fear of risk/failure, Unsupportive organization","Skills and knowledge from current job, Networks and contacts, Access to resources (labs, tools, internet, etc.)",,,,36–40,
12/9/2025 17:49:28,,,Male,Married,Master’s,NGO,Assistant executive ,6–10,Permanent,41–50,"30–60 mins,",2,3,3,4,5,5,5,1,1,3,3,2,5,3,5,5,3,4,4,3,5,3,3,2,5,4,4,2,4,3,2,"Lack of financial security, Family responsibilities, Fear of risk/failure, Lack of skills","Financial savings, Networks and contacts",,,,31–35,
12/9/2025 17:51:42,,,Female,Married,HSC,Private,Nurse,3–5,Permanent,41–50,1–2 hours,2,1,4,4,4,1,2,5,2,2,1,2,3,3,2,2,2,2,4,3,2,2,1,3,5,2,3,4,3,1,2,"Lack of financial security, Family responsibilities, Unsupportive organization","Supportive boss/organization, Financial savings",,,,26–30,
12/9/2025 17:53:21,,,Male,Single,SSC or Less,Private,Worker ,0–2,Permanent,Less than 30,1–2 hours,2,4,2,4,4,3,2,3,4,5,1,1,3,4,3,5,1,1,2,4,3,2,2,3,4,3,2,4,4,2,3,"Family responsibilities, Lack of skills","Skills and knowledge from current job, Networks and contacts",,,,26–30,
12/9/2025 20:12:39,,,Male,Single,Bachelor’s,Private,Senior officer,6–10,Permanent,Less than 30,Less than 30 mins,2,2,3,2,4,5,3,4,4,4,2,5,4,3,4,5,1,5,3,4,4,2,2,4,4,3,3,4,5,2,5,"Lack of financial security, Family responsibilities, Fear of risk/failure","Supportive boss/organization, Financial savings",,,,36–40,
12/9/2025 20:18:46,,,Female,Married,HSC,Private,Manager,11–15,Part-time,30–40,Less than 30 mins,3,2,5,4,3,1,5,4,2,3,4,4,4,5,5,5,4,3,2,5,4,4,4,4,3,5,5,5,5,4,4,"Lack of time, Lack of skills","Access to resources (labs, tools, internet, etc.)",Work Stress block my ideas. ,A slower pace would helps.,Mostly a constraint,36–40,
12/9/2025 20:27:29,,,Female,Married,HSC,Other,Sales officer,11–15,Part-time,30–40,Less than 30 mins,3,5,5,5,4,4,4,3,5,4,3,4,4,4,5,5,4,4,4,3,3,4,4,5,4,3,5,5,5,5,4,Family responsibilities,Financial savings,My job pushes me to think better.,I need more open discussion. ,Feels like a stepping stone. ,36–40,
12/9/2025 20:30:50,,,Male,Married,HSC,Private,IT officer,11–15,Permanent,30–40,"30–60 mins,",3,4,4,4,5,5,5,5,5,5,4,4,5,5,5,3,4,4,4,4,3,5,5,3,4,4,4,2,3,4,5,Lack of financial security,Supportive boss/organization,I got less time to think freely.,Reducing workload would help.,More like a constraint. ,36–40,
12/9/2025 20:34:00,,,Female,Married,Bachelor’s,NGO,Relationship manager ,11–15,Permanent,30–40,"30–60 mins,",5,4,4,5,5,4,4,3,2,5,5,5,5,4,3,5,4,4,3,5,5,4,4,3,5,5,5,5,4,4,4,"Lack of financial security, Family responsibilities",Supportive boss/organization,My job helps me gain confidence. ,I need more creative tasks. ,Mostly a stepping stone. ,31–35,
12/9/2025 20:37:36,,,Male,Married,Bachelor’s,Other,Manager ,16+,Permanent,30–40,"30–60 mins,",5,5,4,4,5,5,4,3,5,4,5,4,3,5,5,4,4,3,2,1,5,3,2,5,4,5,5,4,4,3,4,Family responsibilities,Financial savings,My job limits my free thinking. ,More freedom would improve things ,Feels like a constraint. ,41–50,
12/9/2025 20:41:13,,,Male,Married,Bachelor’s,Private,Banker ,16+,Permanent,30–40,"30–60 mins,",5,5,5,5,5,4,4,4,3,4,5,5,4,4,4,3,4,5,5,5,5,4,4,4,2,5,2,5,4,3,1,Family responsibilities,"Access to resources (labs, tools, internet, etc.)",My job teaches me practical things.,Better guidance would help me. ,More of a stepping stone.,51+,
12/9/2025 20:44:47,,,Female,Married,Master’s,Private,Banker,16+,Permanent,30–40,"30–60 mins,",5,5,4,4,3,5,4,3,2,1,5,5,4,3,4,5,3,5,4,5,5,4,3,5,4,4,5,5,5,4,4,Family responsibilities,Financial savings,My job keeps me to busy. ,I need fewer boring tasks. ,Mostly a constraint ,41–50,
12/9/2025 20:48:50,,,Female,Married,HSC,Other,Officer food quality ,11–15,Permanent,30–40,Less than 30 mins,5,4,4,4,3,5,4,4,5,4,5,4,4,4,4,5,5,5,5,4,4,5,5,4,4,4,5,5,4,5,5,"Lack of financial security, Lack of skills",Supportive boss/organization,My job gives me ideas some times. ,I need better communication at work. ,Feels more like a stepping stone ,41–50,
12/9/2025 21:34:31,,,Female,Married,Bachelor’s,Other,Manager,6–10,Permanent,30–40,"30–60 mins,",5,4,3,2,5,5,5,5,5,5,3,4,5,5,3,5,4,4,4,3,4,5,3,4,4,3,5,5,5,5,4,"Family responsibilities, Lack of skills","Access to resources (labs, tools, internet, etc.)",My job helps me grow slowly. ,I need more space to share ideas.,A constraint for me right now. ,31–35,
12/9/2025 21:38:40,,,Female,Married,Bachelor’s,Other,Manager,11–15,Permanent,30–40,"30–60 mins,",5,5,5,4,4,3,5,5,5,4,3,2,4,5,4,2,3,2,4,5,4,3,2,4,5,4,2,3,2,4,5,"Fear of risk/failure, Lack of skills",Motivation/passion,Too much pressure blocks my ideas.,I need fewer long taskes.,Mostly a constraint. ,31–35,
12/9/2025 21:43:03,,,Male,Married,Bachelor’s,Private,Banker ,6–10,Permanent,30–40,"30–60 mins,",3,5,5,5,5,4,4,4,5,5,3,5,5,4,4,3,5,5,5,4,4,2,4,4,4,3,5,5,5,4,3,Lack of financial security,"Financial savings, Access to resources (labs, tools, internet, etc.)",My job helps me thinks smartly.,I need better teamwork.,More of a stepping stone. ,31–35,
12/9/2025 21:46:16,,,Male,Married,Bachelor’s,Private,Manager ,16+,Permanent,30–40,"30–60 mins,",4,4,4,5,5,4,4,5,5,5,5,5,4,4,3,5,4,4,4,3,4,5,5,5,5,4,4,4,4,4,4,"Lack of time, Lack of financial security","Financial savings, Access to resources (labs, tools, internet, etc.)",My job takes most of my energy. ,Less workload would help.,Feels like a constraint. ,51+,
12/9/2025 21:50:11,,,Male,Married,Bachelor’s,SME,Officer ,16+,Permanent,30–40,"30–60 mins,",5,5,5,5,5,5,5,5,4,4,5,5,5,5,4,4,3,5,5,5,5,4,4,4,4,4,5,5,5,3,1,Unsupportive organization,Financial savings,My job gives me useful habits.,I need more flexible time.,Feels like a stepping stone. ,41–50,
12/9/2025 21:53:48,,,Male,Married,Master’s,Private,Banker,6–10,Permanent,Less than 30,"30–60 mins,",3,5,4,3,2,1,5,5,4,3,5,4,3,5,5,5,4,3,2,5,4,3,2,5,5,4,4,3,2,4,5,Fear of risk/failure,Financial savings,My job slowly builds my confidence. ,I need more space to try ideas. ,Mostly a stepping stone . ,31–35,
12/9/2025 21:56:54,,,Female,Married,Master’s,Education,Teacher ,6–10,Permanent,30–40,Less than 30 mins,4,4,5,5,4,5,5,5,5,5,3,4,5,5,5,5,4,4,5,5,5,3,2,5,4,3,2,1,5,4,2,Fear of risk/failure,Financial savings,My job gives me little creative tine.,I need lighter working hours.,More like a constraint. ,36–40,
12/9/2025 22:00:25,,,Female,Married,Master’s,Healthcare,Doctor,11–15,Contract,30–40,More than 2 hours,4,4,5,5,5,5,4,4,4,4,5,5,5,5,5,5,4,4,4,4,5,5,4,3,5,4,3,2,5,4,3,"Fear of risk/failure, Lack of skills",Financial savings,I learn useful thinks from my job.,More chances to learn would help.,Feels like a stepping stone. ,36–40,
12/9/2025 22:03:18,,,Female,Single,Bachelor’s,NGO,Manager ,3–5,Contract,30–40,"30–60 mins,",5,5,4,3,5,5,5,4,4,5,5,5,5,4,4,4,5,5,5,5,5,4,4,5,5,5,5,5,5,4,3,Family responsibilities,Financial savings,Workload keeps my mind too busy.,I need more breaks. ,Mostly a constant ,18-25,
12/9/2025 22:06:52,,,Female,Married,Bachelor’s,Private,Banker,6–10,Permanent,30–40,"30–60 mins,",3,5,4,4,4,5,4,5,3,2,4,4,3,5,5,4,4,4,5,5,4,4,4,5,5,4,3,3,3,5,2,"Lack of time, Lack of skills","Supportive boss/organization, Motivation/passion",My job helps me understand real skills.,I need more helpful guidance. ,Feels more like a stepping stone. ,36–40,
12/9/2025 22:10:08,,,Female,Married,Bachelor’s,Education,Teacher ,6–10,Permanent,30–40,Less than 30 mins,3,2,5,5,5,4,4,5,5,5,5,5,5,5,4,4,3,4,4,4,4,5,5,5,4,4,5,5,2,5,1,Fear of risk/failure,Motivation/passion,My jobs leaves little room for ideas. ,I need a friendilier office culture. ,Mostly a constraint for me. ,31–35,
12/9/2025 22:16:09,,,Male,Married,Master’s,Other,Marketing officer,6–10,Permanent,30–40,Less than 30 mins,2,5,5,5,4,3,4,5,5,5,5,3,5,5,4,4,4,5,4,4,4,2,5,4,4,4,4,5,5,5,4,"Lack of time, Lack of skills",Supportive boss/organization,My job helps me learn slowly.,I need better tools at work. ,Feels like a stepping stone. ,31–35,
12/9/2025 22:19:42,,,Male,Married,Bachelor’s,Education,Teacher ,3–5,Part-time,30–40,"30–60 mins,",4,4,5,5,4,4,4,3,4,4,5,4,3,2,5,2,5,5,5,5,3,5,4,2,4,5,5,5,5,4,5,Fear of risk/failure,Skills and knowledge from current job,Heavy workload kills my creativity.,I need shorter working hours. ,Mostly a constraint. ,26–30,
12/9/2025 22:22:24,,,Female,Married,Master’s,Education,Teacher ,6–10,Permanent,30–40,"30–60 mins,",3,4,4,3,3,1,2,3,3,4,1,3,3,4,4,4,4,4,4,5,5,2,3,4,4,3,2,5,4,2,3,Family responsibilities,Financial savings,My job gives me confidence over time.,More training change would help.,More of a stepping stone. ,31–35,
12/9/2025 22:25:10,,,Female,Married,Master’s,Public,Teacher,16+,Permanent,30–40,Less than 30 mins,5,4,5,5,4,4,3,3,2,3,1,1,5,4,2,3,2,2,2,4,5,3,4,5,3,1,3,3,4,5,3,Lack of skills,Supportive boss/organization,My job keeps me too occupied. ,I need less repetitive tasks.,Mostly a constraint. ,36–40,
12/9/2025 22:27:49,,,Male,Married,Bachelor’s,Finance,Supervisor ,0–2,Part-time,30–40,1–2 hours,4,4,3,4,4,4,2,5,3,4,3,5,4,1,5,4,2,4,5,4,4,3,3,3,4,2,5,2,2,4,4,Lack of skills,"Supportive boss/organization, Skills and knowledge from current job",My job leaves me little creative energy. ,I need fewer repetitive tasks. ,Feels like a constraint for now.,31–35,
12/9/2025 22:30:51,,,Male,Married,Master’s,Private,Doctor ,16+,Part-time,Less than 30,"30–60 mins,",4,5,4,5,5,5,4,3,3,5,5,5,3,4,4,4,3,2,1,3,3,4,5,3,5,5,4,4,4,4,4,Lack of financial security,"Access to resources (labs, tools, internet, etc.)",My job helps me think better. ,More chance to share ideas would help.,Feels like a stepping stone. ,51+,
12/9/2025 22:33:25,,,Male,Married,Master’s,Private,Doctor ,16+,Permanent,Less than 30,"30–60 mins,",2,4,4,4,4,5,5,4,4,5,5,5,5,4,5,4,5,5,4,2,4,4,4,5,5,4,3,5,5,3,4,"Lack of time, Lack of skills",Financial savings,Job pressure blocks new ideas.,I need a more relaxed environment. ,More like a constraint. ,51+,
12/9/2025 22:35:59,,,Female,Married,HSC,Healthcare,Nurse ,6–10,Permanent,30–40,"30–60 mins,",4,4,5,5,4,2,4,5,2,4,4,5,5,5,5,3,4,3,2,4,5,3,4,4,5,4,4,4,4,4,4,"Family responsibilities, Lack of skills","Financial savings, Motivation/passion",My job teaches me practical skills.,I need better communication from bosses. ,Mostly a stepping stone. ,31–35,
12/9/2025 22:38:52,,,Female,Single,HSC,Healthcare,Nurse,0–2,Permanent,30–40,"30–60 mins,",5,4,5,5,4,4,4,4,5,4,5,3,5,5,5,4,3,3,4,2,4,2,3,4,1,2,1,3,3,5,5,Family responsibilities,"Supportive boss/organization, Access to resources (labs, tools, internet, etc.)",Work drains my enargy for creativity.,More breaks would help me. ,Feels like a constraint. ,18-25,
12/9/2025 22:41:40,,,Female,Married,HSC,NGO,Manager ,11–15,Permanent,30–40,"30–60 mins,",4,5,4,5,4,4,5,5,4,4,3,3,4,5,5,5,4,4,4,4,5,4,4,3,4,4,2,4,4,5,3,Lack of skills,"Access to resources (labs, tools, internet, etc.)",My job helps me grow slowly. ,I need more support from coworkers. ,More of a stepping stone.,41–50,
12/9/2025 22:44:36,,,Male,Married,Master’s,Private,Banker,16+,Permanent,Less than 30,1–2 hours,4,2,4,4,3,5,4,5,4,4,4,3,4,5,3,1,5,5,5,5,5,4,4,4,3,5,4,3,2,4,4,Lack of financial security,Supportive boss/organization,Job leaves little time for my ideas ,I need fewer stressful tasks.,Mostly a constraint for me ,51+,
12/9/2025 22:47:56,,,Male,Married,Bachelor’s,Other,Marketing officer,3–5,Permanent,30–40,"30–60 mins,",1,3,4,5,4,4,4,4,4,4,4,5,4,5,4,2,3,4,4,2,1,3,2,5,5,5,4,5,5,5,5,"Family responsibilities, Unsupportive organization",Skills and knowledge from current job,My job helps me learn new things. ,I need better idea-sharing space.,Feels like a stepping stone. ,36–40,
12/9/2025 22:51:49,,,Female,Single,Bachelor’s,Private,Marketing officer,3–5,Permanent,41–50,Less than 30 mins,2,2,1,5,5,5,5,5,5,5,4,4,2,4,4,4,4,3,4,4,4,5,5,5,4,4,3,2,2,5,3,"Family responsibilities, Lack of skills","Supportive boss/organization, Skills and knowledge from current job",Work stress stops my creativity. ,I need a lighter workload.,Mostly a constraint  ,26–30,
12/9/2025 22:54:37,,,Female,Married,Master’s,Private,Banker,11–15,Permanent,Less than 30,"30–60 mins,",4,4,4,4,3,4,4,4,5,4,2,3,4,4,4,4,5,4,3,2,3,5,5,5,5,4,3,2,2,2,3,"Lack of time, Lack of skills","Supportive boss/organization, Motivation/passion",My job slowly build my confidence ,I need more helpful training,More like a stepping stone  ,41–50,
12/9/2025 22:58:26,,,Male,Married,Bachelor’s,Private,Banker,16+,Permanent,30–40,"30–60 mins,",4,4,4,5,5,5,5,5,4,5,3,4,5,5,4,3,3,4,3,4,3,4,5,5,5,5,5,3,4,4,3,"Family responsibilities, Lack of skills","Financial savings, Skills and knowledge from current job, Access to resources (labs, tools, internet, etc.)",My job limits my free time ,I need less boring tasks. ,Feels like a constraint ,41–50,
12/9/2025 23:01:33,,,Male,Married,Master’s,Private,Banker,3–5,Permanent,30–40,"30–60 mins,",4,4,5,5,4,4,5,5,2,4,4,5,4,5,5,5,2,3,3,2,3,4,5,5,4,2,5,4,4,3,5,"Lack of financial security, Lack of skills","Supportive boss/organization, Financial savings",My job pushes me to thik better,I need more creative tast.,More stepping stone than constraint.,31–35,
12/9/2025 23:04:02,,,Female,Married,Bachelor’s,Private,Assistant ,6–10,Permanent,30–40,"30–60 mins,",4,2,4,3,2,2,1,4,4,5,5,5,4,5,4,3,5,5,5,5,3,4,4,3,4,4,5,4,4,5,3,"Lack of time, Lack of skills","Financial savings, Motivation/passion",My job exhausts me mentally ,I need more rest time ,Mostly a constraint ,31–35,
12/9/2025 23:07:32,,,Male,Married,Bachelor’s,Healthcare,Reception Officer ,11–15,Permanent,30–40,"30–60 mins,",4,4,5,4,3,4,4,5,5,4,4,5,4,3,5,2,4,4,3,2,3,5,4,5,5,5,5,5,5,5,1,Unsupportive organization,Skills and knowledge from current job,My job gives me useful experience. ,I need more freedom to try ideas,Feels like a stepping stone ,36–40,
12/9/2025 23:10:31,,,Male,Married,Bachelor’s,SME,Assistant ,11–15,Permanent,30–40,"30–60 mins,",4,3,5,5,5,1,2,2,5,4,4,5,5,5,5,3,4,4,4,4,5,5,5,5,4,3,3,4,5,4,3,"Lack of financial security, Lack of skills","Supportive boss/organization, Access to resources (labs, tools, internet, etc.)",Work pressure blocks my thinking ,I need better work balance ,More constraint than stepping stone ,36–40,
12/9/2025 23:14:46,,,Male,Single,HSC,Private,Executive Officer ,0–2,Contract,30–40,Less than 30 mins,4,4,4,5,5,5,5,5,5,4,4,4,5,4,3,5,4,4,5,5,4,5,5,5,5,5,4,5,5,5,4,Fear of risk/failure,Skills and knowledge from current job,My job helps me understand real work,I need more change to improve,Mostly a stepping stone ,18-25,
12/9/2025 23:22:39,,,Male,Married,Bachelor’s,Other,Manager ,0–2,Permanent,30–40,More than 2 hours,5,5,4,4,4,4,4,5,4,5,4,4,4,4,5,5,5,5,5,5,5,4,5,5,5,5,5,4,5,4,4,Family responsibilities,Skills and knowledge from current job,My job eats up creative time,I need a slower work pace,Feels like a constraint for me,18-25,
12/9/2025 23:25:25,,,Female,Married,Bachelor’s,Private,Supervisor ,3–5,Permanent,30–40,"30–60 mins,",4,5,5,5,3,4,4,5,4,4,4,4,5,3,3,5,3,3,2,5,4,3,4,4,5,4,4,4,5,4,3,Family responsibilities,"Skills and knowledge from current job, Access to resources (labs, tools, internet, etc.), Motivation/passion",My job teaches me useful things ,I need more open discussion time ,Feels like a stepping stone ,31–35,
12/9/2025 23:28:25,,,Male,Married,SSC or Less,Private,Coordinator ,3–5,Part-time,30–40,Less than 30 mins,5,4,3,3,4,5,5,5,4,5,4,4,5,5,5,4,5,5,5,5,3,4,5,5,5,4,4,4,5,5,2,Lack of time,Supportive boss/organization,Work pressure reduces my ideas,I need calmer work hours,Mostly a constraint ,26–30,
12/9/2025 23:30:09,,,Female,Single,Bachelor’s,Private,Business,0–2,Permanent,Less than 30,1–2 hours,4,3,4,4,3,4,2,3,3,3,3,3,3,4,3,3,3,3,4,2,2,2,2,3,4,2,2,2,3,3,3,Lack of time,"Supportive boss/organization, Financial savings",Yes ,Yes,Not ,18-25,
12/9/2025 23:32:02,,,Female,Married,HSC,NGO,Executive ,3–5,Permanent,41–50,"30–60 mins,",5,2,5,5,5,5,5,4,3,4,2,3,5,4,5,1,3,4,4,5,1,4,4,2,3,2,4,4,5,4,4,"Lack of time, Lack of skills","Supportive boss/organization, Access to resources (labs, tools, internet, etc.)",My job helps me grow bit by bit,I need better learning support ,More stepping stone for me,31–35,
12/9/2025 23:35:11,,,Female,Married,Bachelor’s,Public,Banker,6–10,Permanent,30–40,1–2 hours,4,5,5,5,4,4,4,2,2,2,2,5,5,5,4,4,3,5,5,5,5,3,5,2,3,1,5,4,5,5,2,Unsupportive organization,"Access to resources (labs, tools, internet, etc.)",My job leaves little space for creativity ,I need less pressure daily ,Feels like a constraint ,36–40,
12/9/2025 23:43:06,,,Male,Single,Bachelor’s,NGO,Relation officer,0–2,Contract,30–40,Less than 30 mins,2,3,4,5,4,4,5,5,4,3,5,4,4,5,5,1,5,5,4,5,5,5,5,5,4,5,4,5,4,5,3,Family responsibilities,Financial savings,My job pushes me to thik clearly ,I need more chances to try ideas,Mostly a stepping stone ,26–30,
12/9/2025 23:51:56,,,Female,Married,Master’s,Public,Officer,3–5,Permanent,41–50,"30–60 mins,",4,5,4,3,4,4,5,4,5,4,5,5,2,5,5,4,4,5,4,3,1,5,4,4,3,2,3,3,5,5,5,"Lack of time, Lack of financial security","Supportive boss/organization, Financial savings",My job takes away my free time ,I need fewer tiring taskes,Feels more like a constraint ,31–35,
12/9/2025 23:54:40,,,Male,Divorced,Bachelor’s,Healthcare,Officer,16+,Permanent,30–40,Less than 30 mins,5,5,5,4,4,4,4,4,4,4,5,4,5,5,5,4,4,3,3,5,5,5,5,4,4,5,5,5,4,5,2,"Family responsibilities, Lack of skills",Supportive boss/organization,My job gives me real work skills,I need more support from my team,Feels like a stepping stone ,41–50,
12/10/2025 0:32:47,,,Female,Married,Bachelor’s,NGO,Relationship manager officer ,6–10,Permanent,41–50,More than 2 hours,5,5,4,4,4,4,4,4,5,4,4,4,4,4,5,4,4,4,5,4,2,5,5,5,5,4,5,3,4,4,5,Family responsibilities,Supportive boss/organization,Work stress kills my creativity ,I need a lighter schedule ,More constraint than stepping stone ,36–40,
12/10/2025 0:35:46,,,Male,Married,Master’s,Healthcare,Doctor ,3–5,Permanent,30–40,More than 2 hours,2,4,5,4,3,4,5,5,5,5,3,5,5,5,5,3,4,5,4,2,4,3,5,5,3,5,5,5,4,5,5,"Lack of financial security, Fear of risk/failure","Financial savings, Motivation/passion",My job builds my confidence slowly ,I need better guiance from seniors,Mostly a stepping stone for me,31–35,
12/10/2025 0:38:11,,,Female,Single,Bachelor’s,Education,Teacher ,0–2,Part-time,Less than 30,"30–60 mins,",3,5,5,5,2,3,5,5,4,5,5,5,5,5,5,4,5,5,5,5,4,4,4,5,5,5,5,5,4,4,2,"Lack of time, Family responsibilities, Lack of skills","Supportive boss/organization, Skills and knowledge from current job",My job leaves me tried for creative work,I need more freedom intasks,Feels like a constraint now,26–30,
12/10/2025 0:41:36,,,Female,Married,HSC,NGO,Executive Officer ,11–15,Permanent,41–50,"30–60 mins,",4,4,5,5,5,4,5,5,5,5,5,5,5,5,5,5,5,4,4,5,5,5,5,5,4,5,5,4,2,3,4,"Lack of time, Family responsibilities","Supportive boss/organization, Financial savings",Work pressure reducemy motivation.,I need fewer stressful tasks,Mostly a constraint ,41–50,
12/10/2025 0:44:48,,,Male,Married,HSC,Education,Techer ,16+,Permanent,30–40,1–2 hours,4,4,4,4,4,4,4,4,4,5,4,4,4,4,4,3,4,4,3,3,4,3,5,5,5,5,4,5,5,5,4,"Family responsibilities, Lack of skills","Skills and knowledge from current job, Access to resources (labs, tools, internet, etc.)",My job helps me learn slowly ,I need more open communication ,Feels like a stepping stone ,41–50,
12/10/2025 9:20:04,,,Male,Married,SSC or Less,Garments,Manager ,16+,Permanent,30–40,1–2 hours,3,5,4,4,4,4,4,4,4,3,3,3,4,4,3,2,4,3,4,4,5,4,5,4,5,4,3,4,4,5,3,"Lack of time, Fear of risk/failure","Skills and knowledge from current job, Access to resources (labs, tools, internet, etc.)",My job helps me think more clearly ,I need more skill building chances,More like a stepping stone ,36–40,
12/10/2025 9:36:46,,,Male,Single,Bachelor’s,Education,Account officer,0–2,Permanent,30–40,Less than 30 mins,3,3,4,4,3,4,4,4,5,4,4,5,5,5,5,4,4,4,4,4,4,4,5,5,5,5,5,4,5,5,5,"Family responsibilities, Fear of risk/failure",Supportive boss/organization,My job takes up most of my time.,I need a lighter workload. ,Feels like a constraint ,18-25,
12/10/2025 9:41:58,,,Male,Married,Bachelor’s,Private,Executive Officer ,11–15,Permanent,30–40,Less than 30 mins,4,4,4,5,4,4,4,4,4,4,4,4,4,4,4,3,3,4,4,4,4,4,4,4,4,4,4,4,4,5,5,Lack of financial security,"Supportive boss/organization, Financial savings, Access to resources (labs, tools, internet, etc.)",My job helps me gain confidence ,I need more space to try ideas,Mostly a stepping stone ,36–40,
12/10/2025 9:44:44,,,Male,Married,Bachelor’s,Public,Coordinator ,3–5,Permanent,30–40,"30–60 mins,",4,3,4,4,4,4,4,5,5,4,5,4,4,3,2,2,3,2,3,3,3,5,5,5,5,5,5,5,5,5,5,Lack of financial security,"Access to resources (labs, tools, internet, etc.)",My job makes me to traied to create,I need more breaks in the day,More like a constraint ,26–30,
12/10/2025 9:47:35,,,Female,Married,Master’s,Private,Assistant ,6–10,Permanent,Less than 30,"30–60 mins,",3,2,4,3,4,4,4,4,5,5,5,4,4,5,5,4,4,3,4,5,4,5,5,4,4,4,4,5,5,3,4,"Lack of time, Lack of skills",Supportive boss/organization,My job teaches me practical things ,I need better support at work ,Feels like a stepping stone ,36–40,
12/10/2025 9:50:09,,,Female,Single,SSC or Less,Education,Assistant ,3–5,Permanent,41–50,1–2 hours,4,4,4,4,5,5,5,4,3,5,5,4,4,5,5,5,5,3,4,4,3,4,4,4,4,3,4,3,4,5,5,Fear of risk/failure,"Financial savings, Motivation/passion",Work tension hurts my creativity ,I need a calmer work setup,Mostly a constraint ,26–30,
12/10/2025 9:52:34,,,Male,Married,Master’s,Healthcare,Assistant ,16+,Contract,30–40,Less than 30 mins,4,5,5,5,3,4,4,4,5,4,4,4,4,5,3,4,4,5,4,4,3,5,3,4,4,3,3,3,5,4,5,"Fear of risk/failure, Unsupportive organization",Supportive boss/organization,My job gives me useful experience ,I need more learning support ,Feels more like a stepping stone ,41–50,
12/10/2025 9:59:54,,,Male,Single,Master’s,Tech,Sales manager ,3–5,Permanent,41–50,1–2 hours,5,5,5,4,3,4,4,5,5,5,4,2,5,5,2,5,4,5,5,5,4,5,4,3,5,5,1,4,5,4,5,Family responsibilities,Financial savings,My job keeps me too busy to create ,Less pressure would help me ,Feels like a constraint now,26–30,
12/10/2025 10:02:09,,,Male,Married,Bachelor’s,Finance,Account officer,3–5,Permanent,41–50,1–2 hours,5,3,3,5,5,4,5,4,3,4,5,4,5,4,5,5,4,4,5,4,4,4,5,5,5,5,5,5,5,5,4,"Lack of financial security, Lack of skills",Financial savings,My job gives me new learning chances ,I need better support from seniors,More like a stepping stone ,26–30,
12/10/2025 10:05:00,,,Female,Single,Bachelor’s,NGO,Health officer ,0–2,Permanent,51+,More than 2 hours,5,5,3,4,4,4,5,5,4,3,2,4,4,2,4,4,5,4,3,3,2,5,4,1,1,3,3,5,5,5,4,Fear of risk/failure,Motivation/passion,My job helps me understand real work ,I need more space to share ideas,A stepping stone for my future ,18-25,
12/10/2025 12:07:44,,,Female,Married,Master’s,Public,Doctor,16+,Permanent,30–40,More than 2 hours,5,3,3,4,5,5,4,4,5,5,4,4,3,4,4,5,5,5,5,5,5,4,5,4,2,1,3,5,4,4,5,"Fear of risk/failure, Unsupportive organization","Financial savings, Networks and contacts, Motivation/passion",My job helps me think practically.,More freedom to share ideas would help ,Feels like a stepping stone overall ,51+,
12/10/2025 12:09:50,,,Female,Married,HSC,Other,Manager ,16+,Part-time,30–40,More than 2 hours,4,4,4,5,5,5,4,3,5,4,4,2,4,5,5,5,5,4,4,4,5,4,4,4,5,3,3,5,5,5,5,Lack of skills,Financial savings,My job limits my personal projects. ,I need a lighter schedule ,Mostly a constraint ,41–50,
12/10/2025 12:12:08,,,Female,Married,Master’s,Education,Teacher ,11–15,Permanent,30–40,More than 2 hours,5,4,4,4,4,4,5,5,4,3,4,3,4,4,2,1,5,5,5,5,5,5,5,1,3,5,2,3,2,1,5,"Lack of financial security, Lack of skills","Skills and knowledge from current job, Access to resources (labs, tools, internet, etc.)",My job gives me new experience ,More support from seniors would help. ,Feels more like a stepping stone. ,36–40,
12/10/2025 12:14:23,,,Female,Married,Master’s,NGO,Manager,16+,Permanent,30–40,"30–60 mins,",4,4,5,4,4,4,4,4,1,2,5,4,3,5,5,5,3,4,3,5,5,5,4,4,5,3,5,2,5,3,5,Lack of skills,"Access to resources (labs, tools, internet, etc.)",My workload stops me from being creativities ,I need fewer unnecessary task ,Mostly a constraint for me ,41–50,
12/10/2025 12:17:02,,,Male,Single,Bachelor’s,Private,Marketing Manager ,3–5,Permanent,30–40,More than 2 hours,4,4,4,4,4,3,5,5,5,4,4,5,5,5,5,4,4,4,3,3,4,4,4,5,5,5,4,2,2,4,4,Family responsibilities,Skills and knowledge from current job,The task I do give me confidence ,I need a friendlier work culture ,"A bit of both, but more stepping stone ",31–35,
12/10/2025 12:19:30,,,Male,Single,Master’s,Education,Lecturer ,3–5,Permanent,30–40,More than 2 hours,4,4,3,3,3,4,5,5,5,4,5,5,5,5,5,3,5,3,2,3,3,5,5,4,5,4,4,2,5,5,5,"Family responsibilities, Fear of risk/failure, Lack of skills","Skills and knowledge from current job, Access to resources (labs, tools, internet, etc.), Motivation/passion",My job encourages me to think differently. ,More training sessions would help ,Feels like a stepping stone ,31–35,
12/10/2025 12:21:43,,,Male,Married,Master’s,Private,Operation manager ,6–10,Permanent,30–40,"30–60 mins,",4,4,5,4,5,4,4,5,5,4,4,4,5,4,3,4,5,4,4,5,5,5,5,3,3,4,3,5,5,5,4,"Family responsibilities, Fear of risk/failure","Skills and knowledge from current job, Access to resources (labs, tools, internet, etc.)",Too many rules show down my ideas,I need more flexibility ,Mostly a constraint for me,36–40,
12/10/2025 12:24:27,,,Female,Married,SSC or Less,SME,Assistant Manager ,16+,Permanent,30–40,"30–60 mins,",4,4,5,5,5,5,4,4,4,5,3,4,5,5,5,5,5,5,5,4,5,4,4,3,4,4,3,3,4,5,1,Family responsibilities,Financial savings,My job helps me learn useful skills,Better tools would help me improve ,More like a stepping stone ,31–35,
12/10/2025 12:26:38,,,Female,Married,Bachelor’s,Finance,Account manager,6–10,Permanent,30–40,More than 2 hours,4,5,5,4,4,4,3,4,3,5,4,4,4,4,3,5,4,2,3,4,4,4,4,1,2,4,5,3,2,4,5,Fear of risk/failure,Skills and knowledge from current job,Work pressure reduces my creativity ,I need shorter meeting ,Feels like a constraint now,31–35,
12/10/2025 12:29:43,,,Male,Married,Bachelor’s,NGO,Manager ,16+,Permanent,Less than 30,"30–60 mins,",5,5,4,3,4,4,5,5,5,4,5,4,2,5,5,3,4,5,5,4,3,5,5,5,5,4,4,4,5,3,5,Family responsibilities,Skills and knowledge from current job,My job sometimes sparks new ideas,A calmer workspace would help me ,Mostly a stepping stone for me,41–50,
12/10/2025 12:40:23,,,Male,Married,Master’s,Education,Lecturer ,11–15,Permanent,Less than 30,Less than 30 mins,5,5,5,5,4,5,5,5,4,4,5,5,5,3,4,4,4,4,4,4,5,4,4,4,4,4,3,4,4,4,5,Lack of financial security,Financial savings,My job helps but slow me,Less routine work would help ,It's a stepping stone ,31–35,
12/10/2025 12:42:30,,,Male,Married,Bachelor’s,Education,Assistant ,11–15,Permanent,30–40,1–2 hours,3,4,5,5,5,5,4,4,3,4,4,4,4,4,5,5,5,4,5,5,5,5,4,4,5,3,4,1,2,4,5,Lack of skills,"Access to resources (labs, tools, internet, etc.)",My job builds my confidence ,I need a supportive boss ,Feels like a constraint. ,31–35,
12/10/2025 12:44:31,,,Female,Married,Master’s,Public,Banker,16+,Permanent,30–40,More than 2 hours,4,5,5,5,5,5,5,5,3,5,5,5,5,5,5,5,5,5,5,4,4,5,5,5,3,5,2,4,5,5,5,Lack of financial security,Supportive boss/organization,My job gives stability ,Fixible hours would help.,It's a stepping stone. ,41–50,
12/10/2025 12:46:50,,,Male,Married,HSC,Private,Customer care officer,11–15,Permanent,30–40,1–2 hours,4,4,5,4,3,4,4,2,4,4,4,5,5,5,3,4,3,1,2,1,2,4,4,5,4,3,4,4,5,3,5,Fear of risk/failure,Skills and knowledge from current job,Too much routine kills ideas,Need fewer useless tasks.,It's a constraint. ,41–50,
12/10/2025 12:49:18,,,Female,Married,HSC,Private,Sales officer,3–5,Permanent,30–40,More than 2 hours,4,4,5,5,5,4,4,4,4,4,4,4,4,3,4,1,3,4,1,1,1,5,5,2,2,5,3,3,4,3,4,Lack of skills,Skills and knowledge from current job,My job gives me new ideas.,More training would help.,It's a stepping stone. ,26–30,
12/10/2025 12:51:33,,,Female,Married,Master’s,Education,Teacher ,16+,Part-time,Less than 30,Less than 30 mins,3,4,4,1,3,4,5,2,3,5,5,5,3,5,1,5,5,5,4,3,3,5,4,4,4,3,5,3,4,5,3,Family responsibilities,Financial savings,Strict rules block creativity.,I need more freedom. ,Feels like a constraint. ,51+,
12/10/2025 12:53:41,,,Male,Married,Master’s,Education,Teacher ,16+,Permanent,30–40,Less than 30 mins,4,4,4,5,3,4,4,5,4,5,5,4,5,5,4,5,5,5,5,4,4,4,5,4,5,4,5,3,5,5,3,Lack of financial security,Financial savings,My job gives me connections. ,I need more encouragement. ,It's a stepping stone. ,41–50,
12/10/2025 12:56:27,,,Male,Married,Master’s,Public,Custom Officer,11–15,Permanent,30–40,More than 2 hours,5,5,5,4,5,4,4,5,5,4,4,4,5,5,4,4,5,5,4,5,3,4,5,4,5,5,4,4,5,5,3,"Lack of time, Fear of risk/failure",Skills and knowledge from current job,My job takes up all my time.,Less workload would help. ,It's mostly a constraint. ,36–40,
12/10/2025 12:58:49,,,Male,Married,Bachelor’s,Public,Banker,16+,Permanent,Less than 30,"30–60 mins,",4,4,4,4,5,4,5,4,4,4,5,4,3,2,2,3,5,5,2,5,5,5,5,4,1,2,1,4,3,5,1,Lack of financial security,"Access to resources (labs, tools, internet, etc.)",Job leaves me little free time. ,Shorter hours would help.,It's a constraint for me,41–50,
12/10/2025 13:00:53,,,Male,Married,Master’s,Education,Teacher,16+,Permanent,30–40,More than 2 hours,3,5,4,1,4,4,5,1,3,4,5,1,4,5,3,5,4,4,3,5,5,5,2,5,3,5,4,3,3,2,3,"Fear of risk/failure, Lack of skills","Skills and knowledge from current job, Access to resources (labs, tools, internet, etc.)",My job gives me useful habits. ,I need clearer guidance.,It feels like a stepping stone. ,41–50,
12/10/2025 13:24:18,,,Male,Single,HSC,Other,Sales officer,3–5,Permanent,30–40,"30–60 mins,",5,5,4,5,4,4,5,5,5,5,4,4,5,5,3,5,5,3,1,4,4,5,5,2,5,1,3,3,4,5,5,Family responsibilities,"Access to resources (labs, tools, internet, etc.)",My job teaches me new things.,More resources would help me.,It's a stepping stone. ,18-25,
12/10/2025 13:26:26,,,Male,Married,HSC,Private,Account manager ,16+,Permanent,Less than 30,Less than 30 mins,5,5,5,5,4,4,5,4,4,4,3,4,4,3,5,5,4,5,5,4,4,5,4,5,4,3,4,4,3,4,4,"Lack of financial security, Lack of skills","Financial savings, Motivation/passion",Heavy work kills creativity. ,Less work would help.,It's a constraint. ,41–50,
12/10/2025 13:28:45,,,Female,Married,Master’s,Education,Teacher,3–5,Contract,Less than 30,More than 2 hours,4,4,3,5,5,4,4,4,5,3,3,5,5,4,4,5,4,5,5,5,4,3,4,3,4,5,3,2,5,4,4,"Lack of financial security, Lack of skills","Financial savings, Access to resources (labs, tools, internet, etc.)",My job limits my free thinking. ,I need fewer rules.,It's mostly a constraint.,41–50,
12/10/2025 13:31:03,,,Female,Married,Master’s,Education,Teacher ,16+,Permanent,30–40,"30–60 mins,",4,4,4,4,4,5,4,4,3,4,5,5,5,4,5,4,5,4,4,4,4,5,4,4,4,4,4,4,5,4,4,"Fear of risk/failure, Unsupportive organization","Skills and knowledge from current job, Motivation/passion",My job gives me new experience. ,I need more creative task,I see it as a stepping stone. ,41–50,
12/10/2025 13:33:06,,,Male,Married,Bachelor’s,Public,Assistant ,11–15,Permanent,30–40,"30–60 mins,",5,4,4,4,2,4,4,4,4,1,5,4,4,4,4,3,5,4,4,3,4,2,3,4,5,4,4,3,4,3,4,Family responsibilities,"Access to resources (labs, tools, internet, etc.)",My job makes me to busy ,Shorter hours would help ,It feel like a constraint ,41–50,
12/10/2025 13:34:57,,,Female,Married,Bachelor’s,Private,Banker,3–5,Permanent,30–40,"30–60 mins,",4,4,2,3,4,4,4,4,4,4,4,4,3,4,2,4,4,4,4,5,4,4,5,4,4,5,4,4,4,5,4,Unsupportive organization,"Networks and contacts, Access to resources (labs, tools, internet, etc.)",my job improves my communication ,I need more chances to learn ,it's a stepping stone for me ,31–35,
12/10/2025 13:37:05,,,Male,Married,Bachelor’s,Private,Banker,16+,Permanent,30–40,"30–60 mins,",5,4,2,1,3,2,4,1,5,1,5,5,4,5,3,3,4,3,1,4,4,3,2,4,4,5,2,4,2,2,5,Lack of financial security,Skills and knowledge from current job,My job keeps me mentally active.,More space to share ideas.,I see it's a stepping stone ,36–40,
12/10/2025 13:38:55,,,Female,Married,Master’s,Education,Teacher,16+,Permanent,30–40,"30–60 mins,",4,4,5,5,5,5,4,4,4,5,5,2,5,2,3,5,4,4,5,5,5,5,5,5,5,5,5,3,5,4,5,Family responsibilities,Motivation/passion,My job drains my enargy. ,I need better support. ,It's a constraint for me,51+,
12/10/2025 13:40:58,,,Male,Married,Bachelor’s,NGO,Manager ,16+,Permanent,30–40,"30–60 mins,",4,4,2,2,2,3,4,3,5,4,3,3,2,4,4,4,3,4,3,5,2,5,5,4,5,5,5,4,4,4,4,Lack of financial security,Financial savings,My job leaves me tried ,I need a lighter workload. ,It's mostly a constraint ,51+,
12/10/2025 13:43:12,,,Female,Married,Master’s,Education,Teacher ,16+,Part-time,Less than 30,Less than 30 mins,4,5,3,3,4,5,4,4,5,5,3,3,5,5,1,1,4,5,5,3,3,5,5,4,3,4,3,3,5,4,3,"Lack of financial security, Family responsibilities",Skills and knowledge from current job,my job teaches me helpful skills ,More learning options would help.,Feels like a stepping stone ,41–50,
12/10/2025 13:46:14,,,Female,Married,Master’s,Education,Teacher ,16+,Permanent,30–40,"30–60 mins,",5,5,4,3,4,1,1,3,4,5,4,4,5,2,2,3,3,5,4,3,5,3,4,4,5,4,2,4,4,4,4,"Family responsibilities, Unsupportive organization","Networks and contacts, Motivation/passion",Work pressure blocks my ideas ,I need a calmer schedule ,Mostly a constraint ,36–40,
12/10/2025 13:48:15,,,Male,Married,Bachelor’s,Finance,Account Manager ,6–10,Permanent,30–40,1–2 hours,4,4,4,3,5,5,3,2,3,5,3,4,4,5,2,2,3,3,3,2,3,4,4,2,3,4,4,2,1,2,5,Family responsibilities,Financial savings,My job helps me grow slowly ,Better teamwork would help ,More stepping stone ,36–40,
12/10/2025 13:50:01,,,Female,Married,Bachelor’s,Private,Banker,6–10,Permanent,30–40,"30–60 mins,",4,4,4,2,3,4,1,3,5,1,3,3,5,3,3,3,5,3,4,3,4,5,2,3,5,4,3,4,5,3,5,Lack of skills,Supportive boss/organization,The rules limit my creativity ,I need more open-minded management. ,Mostly a constraint ,36–40,
12/10/2025 13:52:16,,,Male,Single,Master’s,Healthcare,Doctor ,3–5,Permanent,30–40,More than 2 hours,2,2,1,3,3,4,4,5,3,5,3,3,1,4,4,2,4,4,5,4,4,5,3,2,1,4,2,3,4,3,3,Lack of financial security,Skills and knowledge from current job,My job gives me fresh ideas sometimes.,More freedom would help a lot.,Feels like a stepping stone. ,31–35,
12/10/2025 13:54:32,,,Male,Married,Bachelor’s,NGO,Manager ,16+,Permanent,41–50,1–2 hours,3,3,5,4,4,5,4,3,5,2,4,4,4,4,4,4,4,3,4,4,5,4,4,4,4,5,5,5,5,5,2,Family responsibilities,Financial savings,My task help me think better. ,I need better guidance. ,Stepping stone for future plans.,41–50,
12/10/2025 13:56:32,,,Male,Married,Master’s,Education,Teacher ,16+,Permanent,30–40,More than 2 hours,3,4,3,1,3,3,4,4,2,4,5,3,5,4,1,5,5,2,4,3,3,2,4,4,4,4,4,3,4,5,5,Fear of risk/failure,Skills and knowledge from current job,My job takes most of my enargy ,A lighter workload would help ,More like a constraint ,41–50,
12/10/2025 13:59:10,,,Female,Married,Bachelor’s,Tech,Sales manager ,0–2,Permanent,30–40,1–2 hours,4,4,2,1,4,3,4,5,5,1,4,1,3,1,5,5,4,5,5,3,4,3,4,2,2,5,3,5,1,2,3,Family responsibilities,"Access to resources (labs, tools, internet, etc.)",My job helps me learn fast. ,More training would help ,It feel like a stepping stone ,18-25,
12/10/2025 14:01:17,,,Male,Single,HSC,Private,Sales officer,0–2,Part-time,30–40,More than 2 hours,3,2,2,3,4,4,4,4,3,4,2,2,3,2,2,2,2,3,1,3,4,4,4,4,5,4,2,4,4,3,3,"Lack of financial security, Lack of skills","Financial savings, Motivation/passion",My job gives confidence to try new things.,I need more training support.,Mostly a stepping stone. ,18-25,
12/10/2025 21:59:56,,,Female,Single,HSC,Private,Garments worker,0–2,Permanent,30–40,Less than 30 mins,2,3,1,5,4,3,5,5,4,3,2,4,5,2,2,3,4,4,3,4,3,1,2,3,4,3,3,4,3,4,1,"Lack of financial security, Family responsibilities, Fear of risk/failure","Supportive boss/organization, Financial savings",,,,18-25,
12/10/2025 23:39:28,,,Female,Single,Bachelor’s,Healthcare,Nurse,3–5,Permanent,30–40,"30–60 mins,",5,4,5,4,4,4,4,4,4,3,4,4,4,4,5,4,5,4,4,5,4,5,4,4,4,4,4,5,4,4,4,Fear of risk/failure,"Access to resources (labs, tools, internet, etc.)",Job builds ,Need guidance ,Mostly stepping stone ,26–30,
12/10/2025 23:41:56,,,Male,Married,Bachelor’s,Healthcare,Nurse,3–5,Permanent,30–40,"30–60 mins,",5,5,4,5,4,4,4,4,5,5,4,4,4,5,5,4,5,5,5,5,5,5,5,5,4,5,5,4,5,5,5,"Fear of risk/failure, Unsupportive organization","Networks and contacts, Motivation/passion",Stress stops ,Calm space,Constraint ,31–35,
12/10/2025 23:44:09,,,Female,Married,Bachelor’s,Healthcare,Nurse ,3–5,Permanent,30–40,1–2 hours,5,5,5,5,5,5,4,5,5,5,5,5,5,4,5,5,3,3,4,5,5,4,4,4,4,4,3,4,5,5,4,Fear of risk/failure,Motivation/passion,Confidence grow ,Learning chances ,More stepping stone ,31–35,
12/10/2025 23:46:08,,,Male,Single,HSC,Private,Marketing officer,0–2,Permanent,30–40,More than 2 hours,5,5,2,5,4,5,5,5,4,5,5,5,5,5,2,3,4,3,5,5,5,4,4,4,4,4,4,4,4,4,4,Lack of skills,"Access to resources (labs, tools, internet, etc.)",Time gone,Need freedom ,Constraint ,18-25,
12/10/2025 23:48:24,,,Male,Married,Bachelor’s,Tech,Sales officer,3–5,Permanent,30–40,1–2 hours,4,4,5,4,4,4,4,3,4,4,4,5,4,4,4,5,4,3,2,5,3,4,5,5,4,5,5,5,5,5,5,Lack of skills,Skills and knowledge from current job,Skill improve ,Less pressure ,Stepping stone ,31–35,
12/10/2025 23:50:40,,,Female,Single,HSC,Tech,Sales women,0–2,Part-time,41–50,"30–60 mins,",4,5,4,4,4,4,5,3,5,4,4,4,5,4,5,4,3,4,5,5,5,5,5,4,5,5,5,5,4,4,5,Family responsibilities,"Access to resources (labs, tools, internet, etc.)",Ideas improve ,Need freedom ,Stepping stone ,18-25,
12/10/2025 23:52:45,,,Male,Single,HSC,Tech,Sales man ,0–2,Contract,30–40,"30–60 mins,",3,3,4,5,4,4,2,1,4,5,4,5,4,5,5,4,4,5,5,5,3,5,5,4,3,3,5,3,4,2,3,Fear of risk/failure,Motivation/passion,Work tires ,Easier tasks ,Feels constraint ,18-25,
12/10/2025 23:54:38,,,Female,Single,HSC,Tech,Sales women,0–2,Part-time,30–40,More than 2 hours,3,4,4,4,4,5,5,5,4,4,5,4,5,5,4,5,4,5,5,5,4,2,2,5,5,3,4,5,4,4,5,Family responsibilities,"Access to resources (labs, tools, internet, etc.)",Skill grow ,More training ,Mostly stepping stone ,18-25,
12/10/2025 23:56:40,,,Male,Single,HSC,Tech,Sales man ,0–2,Part-time,41–50,1–2 hours,4,3,3,4,4,5,4,5,5,5,5,5,4,4,2,5,4,4,5,4,5,5,4,5,3,4,4,4,5,5,5,Fear of risk/failure,Motivation/passion,Work drains ,Less pressure ,Most constraint ,18-25,
12/10/2025 23:58:32,,,Male,Single,HSC,Tech,Sales man,0–2,Part-time,30–40,Less than 30 mins,4,3,4,4,5,4,4,4,5,4,4,4,4,4,5,5,3,4,4,4,5,5,3,5,5,5,5,5,4,4,5,Lack of skills,"Access to resources (labs, tools, internet, etc.)",Job teachess ,Need support ,Stepping stone ,18-25,
12/11/2025 0:03:11,,,Female,Married,HSC,Tech,Customer care,0–2,Permanent,30–40,More than 2 hours,4,5,5,3,4,5,5,3,4,3,4,3,4,4,4,3,2,2,3,4,5,5,5,4,4,5,4,5,1,2,4,Family responsibilities,"Skills and knowledge from current job, Access to resources (labs, tools, internet, etc.)",Time goes ,Fewer taskes ,More constraint ,18-25,
12/11/2025 0:05:14,,,Male,Married,Master’s,Education,Teacher ,6–10,Permanent,30–40,Less than 30 mins,3,3,4,5,2,4,5,4,3,5,3,4,1,1,2,5,5,5,5,5,5,4,5,5,3,4,5,4,4,3,4,Lack of skills,"Access to resources (labs, tools, internet, etc.)",Job shopes me,Need support ,Constraint ,31–35,
12/11/2025 0:07:16,,,Female,Divorced,Master’s,Finance,Account officer ,11–15,Permanent,30–40,"30–60 mins,",4,4,5,4,5,4,5,4,4,5,3,3,5,5,3,5,3,3,5,4,5,2,2,3,4,5,4,5,5,4,5,Family responsibilities,Motivation/passion,Work pressure ,Less workload ,Mostly constraint ,36–40,
12/11/2025 0:09:14,,,Male,Married,Master’s,Private,Banker,3–5,Permanent,30–40,1–2 hours,3,3,3,3,4,4,5,4,4,5,3,4,5,4,3,4,3,4,3,3,5,4,3,5,4,2,4,3,3,4,3,Family responsibilities,Financial savings,Skill improve ,Need training ,Mostly constraint,31–35,
12/11/2025 0:11:26,,,Female,Married,HSC,Other,Quality manager ,3–5,Permanent,30–40,"30–60 mins,",5,4,4,4,4,4,5,3,3,3,3,3,5,4,5,3,4,4,4,2,2,2,4,1,2,4,4,5,2,3,3,Family responsibilities,Financial savings,Job exhausts ,Easier duites ,More constraint ,26–30,
12/11/2025 7:53:08,,,Male,Single,HSC,Garments,Quality manager,0–2,Permanent,30–40,1–2 hours,4,4,5,4,3,3,5,4,4,4,5,3,3,2,1,3,3,4,3,3,3,4,3,4,2,3,5,1,5,2,3,Fear of risk/failure,Networks and contacts,Ideas grow ,Need freedom ,Mostly stepping stone ,18-25,
12/11/2025 8:07:30,,,Male,Single,HSC,Tech,Sales officer,0–2,Part-time,30–40,"30–60 mins,",4,5,3,2,3,4,2,3,4,2,3,5,4,4,3,2,5,4,2,4,3,4,5,4,3,4,2,2,5,4,4,Lack of time,"Access to resources (labs, tools, internet, etc.)",Time gone ,Reduce tasks ,Constraint ,18-25,
12/11/2025 8:09:45,,,Male,Single,Master’s,Education,Teacher ,0–2,Permanent,30–40,1–2 hours,4,3,4,5,4,4,3,4,4,4,4,4,4,2,5,4,5,2,4,5,3,4,4,4,2,3,3,4,3,3,4,Lack of skills,"Access to resources (labs, tools, internet, etc.)",Job shapes me,Need support ,Constraint ,26–30,
12/11/2025 8:11:36,,,Male,Married,Master’s,Education,Teacher,3–5,Permanent,30–40,More than 2 hours,4,5,5,3,5,5,4,4,4,3,5,4,5,4,5,5,3,5,5,4,5,5,5,3,4,5,5,5,4,5,5,Lack of financial security,Skills and knowledge from current job,Job teaches,Need support ,Constraint ,26–30,
12/11/2025 8:13:45,,,Female,Married,Bachelor’s,Private,Banker,3–5,Permanent,30–40,More than 2 hours,4,5,5,4,4,3,2,5,5,4,5,5,5,4,5,4,4,4,4,4,1,4,4,1,4,4,4,4,4,4,3,Lack of financial security,Skills and knowledge from current job,Stress blocks ideas,Need calm space,Constraint ,31–35,
12/11/2025 8:15:54,,,Male,Single,SSC or Less,Private,Office boy ,0–2,Permanent,30–40,1–2 hours,4,4,5,4,5,4,4,4,5,4,3,4,5,3,4,4,4,5,4,2,2,4,5,5,5,2,4,4,3,4,3,Lack of financial security,"Access to resources (labs, tools, internet, etc.)",Skill improve ,Need training ,Constraint ,18-25,
12/11/2025 8:17:33,,,Male,Married,Master’s,Healthcare,Doctor ,16+,Permanent,41–50,More than 2 hours,3,4,4,5,5,4,4,4,4,3,4,4,4,3,2,5,4,5,4,4,2,5,4,4,4,3,3,4,2,2,4,Lack of financial security,Financial savings,Creativity drops,Needs balance ,Constraint ,51+,
12/11/2025 8:20:19,,,Female,Married,Bachelor’s,Healthcare,Nurse,6–10,Permanent,30–40,"30–60 mins,",5,4,1,5,5,5,3,3,2,4,5,4,4,5,5,2,3,5,3,2,4,4,5,1,5,2,4,5,5,5,2,"Family responsibilities, Lack of skills","Skills and knowledge from current job, Access to resources (labs, tools, internet, etc.)",Time gone,Need freedom,Constraint ,31–35,
12/11/2025 8:22:12,,,Female,Married,Bachelor’s,Private,Nurse,6–10,Contract,30–40,"30–60 mins,",4,5,4,1,5,2,3,5,2,4,4,4,3,3,4,3,5,4,4,4,3,4,3,3,4,3,5,4,5,4,4,Lack of skills,Financial savings,Time gone,Need calm space,Constraint ,31–35,
12/11/2025 8:24:25,,,Male,Single,Bachelor’s,Private,Marketing officer ,0–2,Permanent,30–40,"30–60 mins,",3,5,5,5,3,2,4,5,5,4,5,3,5,5,3,3,4,4,3,3,4,5,5,4,4,4,5,5,3,5,3,Family responsibilities,Motivation/passion,Confidence rise ,Need chances ,Constraint ,18-25,
12/11/2025 8:26:45,,,Female,Single,Bachelor’s,Other,Sales women,0–2,Part-time,30–40,1–2 hours,4,5,3,4,5,5,5,4,5,5,4,5,4,4,5,2,3,4,4,3,3,2,4,5,4,5,4,4,4,4,1,"Family responsibilities, Lack of skills","Financial savings, Motivation/passion",Creativity drops,Need balance,More constraint ,18-25,
12/11/2025 8:28:36,,,Female,Married,Master’s,Education,Teacher ,16+,Part-time,Less than 30,More than 2 hours,4,3,5,4,3,3,2,2,4,4,4,5,4,5,3,4,5,5,3,4,4,4,5,2,4,4,2,4,4,4,3,Lack of skills,Motivation/passion,Job teaches ,Need support ,Stepping stone ,36–40,
12/11/2025 8:30:30,,,Male,Single,HSC,Tech,Sales officer,0–2,Part-time,30–40,More than 2 hours,4,4,4,4,5,5,5,4,3,4,4,3,3,4,3,2,5,4,4,4,3,4,5,4,4,4,4,4,5,4,4,Lack of financial security,"Financial savings, Access to resources (labs, tools, internet, etc.)",Work stresses ,Less pressure ,Stepping stone ,18-25,
12/11/2025 8:33:23,,,Male,Married,Bachelor’s,Education,Assistant teacher ,16+,Permanent,30–40,More than 2 hours,4,4,4,1,4,4,5,3,3,3,3,4,4,4,3,4,4,4,3,5,4,3,4,3,3,4,2,3,2,4,4,Fear of risk/failure,Financial savings,Skills improve ,Need training ,Constraint ,41–50,
12/11/2025 8:35:26,,,Female,Married,Bachelor’s,NGO,Operation manager ,11–15,Permanent,30–40,1–2 hours,3,3,4,4,5,5,4,4,5,4,5,5,5,3,4,3,5,4,5,3,4,5,5,2,4,2,4,4,5,5,3,"Fear of risk/failure, Unsupportive organization",Financial savings,Job exhausts ,Easier tasks,Constraint,41–50,
12/11/2025 8:57:59,,,Male,Married,Master’s,Healthcare,Doctor,16+,Permanent,30–40,1–2 hours,3,4,4,4,5,4,4,4,5,4,5,5,5,5,5,5,5,5,5,5,5,5,5,4,5,4,5,4,5,5,4,Family responsibilities,Motivation/passion,Ideas grow ,Need freedom ,Stepping stone ,41–50,
12/11/2025 8:59:57,,,Female,Married,Master’s,Education,Teacher ,11–15,Permanent,30–40,"30–60 mins,",4,4,4,3,4,5,3,4,4,4,3,5,5,5,5,4,4,3,2,3,4,5,4,4,5,4,5,2,4,5,3,Family responsibilities,Skills and knowledge from current job,Time gone,Fewer duties ,Constraint ,36–40,
12/11/2025 9:01:58,,,Male,Married,Bachelor’s,Private,It officer ,6–10,Permanent,30–40,"30–60 mins,",3,5,5,5,3,5,5,5,5,5,3,5,5,4,3,4,3,3,4,3,4,4,3,5,4,4,3,5,5,5,4,Lack of skills,Skills and knowledge from current job,Job builds ,Need guidance ,Stepping stone ,31–35,
12/11/2025 9:04:03,,,Male,Married,Master’s,Healthcare,Doctor,11–15,Permanent,30–40,"30–60 mins,",4,4,4,4,5,4,4,5,5,5,4,1,4,4,5,3,4,4,4,5,5,4,3,5,2,5,3,5,4,3,4,Lack of skills,"Access to resources (labs, tools, internet, etc.)",Stress blocks,Need calm space,Constraint ,41–50,
12/11/2025 9:05:45,,,Female,Married,Master’s,Healthcare,Doctor,16+,Permanent,30–40,"30–60 mins,",4,3,4,3,5,3,4,3,5,4,5,4,3,3,5,3,3,2,5,4,4,5,5,3,3,5,2,2,4,2,5,Family responsibilities,Skills and knowledge from current job,Confidence rises ,Need chances,Stepping stone ,41–50,
12/11/2025 9:08:14,,,Female,Married,Master’s,Private,Banker,6–10,Permanent,41–50,"30–60 mins,",5,4,3,4,5,4,5,5,4,4,5,5,4,5,4,4,4,4,4,3,4,4,3,5,2,5,4,3,4,3,5,Family responsibilities,Financial savings,Skill improve ,Need freedom ,Stepping stone ,36–40,
12/11/2025 9:10:25,,,Female,Married,Bachelor’s,Healthcare,Nurse,3–5,Permanent,30–40,More than 2 hours,4,4,4,5,4,1,4,2,4,3,4,4,4,4,3,4,4,4,4,5,3,5,3,4,4,4,5,4,3,3,4,"Lack of financial security, Lack of skills","Financial savings, Access to resources (labs, tools, internet, etc.)",Creativity drops,Better balance,Constraint ,26–30,
12/11/2025 9:12:50,,,Female,Married,Bachelor’s,Education,Teacher ,0–2,Permanent,30–40,Less than 30 mins,3,4,4,3,5,5,4,4,5,5,5,2,5,5,3,4,5,5,3,3,5,3,2,4,1,4,2,2,5,4,4,Family responsibilities,Financial savings,Job teaches ,Need clarity ,Stepping stone ,26–30,
12/11/2025 9:14:56,,,Male,Married,Master’s,Healthcare,Doctor,0–2,Permanent,30–40,More than 2 hours,4,5,3,3,5,5,4,5,4,4,3,4,3,4,3,4,3,3,4,5,3,2,4,4,4,5,2,2,3,3,4,Fear of risk/failure,Motivation/passion,Pressure blocks ,Less work ,Constraint ,31–35,
12/11/2025 9:17:20,,,Female,Married,Bachelor’s,Private,Banker,3–5,Permanent,30–40,"30–60 mins,",5,3,4,5,4,4,4,5,4,4,4,4,5,5,3,3,3,3,2,2,4,3,3,3,3,3,3,3,2,2,2,"Fear of risk/failure, Lack of skills","Financial savings, Skills and knowledge from current job",Skill grow,More training ,Stepping stone ,26–30,
12/11/2025 9:19:36,,,Male,Married,Bachelor’s,NGO,Manager,3–5,Permanent,30–40,More than 2 hours,3,5,4,4,4,5,5,5,5,3,4,4,4,4,5,3,3,5,3,5,4,5,3,3,4,2,3,5,3,5,3,"Family responsibilities, Lack of skills","Skills and knowledge from current job, Access to resources (labs, tools, internet, etc.)",Work tires ,Easier tasks,More constraint ,31–35,
12/11/2025 9:22:04,,,Female,Married,Master’s,Education,Teacher ,3–5,Permanent,30–40,1–2 hours,3,3,4,5,5,3,2,5,3,3,3,5,3,5,3,4,4,4,4,4,3,4,4,4,5,5,5,2,2,4,3,Family responsibilities,Motivation/passion,Ideas sharpen,Need freedom ,Mostly stepping stone ,26–30,
12/11/2025 9:24:29,,,Female,Married,Bachelor’s,Education,Teacher ,0–2,Part-time,Less than 30,"30–60 mins,",5,5,5,3,4,4,4,5,3,4,4,4,2,4,5,5,3,5,4,5,2,4,4,3,5,5,3,4,3,3,2,"Lack of time, Lack of financial security, Lack of skills",Skills and knowledge from current job,Time gone,Fewer duties ,Feels constraint ,18-25,
12/11/2025 9:26:45,,,Male,Married,SSC or Less,Private,Office boy,0–2,Permanent,30–40,"30–60 mins,",4,4,5,4,5,5,5,5,5,3,3,4,4,2,5,1,4,5,5,3,2,5,5,3,5,4,4,3,4,2,2,Family responsibilities,Motivation/passion,Job builds,Need support ,Stepping stone ,18-25,
12/11/2025 9:28:59,,,Female,Single,HSC,Private,Marketing officer,3–5,Permanent,30–40,"30–60 mins,",5,4,5,4,3,4,3,4,4,3,5,3,4,4,2,4,3,3,4,5,2,4,5,5,4,4,3,5,3,3,3,Family responsibilities,Motivation/passion,Stress stop,Calm space,Constraint ,18-25,
12/11/2025 9:31:05,,,Male,Married,Bachelor’s,Healthcare,Assistant ,16+,Permanent,30–40,1–2 hours,4,4,4,5,4,4,3,4,4,5,4,4,1,3,5,3,5,3,4,5,5,3,4,4,3,4,3,5,5,4,3,Family responsibilities,Financial savings,Confidence grow,Need chances,Mostly stepping stone ,41–50,
12/11/2025 9:33:11,,,Female,Married,Bachelor’s,Private,Account officer,3–5,Permanent,30–40,"30–60 mins,",4,4,4,2,4,4,4,3,4,4,5,4,4,4,3,4,4,4,5,3,4,3,4,3,2,3,5,4,4,5,4,Lack of skills,Supportive boss/organization,Skill improve ,Need training ,Stepping stone ,26–30,
12/11/2025 9:35:31,,,Male,Married,Bachelor’s,Finance,Account manager,3–5,Permanent,30–40,Less than 30 mins,4,5,5,4,4,4,3,5,4,3,4,3,2,4,4,4,3,4,4,3,4,5,3,4,3,4,4,4,4,4,4,Family responsibilities,Skills and knowledge from current job,Creativity drops,Need balance ,Constraint ,26–30,
12/11/2025 9:37:44,,,Female,Married,Bachelor’s,Private,Banker,3–5,Permanent,30–40,More than 2 hours,3,3,4,3,5,5,4,4,3,4,5,3,4,2,3,4,4,3,3,1,5,1,3,4,5,3,4,2,5,3,3,Family responsibilities,Skills and knowledge from current job,Creativity stops,Need calm space,Stepping stone ,26–30,
12/11/2025 9:39:27,,,Male,Single,SSC or Less,Garments,Quality ,0–2,Permanent,41–50,"30–60 mins,",3,4,3,2,4,5,5,4,4,4,5,3,5,5,4,4,4,4,4,2,3,4,4,4,3,3,4,4,4,4,5,Family responsibilities,Networks and contacts,Job teaches ,Need guidance ,Stepping stone ,18-25,
12/11/2025 10:30:05,,,Male,Married,Master’s,Healthcare,Doctor,11–15,Permanent,30–40,More than 2 hours,3,5,4,4,5,4,4,4,4,4,4,4,5,3,3,3,5,5,5,4,3,5,5,5,5,3,5,4,3,3,4,Lack of skills,Financial savings,Works eats ideas.,Need ideas space ,Stepping stone ,36–40,
12/11/2025 10:33:40,,,Female,Married,Master’s,Tech,Manager,11–15,Permanent,30–40,1–2 hours,4,5,2,5,4,1,4,4,4,3,3,2,4,3,5,1,5,5,5,4,2,4,2,4,4,2,3,3,4,3,4,"Family responsibilities, Fear of risk/failure","Financial savings, Motivation/passion",Job slow creativity ,Need balance more ,Feels constraint ,41–50,
12/11/2025 10:38:24,,,Female,Married,Master’s,Education,Teacher ,6–10,Permanent,30–40,1–2 hours,4,5,3,4,5,4,4,5,5,4,3,4,5,3,3,5,4,4,5,4,4,2,4,5,5,4,3,4,4,3,4,Lack of time,Financial savings,Job boosts confidence ,Need learning chance,More stepping stone ,26–30,
12/11/2025 10:40:34,,,Male,Married,Bachelor’s,Private,It officer ,11–15,Permanent,30–40,"30–60 mins,",4,4,3,4,4,3,4,2,4,2,3,4,4,3,3,4,4,5,3,4,4,4,4,4,5,5,3,2,4,4,4,Lack of time,Supportive boss/organization,Stress kills ideas,Need calm place,Mostly constraint ,36–40,
12/11/2025 10:42:32,,,Male,Married,Bachelor’s,Private,Sales manager,11–15,Permanent,41–50,More than 2 hours,4,5,5,4,4,4,4,4,2,4,5,3,3,5,4,5,5,3,3,4,2,5,4,4,4,5,4,5,5,3,4,Family responsibilities,Financial savings,Job gives experience ,Need team support ,Mostly stepping stone ,41–50,
12/11/2025 10:44:09,,,Female,Married,HSC,Private,Account manager ,16+,Permanent,30–40,"30–60 mins,",5,4,4,1,4,5,5,4,5,4,5,5,4,4,3,4,5,5,5,2,3,4,5,4,5,4,5,5,3,4,5,Lack of skills,Skills and knowledge from current job,Work eats time ,Need fewer tasks ,More constraint ,51+,
12/11/2025 10:46:29,,,Male,Married,Bachelor’s,Private,Banker ,6–10,Permanent,30–40,1–2 hours,4,5,4,4,2,5,4,5,5,5,3,4,5,2,3,1,4,5,3,4,3,4,4,2,2,4,5,4,4,5,3,Lack of time,Supportive boss/organization,Job sharpens thinking ,Need ideas space,Mostly stepping stone,31–35,
12/11/2025 10:50:45,,,Female,Married,Bachelor’s,Tech,Manager,11–15,Permanent,30–40,1–2 hours,5,4,4,4,4,4,5,4,5,5,4,3,4,5,5,4,4,4,4,4,3,3,4,4,4,4,4,3,3,4,4,Family responsibilities,Financial savings,Job tires me,Need easier work ,Feels constraint ,36–40,
12/11/2025 10:52:40,,,Male,Married,Bachelor’s,Healthcare,Nurse ,11–15,Permanent,30–40,1–2 hours,5,4,3,5,1,4,5,4,5,3,3,5,1,5,3,5,4,4,5,3,4,3,5,4,5,4,5,5,4,3,3,Family responsibilities,Skills and knowledge from current job,Job grows skills. ,Need more training ,Mostly stepping stone ,36–40,
12/11/2025 10:54:21,,,Female,Married,Master’s,Education,Teacher ,11–15,Permanent,30–40,1–2 hours,4,4,5,4,5,5,4,2,3,5,4,5,5,5,4,4,5,5,4,5,5,4,2,3,5,4,5,5,5,3,5,Family responsibilities,Skills and knowledge from current job,Works blocks ideas ,Need less pressure ,More constraint ,41–50,
12/11/2025 10:56:01,,,Male,Married,Master’s,Education,Teacher ,6–10,Permanent,30–40,"30–60 mins,",4,4,1,4,4,5,4,5,5,4,4,4,4,5,5,3,5,4,5,4,3,3,3,4,4,5,4,2,3,4,4,Fear of risk/failure,Motivation/passion,Job teaches me ,Need guidance ,Stepping stone ,31–35,
12/11/2025 10:58:21,,,Male,Married,Master’s,Education,Teacher ,16+,Permanent,30–40,"30–60 mins,",4,5,4,4,4,4,5,5,4,3,4,4,2,2,4,4,5,5,3,3,4,4,4,3,5,4,3,3,4,4,5,Family responsibilities,Skills and knowledge from current job,Job drains my creativity ,Need work balance ,Feels constraint ,41–50,
12/11/2025 11:00:12,,,Male,Married,Master’s,Education,Teacher ,16+,Permanent,30–40,"30–60 mins,",4,4,3,4,3,3,4,5,5,4,4,5,4,4,1,3,3,3,5,5,5,4,3,5,5,4,4,4,2,3,4,Family responsibilities,Motivation/passion,Job improves my skills ,Need growth chance,More stepping stone ,36–40,
12/11/2025 11:02:05,,,Male,Married,Master’s,Healthcare,Doctor ,11–15,Permanent,30–40,1–2 hours,4,5,5,3,2,5,5,3,5,5,5,2,4,5,2,4,5,4,4,2,5,4,2,5,5,4,5,1,3,4,4,Family responsibilities,Motivation/passion,Stress suins creativity ,Need calm workspace ,Mostly constraint ,41–50,
12/11/2025 11:04:48,,,Male,Single,Bachelor’s,Finance,Account manager,0–2,Part-time,30–40,1–2 hours,3,3,4,2,5,4,5,3,4,4,4,3,3,1,5,4,3,5,5,3,3,5,5,5,3,5,5,3,4,4,5,Family responsibilities,Motivation/passion,Job gives real experience ,Need better support ,Mostly stepping stone,26–30,
12/11/2025 11:06:40,,,Female,Married,Bachelor’s,Healthcare,Nurse ,3–5,Permanent,30–40,"30–60 mins,",4,3,4,5,4,5,5,5,4,5,4,5,5,2,2,4,3,5,4,3,3,3,4,3,3,5,4,2,2,5,5,"Fear of risk/failure, Unsupportive organization","Skills and knowledge from current job, Access to resources (labs, tools, internet, etc.)",Work eats my time,Need fewer tasks,More constraint ,26–30,
12/11/2025 11:08:41,,,Male,Single,HSC,Private,Sales officer ,3–5,Permanent,30–40,"30–60 mins,",5,4,5,4,4,3,4,3,4,3,4,5,5,4,4,1,4,4,4,3,4,4,5,5,4,5,3,4,5,4,3,Family responsibilities,Financial savings,Job sharpens my ideas ,Need creative freedom,Feels stepping stone ,18-25,
12/11/2025 11:14:09,,,Female,Married,HSC,Private,marketing officer ,3–5,Permanent,30–40,"30–60 mins,",2,4,5,4,4,4,4,4,5,3,2,4,3,3,5,5,4,5,2,3,3,4,4,5,5,3,4,5,2,5,3,Family responsibilities,Financial savings,Job makes me tired,Need easier duties ,Mostly constraint ,26–30,
12/11/2025 11:16:12,,,Male,Married,Bachelor’s,Private,Banker,3–5,Permanent,30–40,"30–60 mins,",3,3,5,3,3,4,4,4,2,3,4,5,5,2,2,3,3,3,4,4,4,4,4,5,5,4,2,2,3,5,5,Family responsibilities,Motivation/passion,Job grows my mindset,Need more training, More stepping stone ,31–35,
12/11/2025 11:18:17,,,Female,Married,Bachelor’s,Private,Banker,16+,Permanent,Less than 30,1–2 hours,2,5,4,5,4,4,3,4,2,4,2,4,4,5,4,3,3,4,5,4,4,3,5,2,4,4,4,4,5,4,3,Family responsibilities,"Skills and knowledge from current job, Motivation/passion",Work pressure blocks me ,Need less workload,Constraint ,41–50,
12/11/2025 12:12:51,,,Female,Married,Master’s,Healthcare,Doctor,16+,Permanent,41–50,1–2 hours,4,2,5,5,4,5,4,4,5,4,3,3,5,4,3,4,3,3,4,4,4,4,4,4,3,3,3,4,4,4,3,Fear of risk/failure,Skills and knowledge from current job,Job teaches use things,Need clear guidance ,Feels stepping stone ,51+,
12/11/2025 12:14:45,,,Male,Married,Master’s,Healthcare,Doctor,16+,Permanent,30–40,1–2 hours,4,4,3,3,4,2,2,2,4,4,4,4,4,4,3,4,4,5,4,5,4,4,5,5,5,5,4,4,3,4,5,Family responsibilities,Financial savings,Job slows creativity ,Need better balance ,Mostly constraint ,41–50,
12/11/2025 12:16:28,,,Male,Divorced,Master’s,Tech,Manager,16+,Permanent,30–40,"30–60 mins,",3,4,5,3,4,4,4,5,4,5,3,2,3,5,4,3,4,3,3,4,4,4,2,4,3,3,5,5,5,4,2,Family responsibilities,Skills and knowledge from current job,Job boots confidence ,Need learning chances ,Feels stepping stone ,41–50,
12/11/2025 12:20:32,,,Male,Married,Master’s,Education,Teacher ,16+,Permanent,30–40,"30–60 mins,",3,2,1,4,2,4,5,3,4,4,5,4,4,4,4,3,4,4,4,3,3,5,5,3,2,3,5,5,5,4,3,Lack of skills,Skills and knowledge from current job,Stress kills creativity ,Need calm space,Mostly constraint ,41–50,
12/11/2025 12:23:23,,,Female,Married,Bachelor’s,Private,Banker ,11–15,Permanent,30–40,1–2 hours,2,4,4,4,4,4,5,5,5,4,4,4,4,4,4,5,4,5,5,4,4,4,4,5,4,4,5,5,5,4,3,Family responsibilities,Skills and knowledge from current job,Job gives experience ,Need more guidance ,More stepping stone ,41–50,
12/11/2025 12:25:38,,,Female,Married,Master’s,Education,Teacher ,6–10,Permanent,30–40,"30–60 mins,",4,4,3,5,5,5,5,5,5,5,4,5,4,5,5,1,5,4,5,5,3,3,3,2,1,2,3,5,2,4,5,Family responsibilities,Motivation/passion,Work takes free time,Need fewer duties,Mostly constraint ,36–40,
12/11/2025 12:27:27,,,Male,Married,Master’s,NGO,Manager ,16+,Part-time,Less than 30,More than 2 hours,4,5,4,4,4,5,5,5,4,5,5,4,4,3,5,4,4,4,5,5,5,4,5,5,5,1,3,5,4,4,4,Family responsibilities,"Access to resources (labs, tools, internet, etc.)",Job pushes my thinking,Need ideas freedom,Feels stepping stone ,41–50,
12/11/2025 12:29:28,,,Female,Married,Master’s,Education,Teacher ,16+,Contract,Less than 30,More than 2 hours,4,3,5,3,5,3,5,3,5,5,4,4,4,1,4,5,5,5,4,4,4,4,5,3,4,5,5,2,2,5,4,Lack of financial security,Skills and knowledge from current job,Job keeps me tired ,Need easier tasks ,More constraint ,41–50,
12/11/2025 12:31:30,,,Female,Married,Master’s,NGO,Manager ,11–15,Permanent,30–40,More than 2 hours,4,4,5,3,3,4,5,5,4,2,4,4,4,4,3,5,5,5,5,5,5,4,4,4,5,4,5,5,4,2,5,Family responsibilities,"Access to resources (labs, tools, internet, etc.)",Job grows my skills,Need more training ,Mostly steeping ,31–35,
12/11/2025 12:33:30,,,Male,Married,Master’s,Healthcare,Doctor ,11–15,Permanent,30–40,1–2 hours,3,5,4,4,4,5,4,4,4,4,5,4,3,3,4,2,3,4,5,5,5,4,3,5,4,4,4,5,3,4,4,Fear of risk/failure,Skills and knowledge from current job,Work block my ideas ,Need less pressure ,Most constraint ,36–40,
12/11/2025 12:35:21,,,Male,Married,HSC,Healthcare,Nurse ,3–5,Permanent,30–40,1–2 hours,2,1,2,4,3,3,4,4,4,5,3,4,4,2,5,5,4,4,4,4,5,4,5,3,4,4,5,4,1,3,5,"Fear of risk/failure, Lack of skills",Motivation/passion,Job helps me learn ,Need open discussion ,Feels stepping stone ,26–30,
12/11/2025 12:37:14,,,Male,Married,Master’s,Education,Teacher ,6–10,Permanent,30–40,"30–60 mins,",4,5,5,5,5,3,2,4,2,4,4,5,3,1,4,4,3,4,4,4,4,5,5,4,4,4,3,4,5,4,5,Family responsibilities,Financial savings,Job drains creativity ,Need better balance ,Constraint ,31–35,
12/11/2025 12:39:01,,,Male,Single,SSC or Less,Private,Office boy ,0–2,Part-time,30–40,More than 2 hours,4,4,5,3,4,3,3,4,2,4,4,4,4,5,4,3,5,4,3,5,5,3,4,3,4,4,1,3,2,4,4,Family responsibilities,"Access to resources (labs, tools, internet, etc.)",Job builds confidence ,Need more learning ,Stepping stone ,18-25,
12/11/2025 12:41:02,,,Female,Married,Master’s,Public,Banker ,16+,Permanent,30–40,"30–60 mins,",4,3,4,3,2,4,3,4,4,4,4,5,4,4,5,5,3,4,4,5,3,4,4,2,5,3,4,5,5,5,5,Lack of financial security,Skills and knowledge from current job,Stress stops new ideas,Need calm hours,Constraint,51+,
12/11/2025 12:42:59,,,Female,Single,HSC,Private,Sales women,0–2,Part-time,30–40,1–2 hours,3,5,5,5,5,5,5,4,4,5,4,4,3,4,4,3,4,4,1,5,4,3,3,3,4,4,5,5,5,5,5,Fear of risk/failure,"Skills and knowledge from current job, Networks and contacts",Job gives real skills,Need clear guidance ,Feels stepping stone ,18-25,
12/11/2025 12:44:45,,,Male,Married,SSC or Less,Garments,Quality manager,3–5,Permanent,30–40,More than 2 hours,4,3,2,5,3,3,2,3,4,5,5,4,2,2,3,5,4,5,4,4,5,5,4,2,4,5,5,4,4,5,3,Family responsibilities,Financial savings,Works eats free time,Need fewer duties ,More constraint now,18-25,
12/11/2025 12:46:44,,,Male,Married,Bachelor’s,Private,Banker ,3–5,Permanent,30–40,1–2 hours,4,5,2,3,3,5,5,4,4,4,3,1,4,4,5,5,4,4,3,3,2,4,5,4,4,4,5,4,3,4,4,Family responsibilities,Skills and knowledge from current job,Job improves my thinking ,Need creative space ,Mostly stepping stone ,31–35,
12/11/2025 12:48:35,,,Male,Married,Bachelor’s,Private,Banker ,11–15,Permanent,30–40,More than 2 hours,5,4,5,4,5,3,4,1,5,4,3,4,4,3,5,5,3,5,5,2,4,5,5,4,5,4,5,4,3,5,4,Family responsibilities,Financial savings,Job tires me daily ,Need easier tasks ,Mostly constraint ,41–50,
12/11/2025 12:50:32,,,Female,Married,Master’s,Tech,Sales manager ,16+,Permanent,30–40,1–2 hours,5,3,4,2,3,4,4,4,5,5,4,4,3,2,4,4,4,4,3,3,3,3,3,3,4,5,2,4,5,5,4,Fear of risk/failure,Motivation/passion,Job builds my skills,Need better training ,More stepping stone ,41–50,
12/11/2025 12:52:39,,,Male,Married,Bachelor’s,Public,Assistant ,11–15,Permanent,30–40,"30–60 mins,",4,3,1,3,4,4,5,5,3,4,3,4,5,5,1,5,2,5,1,3,4,4,4,3,5,2,3,3,3,5,5,Family responsibilities,Motivation/passion,Works kills creativity ,Need less pressure,Feels like a constraint ,41–50,
12/11/2025 12:54:47,,,Female,Married,Master’s,Healthcare,Nurse ,11–15,Permanent,30–40,"30–60 mins,",3,5,5,3,3,3,5,4,4,3,1,2,5,5,4,3,2,2,3,5,3,4,5,4,5,5,4,3,5,3,3,Family responsibilities,Skills and knowledge from current job,Job teaches me slowly ,I need more support ,Stepping stone ,36–40,
12/11/2025 12:56:30,,,Female,Married,Master’s,Education,Teacher ,11–15,Permanent,30–40,More than 2 hours,4,4,2,2,5,1,4,4,3,4,3,3,4,2,1,2,4,3,2,4,4,3,5,1,1,2,3,4,4,3,5,Fear of risk/failure,Skills and knowledge from current job,My job leaves me tried ,I need more break ,Constraint ,41–50,
12/11/2025 12:58:12,,,Female,Married,Bachelor’s,Private,Banker ,11–15,Permanent,41–50,More than 2 hours,4,5,3,3,5,5,1,2,3,5,2,5,5,5,4,1,5,5,5,4,4,4,4,4,5,5,5,5,4,5,1,Lack of skills,Motivation/passion,My job builds my confidence ,I need more learning space ,Stepping stone ,41–50,
12/11/2025 13:00:39,,,Male,Married,Master’s,Education,Teacher ,11–15,Permanent,30–40,More than 2 hours,4,4,4,4,3,3,5,3,4,5,5,3,4,3,3,3,4,5,3,2,4,5,4,1,3,3,2,2,3,5,5,Family responsibilities,"Financial savings, Access to resources (labs, tools, internet, etc.)",Work pressure drains ideas,I need calmer hours ,Constraint ,41–50,
12/11/2025 13:02:10,,,Male,Married,Master’s,Healthcare,Doctor ,16+,Part-time,30–40,"30–60 mins,",3,5,4,5,4,3,2,3,3,2,4,3,4,5,3,5,3,3,3,3,5,4,4,4,4,3,3,2,2,1,5,Fear of risk/failure,Skills and knowledge from current job,My job gives me skill ,I need clear guidance ,Stepping stone ,51+,
12/11/2025 13:04:01,,,Female,Married,Bachelor’s,NGO,Relationship manager ,11–15,Permanent,30–40,"30–60 mins,",4,4,5,5,4,3,2,3,4,5,2,4,4,4,2,4,4,4,2,4,4,4,5,2,4,4,5,4,4,4,5,Family responsibilities,Financial savings,Works kills my free time ,I need fewer duties ,Constraint,31–35,
12/11/2025 13:06:06,,,Female,Married,Master’s,Education,Teacher ,6–10,Permanent,30–40,More than 2 hours,5,3,5,3,5,4,3,4,4,3,2,5,4,3,2,3,5,5,5,4,4,2,4,3,3,4,5,4,5,2,1,Family responsibilities,"Access to resources (labs, tools, internet, etc.)",My job improves my thinking ,I need more freedom ,Constraint ,31–35,
12/11/2025 13:07:39,,,Male,Married,HSC,Private,Manager ,11–15,Permanent,30–40,1–2 hours,2,3,4,3,4,2,3,1,4,4,4,4,4,5,4,5,3,4,4,4,5,4,1,4,4,3,3,5,3,4,4,Fear of risk/failure,Skills and knowledge from current job,my job time me out ,I need easier tasks ,Constraint,36–40,
12/11/2025 13:09:44,,,Male,Married,Master’s,Public,Custom officer ,16+,Permanent,30–40,"30–60 mins,",4,4,4,5,5,3,2,2,4,5,4,5,5,2,4,3,4,4,3,5,4,4,5,5,2,4,2,3,1,2,4,Fear of risk/failure,Skills and knowledge from current job,my job grow my skill ,I need a better training ,Stepping stone ,41–50,
12/11/2025 13:11:47,,,Male,Single,HSC,Other,Sales oparetor ,0–2,Permanent,30–40,"30–60 mins,",4,4,3,4,4,3,4,4,4,5,3,5,3,2,2,5,4,1,5,2,5,4,3,3,3,5,3,4,5,2,5,Family responsibilities,"Access to resources (labs, tools, internet, etc.)",Work stress blocks ideas ,I need fewer tasks,Constraint ,18-25,
12/11/2025 13:13:40,,,Male,Married,HSC,Private,Account officer ,6–10,Permanent,30–40,More than 2 hours,3,1,1,1,1,4,1,4,3,4,4,5,4,3,5,4,3,5,4,2,4,1,2,2,3,3,4,3,3,4,3,"Family responsibilities, Fear of risk/failure","Financial savings, Motivation/passion",My job teaches me slowly ,I need more support ,Feels like a stepping stone ,26–30,
12/11/2025 13:15:04,,,Male,Married,HSC,Private,Marketing officer,3–5,Permanent,41–50,1–2 hours,2,4,3,1,1,4,3,1,2,4,4,4,5,4,2,5,3,4,4,3,5,2,4,4,5,3,4,2,2,5,5,Lack of financial security,Financial savings,Work stress blocks ideas ,I need fewer tasks,constraint ,31–35,
12/11/2025 13:16:19,,,Female,Married,Master’s,Private,Banker ,11–15,Permanent,30–40,1–2 hours,4,5,3,4,4,4,3,2,1,1,5,4,4,3,4,4,4,5,4,3,2,4,5,4,4,5,3,3,3,4,5,Family responsibilities,Networks and contacts,Work stress blocks ideas ,I need fewer tasks,stepping stone ,41–50,
12/11/2025 21:01:41,,,Female,Single,HSC,Private,office boy,0–2,Permanent,30–40,1–2 hours,4,4,5,2,5,3,2,2,4,4,3,3,5,5,3,3,2,2,1,2,4,4,4,2,1,3,1,3,2,4,4,Fear of risk/failure,Networks and contacts,Skills improve.,Need training.,stepping stone ,18-25,
12/11/2025 21:03:04,,,Male,Married,Bachelor’s,Private,Banker,0–2,Permanent,30–40,"30–60 mins,",3,4,4,4,5,3,2,3,5,3,2,3,4,2,3,2,4,3,3,5,5,4,1,1,4,3,1,3,4,5,5,Fear of risk/failure,"Networks and contacts, Access to resources (labs, tools, internet, etc.)",Ideas grow.,Need freedom.,Constraint ,26–30,
12/11/2025 21:14:54,,,Male,Married,Master’s,Education,Teacher ,3–5,Permanent,30–40,"30–60 mins,",3,4,4,3,4,3,3,5,5,4,5,5,4,3,3,5,5,1,4,3,5,4,3,5,4,5,3,5,4,4,5,Fear of risk/failure,Networks and contacts,Job builds.,Need calm space.,constraint,31–35,
12/11/2025 21:16:28,,,Female,Married,Master’s,Education,Teacher ,3–5,Permanent,30–40,1–2 hours,3,5,4,3,4,5,4,3,5,4,2,3,5,5,4,4,4,5,5,1,3,2,3,2,4,3,2,5,4,2,3,"Family responsibilities, Fear of risk/failure","Skills and knowledge from current job, Access to resources (labs, tools, internet, etc.)",Confidence rises.,Need chances.,stepping stone ,31–35,
12/11/2025 21:18:01,,,Male,Single,HSC,Private,Marketing ,0–2,Permanent,30–40,1–2 hours,3,2,3,4,3,4,4,1,3,4,4,3,4,1,5,4,3,4,4,3,5,4,3,2,5,4,4,3,5,1,1,"Family responsibilities, Fear of risk/failure","Skills and knowledge from current job, Access to resources (labs, tools, internet, etc.)",Confidence rises.,Need chances.,constraint,18-25,
12/11/2025 21:19:30,,,Male,Married,Master’s,Education,Teacher ,3–5,Permanent,30–40,1–2 hours,2,4,2,1,4,4,3,4,3,4,4,3,3,1,1,3,5,4,4,4,4,5,3,1,3,4,3,4,3,4,4,"Family responsibilities, Unsupportive organization","Financial savings, Access to resources (labs, tools, internet, etc.)",Creativity drops.,Need balance.,Constraint,36–40,
12/11/2025 21:20:58,,,Male,Married,Master’s,NGO,Manager,0–2,Permanent,30–40,More than 2 hours,5,3,4,4,5,5,2,2,1,5,5,3,4,4,5,3,4,1,5,2,3,3,3,4,5,1,2,5,5,4,3,"Lack of financial security, Fear of risk/failure","Financial savings, Networks and contacts, Access to resources (labs, tools, internet, etc.)",Skills improve.,Need training.,constraint ,26–30,
12/11/2025 21:22:26,,,Female,Married,Master’s,Education,Teacher ,6–10,Permanent,41–50,"30–60 mins,",3,4,3,4,4,4,3,2,3,3,4,5,5,4,4,2,4,4,4,5,5,4,4,4,3,2,1,2,4,4,4,"Lack of financial security, Unsupportive organization","Skills and knowledge from current job, Access to resources (labs, tools, internet, etc.)",Ideas grow.,Need freedom.,stepping stone ,36–40,
12/11/2025 21:24:12,,,Male,Married,Master’s,Healthcare,Doctor ,11–15,Permanent,41–50,"30–60 mins,",2,4,5,4,4,4,5,5,5,4,3,5,4,5,5,5,3,5,3,5,5,5,5,4,4,5,4,5,5,4,2,"Lack of time, Fear of risk/failure","Financial savings, Networks and contacts",Stress blocks.,Need chances.,Constraint,41–50,
12/11/2025 21:25:34,,,Male,Married,Master’s,Private,Banker,6–10,Permanent,30–40,More than 2 hours,4,3,3,2,2,4,4,2,4,4,2,4,2,5,1,2,2,2,3,3,4,4,5,4,5,3,1,1,2,1,4,Fear of risk/failure,Skills and knowledge from current job,Stress blocks.,Need calm space.,Stepping stone ,41–50,
12/11/2025 21:27:00,,,Female,Single,Master’s,Private,Banker,3–5,Permanent,30–40,"30–60 mins,",3,4,4,4,3,2,2,4,5,4,4,4,4,5,4,1,3,3,2,1,4,4,5,4,4,4,3,4,3,3,4,"Family responsibilities, Unsupportive organization","Financial savings, Access to resources (labs, tools, internet, etc.)",Confidence rises.,Need balance.,Constraint ,26–30,
12/11/2025 21:28:23,,,Female,Married,Master’s,Education,Teacher ,11–15,Permanent,30–40,More than 2 hours,3,4,4,3,4,4,5,4,3,1,2,4,3,3,3,4,4,5,4,4,2,4,2,3,3,4,5,4,3,4,2,"Family responsibilities, Unsupportive organization","Networks and contacts, Motivation/passion",Confidence rises.,Need chances.,Constraint ,41–50,
12/11/2025 21:29:41,,,Female,Married,Master’s,Healthcare,Doctor,6–10,Permanent,30–40,1–2 hours,3,4,4,5,2,4,3,5,4,4,4,3,4,3,4,4,3,4,4,4,4,3,5,4,3,5,3,2,4,5,4,"Lack of financial security, Unsupportive organization",Skills and knowledge from current job,Confidence rises.,Need calm space.,Constraint,41–50,
12/11/2025 21:30:58,,,Male,Married,Master’s,Healthcare,Doctor,16+,Permanent,30–40,More than 2 hours,3,5,3,3,4,4,3,3,5,5,5,3,4,5,4,4,2,5,5,4,4,3,5,5,2,2,1,2,3,5,3,"Lack of time, Unsupportive organization","Supportive boss/organization, Financial savings, Networks and contacts, Motivation/passion",Confidence rises.,Need calm space.,Stepping stone ,51+,
12/11/2025 21:32:19,,,Female,Married,Master’s,Public,Teacher,11–15,Permanent,30–40,More than 2 hours,2,1,1,1,2,3,2,1,2,3,3,1,3,4,1,2,4,3,5,3,1,3,3,2,3,3,3,3,4,3,2,"Lack of financial security, Lack of skills","Financial savings, Access to resources (labs, tools, internet, etc.)",Confidence rises.,Need training.,Stepping stone ,41–50,
12/11/2025 21:33:43,,,Male,Married,Master’s,Other,Manager,6–10,Permanent,30–40,1–2 hours,3,2,2,3,3,2,4,5,5,4,4,4,4,5,4,4,5,5,1,3,3,5,1,3,5,3,4,3,5,5,2,"Lack of financial security, Fear of risk/failure, Lack of skills","Supportive boss/organization, Skills and knowledge from current job, Access to resources (labs, tools, internet, etc.)",Skills improve.,Need training.,Stepping stone ,41–50,
12/11/2025 21:35:06,,,Male,Married,Master’s,Private,Banker,6–10,Permanent,41–50,"30–60 mins,",4,3,2,5,4,4,4,5,2,2,4,4,5,4,4,2,4,2,4,4,5,3,4,3,1,3,4,2,4,2,3,"Lack of financial security, Fear of risk/failure","Supportive boss/organization, Financial savings, Networks and contacts",Job builds.,Need calm space.,Constraint ,36–40,
12/11/2025 21:36:25,,,Male,Married,Master’s,Healthcare,Doctor,6–10,Contract,30–40,"30–60 mins,",1,2,1,3,2,4,3,4,5,4,4,4,3,4,5,2,3,3,4,2,4,4,4,5,5,5,4,5,1,3,3,"Lack of financial security, Unsupportive organization","Supportive boss/organization, Financial savings, Access to resources (labs, tools, internet, etc.)",Confidence rises.,Need training.,Constraint ,41–50,
12/11/2025 21:37:48,,,Female,Married,Master’s,Private,Teacher,16+,Permanent,Less than 30,More than 2 hours,5,4,5,4,3,3,4,4,3,3,2,5,4,3,2,2,1,2,3,3,3,1,4,3,4,2,5,3,2,3,4,"Family responsibilities, Lack of skills","Financial savings, Access to resources (labs, tools, internet, etc.)",Skills improve.,Need freedom.,Constraint,41–50,
12/11/2025 21:39:22,,,Female,Married,Master’s,SME,Manager ,11–15,Part-time,41–50,1–2 hours,3,4,3,4,5,4,5,4,4,4,5,5,4,5,5,5,1,3,3,5,4,5,4,4,5,3,4,5,4,5,3,"Lack of financial security, Fear of risk/failure","Supportive boss/organization, Skills and knowledge from current job",Skills improve.,Need training.,Constraint,41–50,
12/11/2025 21:40:47,,,Male,Married,Master’s,Private,Manager,11–15,Permanent,30–40,"30–60 mins,",3,4,3,5,4,5,4,4,5,4,5,5,5,4,5,5,5,5,5,4,5,3,5,3,5,3,5,3,3,5,3,"Lack of financial security, Unsupportive organization","Financial savings, Networks and contacts",Skills improve.,Need training.,constraint,41–50,
12/11/2025 21:42:14,,,Male,Married,Master’s,Healthcare,Doctor,11–15,Contract,Less than 30,Less than 30 mins,5,5,4,5,4,5,4,5,4,5,5,5,5,5,5,5,5,4,5,4,1,4,5,5,4,4,5,4,5,4,5,"Family responsibilities, Fear of risk/failure","Supportive boss/organization, Networks and contacts",Skills improve.,Need freedom.,Constraint,41–50,
12/11/2025 21:43:37,,,Male,Married,Master’s,Education,Teacher,6–10,Permanent,30–40,"30–60 mins,",5,5,5,5,5,5,5,5,5,5,5,5,5,5,5,5,3,4,4,5,5,5,4,5,4,5,4,5,4,4,5,"Lack of financial security, Unsupportive organization","Financial savings, Access to resources (labs, tools, internet, etc.)",Confidence rises.,Need balance.,Stepping stone ,41–50,
12/11/2025 21:45:04,,,Male,Married,Master’s,Private,Banker,11–15,Permanent,30–40,1–2 hours,5,5,4,5,4,4,5,4,5,4,1,5,4,5,4,5,4,4,5,4,5,5,4,5,4,5,4,5,4,5,5,"Family responsibilities, Unsupportive organization","Supportive boss/organization, Skills and knowledge from current job",Confidence rises.,Need chances.,Constraint ,41–50,
12/11/2025 21:46:39,,,Male,Married,Master’s,Healthcare,Doctor,16+,Contract,30–40,1–2 hours,5,5,5,3,4,4,4,3,4,3,5,5,5,4,5,4,5,4,5,4,5,5,4,5,4,5,4,5,4,5,4,Family responsibilities,Supportive boss/organization,Confidence rises.,Need balance.,constraint ,41–50,
12/11/2025 21:48:05,,,Female,Married,Bachelor’s,Public,Banker,11–15,Permanent,30–40,1–2 hours,5,5,5,5,4,5,4,5,4,5,5,4,4,5,5,5,3,3,5,4,5,5,4,4,4,5,4,4,5,4,5,Family responsibilities,Financial savings,Confidence rises.,Need balance.,Constraint,36–40,
12/11/2025 21:49:38,,,Male,Married,Master’s,Education,Teacher,11–15,Permanent,30–40,"30–60 mins,",5,5,4,5,4,4,5,4,5,4,3,4,5,4,5,5,5,4,5,4,5,3,5,4,5,4,4,4,5,4,5,"Lack of financial security, Fear of risk/failure","Financial savings, Networks and contacts, Access to resources (labs, tools, internet, etc.)",Confidence rises.,Need chances.,Stepping stone ,36–40,
12/11/2025 21:50:56,,,Male,Married,Master’s,Education,Teacher ,11–15,Permanent,30–40,"30–60 mins,",5,4,5,5,5,5,5,5,5,5,1,5,4,5,4,4,5,4,5,4,5,4,4,5,4,5,4,4,5,4,5,Lack of financial security,Financial savings,Confidence rises.,Need chances.,Constraint,41–50,
12/11/2025 21:52:09,,,Male,Married,Bachelor’s,Private,Banker,11–15,Permanent,30–40,"30–60 mins,",4,4,5,5,4,5,5,4,5,5,4,5,4,5,4,5,5,4,5,4,5,4,5,4,5,4,4,5,4,5,4,Fear of risk/failure,Financial savings,Confidence rises.,Need chances.,constraint,41–50,
12/11/2025 21:53:38,,,Male,Married,HSC,Education,Teacher,6–10,Permanent,30–40,"30–60 mins,",5,5,5,4,5,4,4,5,4,5,5,4,5,4,5,2,5,4,5,4,5,5,4,5,4,4,5,4,5,4,4,Family responsibilities,Skills and knowledge from current job,Confidence rises.,Need chances.,constraint,41–50,
12/11/2025 21:55:05,,,Male,Married,PhD+=,Healthcare,Doctor,6–10,Permanent,30–40,"30–60 mins,",4,5,5,4,5,4,5,4,5,4,5,4,4,5,4,5,5,4,5,4,5,5,5,5,4,5,5,5,4,5,4,Family responsibilities,Skills and knowledge from current job,Confidence rises.,Need chances.,constraint,41–50,
12/11/2025 21:56:21,,,Female,Married,Master’s,Education,Teacher,16+,Permanent,30–40,"30–60 mins,",5,5,5,4,5,4,5,4,4,5,5,4,5,4,5,4,5,4,5,4,5,4,5,4,5,4,5,5,4,5,4,"Lack of financial security, Unsupportive organization","Financial savings, Access to resources (labs, tools, internet, etc.)",Confidence rises.,Need chances.,Constraint,51+,
12/11/2025 21:57:46,,,Female,Married,Bachelor’s,Healthcare,Nurse,11–15,Contract,41–50,More than 2 hours,5,5,5,5,5,5,5,5,5,5,5,5,5,5,5,5,5,5,5,5,5,5,5,5,5,5,5,5,5,5,1,"Lack of financial security, Unsupportive organization","Skills and knowledge from current job, Networks and contacts",Confidence rises.,Need chances.,Constraint,41–50,
12/11/2025 21:58:57,,,Male,Married,Bachelor’s,Healthcare,Manager,6–10,Permanent,30–40,Less than 30 mins,3,5,4,5,4,4,5,4,5,4,4,4,4,5,4,5,5,4,5,4,5,3,4,5,4,4,4,5,4,5,4,Family responsibilities,Financial savings,Stress blocks.,Need calm space.,constraint ,41–50,
12/11/2025 22:01:22,,,Male,Married,Bachelor’s,Healthcare,Teacher,11–15,Permanent,41–50,More than 2 hours,2,5,4,5,4,5,4,5,4,5,5,5,4,5,4,5,5,4,5,4,5,4,5,5,5,4,5,4,5,4,5,Lack of financial security,"Access to resources (labs, tools, internet, etc.)",Jobs makes idea,Need freedom ,Constraint,41–50,
12/11/2025 22:02:43,,,Female,Married,Master’s,Education,Teacher,16+,Permanent,30–40,"30–60 mins,",5,5,5,5,5,4,4,4,5,4,4,5,4,5,4,5,5,4,5,4,5,3,4,5,3,5,4,4,5,4,5,Lack of time,Financial savings,Jobs makes idea,Need freedom,Stepping stone ,41–50,
12/11/2025 22:04:08,,,Female,Married,Master’s,Education,Teacher,11–15,Permanent,30–40,"30–60 mins,",5,5,5,5,5,5,5,5,5,5,1,1,5,4,5,4,4,4,5,4,5,1,4,4,5,4,4,5,5,4,4,Family responsibilities,Financial savings,Jobs makes idea,Need freedom,constraint,36–40,
12/11/2025 22:06:15,,,Male,Married,Master’s,SME,Manager ,11–15,Permanent,30–40,Less than 30 mins,3,2,2,4,4,5,5,2,4,4,2,2,1,2,3,4,2,3,3,5,5,2,3,3,4,4,5,4,4,5,5,"Lack of financial security, Unsupportive organization","Financial savings, Access to resources (labs, tools, internet, etc.)",Jobs makes idea,Need freedom,constraint,41–50,
12/11/2025 22:07:29,,,Male,Married,HSC,NGO,Manager,16+,Permanent,Less than 30,Less than 30 mins,5,5,5,5,5,5,5,5,5,5,5,5,5,5,5,5,1,5,5,5,5,1,1,5,5,5,5,5,4,5,5,"Lack of financial security, Unsupportive organization","Financial savings, Access to resources (labs, tools, internet, etc.)",Jobs makes idea,Need freedom,stepping stone ,41–50,
12/11/2025 22:08:40,,,Male,Married,Bachelor’s,Private,Banker,6–10,Permanent,41–50,"30–60 mins,",2,5,5,5,5,5,5,5,5,5,1,1,5,5,5,1,1,1,5,4,5,3,4,4,4,5,4,5,5,4,5,Unsupportive organization,Financial savings,Jobs makes idea,Need freedom,stepping stone ,36–40,
12/11/2025 22:11:18,,,Female,Married,HSC,Education,Assistant ,11–15,Permanent,Less than 30,Less than 30 mins,1,1,3,2,5,5,5,1,5,5,1,1,1,5,5,5,1,1,1,4,5,2,1,1,5,5,5,5,2,5,5,Lack of financial security,"Access to resources (labs, tools, internet, etc.)",Jobs makes idea,Need freedom,Constraint ,41–50,
12/11/2025 22:12:22,,,Female,Married,Master’s,Education,Teacher ,16+,Permanent,30–40,Less than 30 mins,1,1,5,5,1,4,5,4,5,4,1,1,5,4,5,4,1,1,5,4,5,3,2,4,5,4,5,4,4,5,4,"Lack of time, Family responsibilities, Fear of risk/failure","Supportive boss/organization, Skills and knowledge from current job, Access to resources (labs, tools, internet, etc.)",Jobs makes idea,Need freedom,Constraint,41–50,
12/11/2025 22:13:43,,,Male,Married,Bachelor’s,Private,Banker,3–5,Permanent,41–50,1–2 hours,4,5,5,5,5,5,5,5,5,5,5,5,5,5,5,5,3,4,4,5,4,5,5,4,5,4,4,5,4,4,5,Lack of financial security,"Supportive boss/organization, Skills and knowledge from current job",Jobs makes idea,Need freedom,Constraint,36–40,
12/11/2025 22:14:50,,,Male,Married,Bachelor’s,Private,Banker,6–10,Permanent,30–40,1–2 hours,1,5,5,5,4,5,4,5,4,5,3,4,4,5,4,5,2,4,4,4,5,4,4,4,4,5,5,4,4,5,4,Family responsibilities,Skills and knowledge from current job,Jobs makes idea,Need freedom,Constraint,36–40,
12/11/2025 22:16:10,,,Male,Married,Bachelor’s,Private,Banker,11–15,Permanent,30–40,"30–60 mins,",5,5,5,5,5,5,5,5,5,5,1,1,5,4,4,5,1,1,3,4,4,4,4,4,4,4,4,4,4,4,4,Family responsibilities,Financial savings,Jobs makes idea,Need freedom,Constraint,41–50,
12/11/2025 22:17:34,,,Male,Single,HSC,Healthcare,Nurse,11–15,Permanent,Less than 30,1–2 hours,4,4,5,4,5,4,5,4,5,4,2,3,5,4,5,4,5,4,5,4,5,5,3,5,4,4,5,4,5,4,1,"Lack of financial security, Unsupportive organization","Supportive boss/organization, Networks and contacts",Jobs makes idea,Need freedom,Constraint,36–40,
12/11/2025 22:18:57,,,Male,Married,Master’s,Private,Account manager,11–15,Permanent,Less than 30,1–2 hours,5,5,5,5,5,5,5,5,5,5,5,5,5,4,5,5,5,4,5,4,5,5,4,5,4,5,4,5,4,5,4,"Lack of financial security, Fear of risk/failure","Financial savings, Skills and knowledge from current job, Motivation/passion",Jobs makes idea,Need freedom,Constraint,41–50,
12/11/2025 22:20:32,,,Male,Married,Bachelor’s,Private,Account manager,0–2,Part-time,30–40,Less than 30 mins,4,4,5,5,5,5,5,5,5,5,5,5,5,5,5,5,5,5,5,5,5,5,5,5,5,5,5,5,5,5,5,"Lack of financial security, Fear of risk/failure, Unsupportive organization","Supportive boss/organization, Access to resources (labs, tools, internet, etc.)",Jobs makes idea,Need freedom,Stepping stone ,18-25,
12/13/2025 19:42:41,,,Female,Married,Bachelor’s,Public,Primary teacher ,3–5,Permanent,41–50,"30–60 mins,",2,2,2,4,2,4,3,3,3,5,4,2,3,2,3,4,2,3,3,5,5,2,1,2,5,4,2,2,1,3,3,"Lack of time, Lack of financial security, Family responsibilities, Fear of risk/failure","Financial savings, Skills and knowledge from current job",,,Constraint,26–30,
12/13/2025 19:45:05,,,Male,Married,Bachelor’s,NGO,Supervisor ,11–15,Permanent,41–50,"30–60 mins,",2,1,2,2,4,5,1,3,3,5,2,2,3,4,4,5,5,4,1,2,3,3,2,1,1,1,4,3,5,4,5,"Lack of financial security, Family responsibilities, Fear of risk/failure","Supportive boss/organization, Financial savings, Skills and knowledge from current job",,,Stepping stone,36–40,
12/13/2025 19:47:25,,,Female,Married,Master’s,Public,Head master,11–15,Permanent,41–50,1–2 hours,4,4,5,1,1,2,2,2,5,2,2,2,2,3,4,3,2,3,4,4,4,2,2,3,2,3,4,4,1,1,4,"Lack of time, Lack of financial security, Family responsibilities, Fear of risk/failure","Supportive boss/organization, Financial savings",,,,41–50,
12/13/2025 19:49:47,,,Female,Single,HSC,Private,Sales man,3–5,Contract,Less than 30,More than 2 hours,2,2,1,1,3,2,2,2,5,1,3,2,4,3,5,5,1,4,4,5,3,5,5,4,2,5,5,5,2,5,3,"Lack of time, Lack of financial security, Family responsibilities","Supportive boss/organization, Financial savings, Skills and knowledge from current job",,,,18-25,
12/13/2025 19:51:15,,,Male,Married,Bachelor’s,Public,Junior typesetter ,3–5,Contract,41–50,"30–60 mins,",2,3,3,1,4,4,3,5,5,1,3,3,3,5,4,4,1,3,4,4,5,1,5,2,3,3,4,4,2,2,3,"Lack of time, Lack of financial security, Family responsibilities","Supportive boss/organization, Financial savings, Networks and contacts",,,,31–35,
12/13/2025 19:53:18,,,Male,Married,Bachelor’s,Private,Graphic Designer,3–5,Contract,30–40,1–2 hours,2,4,3,2,5,3,2,3,3,3,4,4,2,3,2,4,1,3,5,3,2,1,1,4,5,5,3,4,5,4,4,Lack of financial security,"Financial savings, Skills and knowledge from current job",,,,26–30,
12/13/2025 19:54:41,,,Male,Married,SSC or Less,Public,Police,6–10,Permanent,30–40,1–2 hours,3,2,4,2,3,3,5,3,3,3,2,4,5,5,5,3,2,4,2,3,4,2,2,5,4,3,2,2,3,5,5,"Family responsibilities, Fear of risk/failure","Supportive boss/organization, Financial savings",,,,31–35,
12/13/2025 20:01:48,,,Female,Married,HSC,Public,Nurse,6–10,Contract,41–50,"30–60 mins,",1,1,2,2,3,2,2,3,3,4,3,2,5,2,4,2,3,3,4,3,5,2,1,3,4,3,3,4,4,4,4,"Lack of financial security, Family responsibilities, Fear of risk/failure","Supportive boss/organization, Financial savings, Skills and knowledge from current job",,,Constraint,36–40,
12/13/2025 20:03:26,,,Male,Married,Bachelor’s,Public,Senior officer,6–10,Permanent,30–40,"30–60 mins,",3,3,4,4,3,2,2,1,5,3,3,3,2,4,4,4,2,3,4,3,2,4,3,3,4,5,5,4,4,3,3,"Lack of time, Lack of financial security, Family responsibilities","Supportive boss/organization, Financial savings, Skills and knowledge from current job",,,,31–35,
12/13/2025 20:05:50,,,Male,Married,Bachelor’s,Garments,Worker,6–10,Contract,30–40,"30–60 mins,",3,3,4,3,3,2,3,4,4,5,4,1,1,1,4,3,2,2,3,5,5,4,4,3,4,5,4,4,3,2,2,"Lack of time, Lack of financial security, Family responsibilities","Supportive boss/organization, Financial savings, Skills and knowledge from current job",,,,31–35,
12/13/2025 20:07:22,,,Female,Married,Bachelor’s,Private,Fashion Designer ,3–5,Contract,41–50,"30–60 mins,",2,4,3,1,1,3,4,3,3,3,2,3,1,1,2,4,2,2,2,4,3,3,2,4,3,5,4,2,4,2,3,"Lack of time, Fear of risk/failure","Supportive boss/organization, Financial savings, Skills and knowledge from current job",,,,26–30,
12/13/2025 20:08:48,,,Male,Single,HSC,Private,Job,3–5,Part-time,41–50,"30–60 mins,",2,2,3,3,4,5,5,1,1,4,2,2,2,1,4,2,4,4,4,4,4,4,4,4,4,1,2,4,3,3,4,"Lack of time, Lack of financial security, Family responsibilities","Supportive boss/organization, Skills and knowledge from current job",,,,31–35,
12/13/2025 20:10:24,,,Male,Married,Master’s,Education,Teacher ,11–15,Permanent,30–40,1–2 hours,3,3,2,4,3,1,5,3,4,5,3,4,4,3,2,3,2,4,4,3,4,3,4,3,1,4,3,3,4,4,3,Family responsibilities,"Supportive boss/organization, Financial savings",,,,36–40,
12/13/2025 20:11:47,,,Female,Divorced,Bachelor’s,Private,Fashion designer ,6–10,Permanent,41–50,1–2 hours,2,1,3,3,2,3,2,1,2,5,2,1,2,1,2,4,2,2,3,1,2,4,4,2,4,3,4,4,4,4,3,"Lack of financial security, Family responsibilities",Supportive boss/organization,,,,36–40,
12/13/2025 20:13:15,,,Male,Married,HSC,Public,Police,6–10,Permanent,30–40,"30–60 mins,",3,2,4,3,3,3,3,1,5,3,2,4,3,3,3,3,2,3,4,4,4,1,3,3,2,1,3,3,4,5,3,"Lack of time, Lack of financial security, Family responsibilities, Fear of risk/failure","Supportive boss/organization, Skills and knowledge from current job, Networks and contacts",,,,31–35,
12/13/2025 20:14:55,,,Female,Married,HSC,Private,Business ,6–10,Permanent,30–40,"30–60 mins,",4,2,4,4,3,3,3,3,3,5,2,3,3,4,4,3,3,2,3,2,2,2,2,3,3,4,3,2,2,3,2,Family responsibilities,"Financial savings, Networks and contacts",,,,26–30,
12/13/2025 20:19:19,,,Female,Divorced,Bachelor’s,Private,Designer ,3–5,Contract,41–50,1–2 hours,2,4,3,3,3,2,5,3,4,3,2,2,2,2,2,4,4,2,4,3,5,4,3,4,3,3,4,4,4,3,3,"Lack of time, Unsupportive organization","Supportive boss/organization, Skills and knowledge from current job",,,,26–30,
12/13/2025 20:20:43,,,Male,Single,HSC,Public,Army,3–5,Permanent,30–40,"30–60 mins,",1,2,3,3,2,5,2,3,4,4,3,3,3,2,4,3,3,4,2,4,1,4,3,4,1,4,4,1,4,2,4,"Lack of financial security, Family responsibilities","Financial savings, Skills and knowledge from current job",,,,18-25,
12/13/2025 20:22:20,,,Male,Married,Bachelor’s,Public,Computer operator ,3–5,Permanent,30–40,Less than 30 mins,2,3,4,4,3,2,3,3,4,3,3,4,4,3,2,3,2,3,3,3,3,3,3,3,4,4,4,1,4,4,4,"Lack of time, Lack of financial security","Supportive boss/organization, Skills and knowledge from current job",,,,26–30,
12/13/2025 22:07:55,,,Male,Single,Bachelor’s,Public,Job holder,6–10,Permanent,30–40,"30–60 mins,",1,2,2,2,1,2,1,2,3,2,1,4,2,2,3,2,2,2,3,4,4,1,3,4,2,3,4,5,2,4,3,"Lack of financial security, Family responsibilities","Supportive boss/organization, Financial savings, Skills and knowledge from current job",,,,31–35,
12/13/2025 22:09:22,,,Male,Married,HSC,Private,Designer ,3–5,Permanent,30–40,"30–60 mins,",2,3,3,2,1,5,3,3,1,5,1,3,5,2,2,5,1,4,2,5,2,2,3,4,5,5,4,2,5,5,2,"Lack of time, Lack of financial security, Family responsibilities","Supportive boss/organization, Financial savings, Skills and knowledge from current job",,,,26–30,
12/13/2025 22:10:59,,,Female,Married,Master’s,Education,Senior teacher ,6–10,Permanent,41–50,1–2 hours,4,4,4,1,5,4,5,4,4,1,2,3,5,5,3,4,4,4,5,3,4,4,2,2,3,4,4,3,2,1,4,"Lack of time, Lack of financial security, Fear of risk/failure",Supportive boss/organization,,,,41–50,
12/13/2025 22:14:35,,,Male,Married,SSC or Less,NGO,Field supervisor ,3–5,Permanent,30–40,1–2 hours,2,3,2,1,2,4,2,4,2,4,3,4,2,4,2,4,2,4,2,3,4,3,3,2,2,2,4,3,3,1,2,"Lack of time, Lack of financial security, Fear of risk/failure","Financial savings, Skills and knowledge from current job",,,,26–30,
12/13/2025 22:16:22,,,Female,Divorced,HSC,Private,Worker,6–10,Permanent,Less than 30,"30–60 mins,",2,1,1,2,2,3,1,2,4,2,2,2,2,4,2,1,2,3,2,2,1,3,1,4,2,4,3,5,4,3,2,"Lack of time, Lack of financial security, Family responsibilities, Fear of risk/failure","Supportive boss/organization, Financial savings, Skills and knowledge from current job",,,,26–30,
12/13/2025 22:18:47,,,Male,Single,SSC or Less,Private,Worker,6–10,Permanent,41–50,1–2 hours,2,2,4,2,2,2,4,2,2,4,2,4,2,2,3,3,2,3,3,2,2,3,3,1,4,2,2,3,3,5,5,"Lack of time, Fear of risk/failure","Supportive boss/organization, Skills and knowledge from current job, Networks and contacts",,,,18-25,
12/13/2025 22:20:34,,,Male,Married,Master’s,Private,Manager,16+,Permanent,Less than 30,"30–60 mins,",2,4,2,5,5,3,3,4,5,5,4,5,4,5,4,4,4,4,2,4,3,2,5,3,5,4,1,4,5,4,4,"Lack of time, Lack of financial security, Family responsibilities","Supportive boss/organization, Financial savings",,,,36–40,
12/13/2025 22:43:03,,,Male,Married,Bachelor’s,Private,Assistant graphic designer,3–5,Part-time,30–40,"30–60 mins,",1,2,3,1,4,4,3,2,1,4,1,3,4,3,4,2,3,3,4,5,4,1,3,5,4,3,2,3,4,4,2,"Lack of time, Lack of financial security, Family responsibilities, Unsupportive organization","Supportive boss/organization, Skills and knowledge from current job, Access to resources (labs, tools, internet, etc.)",,,,31–35,
12/13/2025 22:44:41,,,Male,Married,Master’s,Healthcare,Health officer,6–10,Permanent,41–50,"30–60 mins,",3,2,4,3,2,4,3,2,3,4,1,4,1,3,3,5,1,2,3,5,5,1,3,5,3,2,3,2,1,4,5,"Lack of time, Lack of financial security, Family responsibilities, Fear of risk/failure","Supportive boss/organization, Financial savings, Networks and contacts",,,,31–35,
12/13/2025 22:46:13,,,Male,Married,Bachelor’s,Private,Health officer,3–5,Contract,30–40,"30–60 mins,",4,3,4,2,1,4,3,2,4,5,4,4,4,2,4,3,3,2,3,1,4,3,5,3,2,4,3,5,5,3,3,"Family responsibilities, Fear of risk/failure, Unsupportive organization","Financial savings, Skills and knowledge from current job, Networks and contacts",,,,26–30,
12/13/2025 22:47:51,,,Male,Married,Bachelor’s,Tech,Software Engineer,6–10,Permanent,30–40,"30–60 mins,",3,2,3,5,3,2,1,1,1,3,3,2,4,5,1,1,3,3,4,4,4,3,2,3,4,5,5,4,5,5,4,"Lack of financial security, Family responsibilities","Supportive boss/organization, Financial savings, Skills and knowledge from current job, Networks and contacts",,,,36–40,
12/13/2025 22:50:01,,,Male,Married,Bachelor’s,Other,Marketing psychologist ,3–5,Contract,30–40,"30–60 mins,",3,2,1,3,4,3,1,2,4,2,4,4,3,3,1,2,4,1,3,1,1,2,5,3,3,2,3,4,5,1,1,"Lack of time, Lack of financial security, Family responsibilities, Fear of risk/failure, Unsupportive organization","Financial savings, Skills and knowledge from current job, Networks and contacts, Access to resources (labs, tools, internet, etc.)",,,,18-25,
12/13/2025 22:51:39,,,Male,Married,Bachelor’s,Education,Teacher,11–15,Permanent,30–40,"30–60 mins,",3,4,3,2,5,4,2,2,5,5,4,1,5,5,5,4,4,5,4,5,5,5,4,4,5,4,4,3,3,3,3,"Lack of financial security, Fear of risk/failure, Unsupportive organization","Financial savings, Networks and contacts",,,,26–30,
12/13/2025 22:53:08,,,Male,Single,HSC,Public,Worker,6–10,Permanent,41–50,More than 2 hours,4,4,5,4,3,4,2,4,5,3,3,2,5,3,5,4,5,5,3,4,5,5,4,4,4,4,4,4,4,1,4,Fear of risk/failure,Financial savings,,,,26–30,
12/13/2025 22:54:31,,,Female,Married,Bachelor’s,Public,Teacher ,6–10,Permanent,30–40,1–2 hours,3,2,4,1,3,5,3,2,1,4,1,2,4,3,1,4,1,4,1,3,4,3,2,3,4,2,4,2,1,1,1,"Lack of time, Lack of financial security, Family responsibilities, Fear of risk/failure","Supportive boss/organization, Financial savings, Skills and knowledge from current job",,,,26–30,
12/13/2025 22:56:04,,,Male,Single,SSC or Less,Private,Garments worker,3–5,Contract,30–40,"30–60 mins,",2,2,2,4,4,2,1,4,5,4,4,2,2,4,5,5,1,4,2,5,2,4,4,1,4,4,2,1,4,5,5,"Lack of financial security, Family responsibilities","Supportive boss/organization, Financial savings",,,,18-25,
12/13/2025 22:57:57,,,Male,Divorced,Master’s,Public,Professor ,16+,Permanent,30–40,"30–60 mins,",1,1,1,1,3,2,5,3,2,4,1,1,2,4,4,4,3,3,2,3,1,3,4,2,3,1,1,1,1,4,2,"Lack of time, Lack of financial security, Family responsibilities","Supportive boss/organization, Skills and knowledge from current job, Networks and contacts",,,,41–50,
12/13/2025 22:59:47,,,Female,Married,Master’s,Education,Senior teacher ,6–10,Permanent,30–40,"30–60 mins,",3,3,4,2,1,4,2,3,1,4,2,1,2,3,4,4,1,2,3,1,1,2,2,2,3,4,3,3,2,4,4,"Lack of time, Lack of financial security, Family responsibilities, Fear of risk/failure","Supportive boss/organization, Financial savings, Skills and knowledge from current job, Networks and contacts",,,,26–30,
12/13/2025 23:01:22,,,Male,Married,Bachelor’s,Tech,Engineer ,6–10,Permanent,30–40,"30–60 mins,",2,2,4,1,4,3,1,5,5,2,2,5,5,1,3,4,3,5,3,3,3,3,2,1,4,5,4,3,2,5,5,"Lack of time, Lack of financial security, Family responsibilities, Fear of risk/failure","Supportive boss/organization, Financial savings, Skills and knowledge from current job",,,,36–40,
12/13/2025 23:32:08,,,Male,Married,Master’s,Private,Apps developer ,6–10,Permanent,41–50,"30–60 mins,",2,3,4,2,1,1,2,2,4,4,1,3,5,4,4,3,2,4,2,3,1,4,3,3,4,3,4,4,5,1,1,"Lack of time, Lack of financial security, Family responsibilities, Fear of risk/failure","Supportive boss/organization, Financial savings",,,,31–35,
12/14/2025 23:09:26,,,Male,Married,Bachelor’s,Private,Admin manager,6–10,Permanent,Less than 30,"30–60 mins,",1,2,1,2,3,2,2,3,1,1,2,2,3,1,1,2,1,3,2,2,4,1,2,2,3,2,3,2,1,5,1,"Lack of time, Fear of risk/failure","Supportive boss/organization, Financial savings, Skills and knowledge from current job, Networks and contacts",,,,41–50,
12/14/2025 23:10:48,,,Male,Single,HSC,Public,Police,3–5,Permanent,30–40,"30–60 mins,",2,3,1,3,3,1,3,5,2,3,2,2,3,5,1,2,1,3,4,1,4,1,4,3,2,2,3,3,5,5,1,"Lack of time, Family responsibilities, Fear of risk/failure","Supportive boss/organization, Financial savings, Skills and knowledge from current job",,,,18-25,
12/14/2025 23:12:38,,,Female,Married,SSC or Less,Private,Sales man,0–2,Contract,Less than 30,1–2 hours,2,1,3,1,4,1,4,5,4,4,1,3,4,1,3,4,1,5,5,2,2,1,4,1,4,4,2,4,5,1,3,"Lack of time, Family responsibilities, Fear of risk/failure","Supportive boss/organization, Financial savings, Skills and knowledge from current job, Networks and contacts",,,,31–35,
12/14/2025 23:14:01,,,Male,Married,Bachelor’s,Private,Designer ,6–10,Permanent,30–40,"30–60 mins,",2,2,4,2,3,4,5,2,4,5,1,3,2,4,2,2,1,3,5,3,2,1,2,3,5,4,2,3,5,2,5,"Lack of time, Lack of financial security","Supportive boss/organization, Skills and knowledge from current job",,,,18-25,
12/14/2025 23:15:16,,,Male,Married,Bachelor’s,Public,Teacher ,6–10,Permanent,30–40,"30–60 mins,",2,3,4,2,3,1,2,4,1,2,1,4,4,1,1,2,1,3,2,2,5,1,3,1,2,2,4,4,1,1,5,Family responsibilities,"Supportive boss/organization, Financial savings, Skills and knowledge from current job",,,,26–30,
12/14/2025 23:16:49,,,Female,Single,Bachelor’s,Private,Account officer ,6–10,Permanent,30–40,Less than 30 mins,1,1,2,2,2,3,5,1,1,2,2,4,1,2,3,5,1,1,2,1,2,2,3,2,4,2,3,3,3,3,2,"Lack of time, Lack of financial security","Supportive boss/organization, Financial savings",,,,18-25,
12/14/2025 23:18:07,,,Female,Married,Bachelor’s,Public,Officer ,3–5,Permanent,Less than 30,"30–60 mins,",3,2,1,2,5,4,4,3,2,3,1,3,2,2,3,5,2,4,5,5,3,3,5,1,4,4,3,2,4,4,3,"Lack of time, Lack of financial security, Family responsibilities","Supportive boss/organization, Financial savings, Skills and knowledge from current job",,,,26–30,
12/14/2025 23:21:48,,,Male,Divorced,Master’s,Healthcare,Health officer,11–15,Permanent,30–40,1–2 hours,3,1,2,3,3,2,4,2,2,4,2,1,1,2,2,2,2,3,3,4,1,1,1,3,2,3,4,3,4,2,1,"Lack of time, Lack of financial security, Family responsibilities, Fear of risk/failure","Supportive boss/organization, Financial savings",,,,36–40,
12/14/2025 23:23:13,,,Male,Single,SSC or Less,Other,Worker,6–10,Permanent,Less than 30,Less than 30 mins,3,1,1,2,3,2,3,5,3,2,1,3,2,1,3,1,1,1,2,1,1,1,2,3,3,4,4,5,4,4,4,"Lack of time, Lack of financial security, Family responsibilities, Fear of risk/failure","Supportive boss/organization, Financial savings, Skills and knowledge from current job, Networks and contacts",,,,18-25,
12/14/2025 23:25:35,,,Male,Married,HSC,Private,Worker,3–5,Contract,30–40,1–2 hours,2,2,3,2,3,2,4,2,3,4,3,4,3,4,2,4,2,2,5,4,2,3,4,3,4,3,3,5,4,4,1,"Lack of financial security, Family responsibilities, Fear of risk/failure","Supportive boss/organization, Financial savings, Skills and knowledge from current job",,,,18-25,
12/15/2025 8:38:01,,,Male,Single,HSC,Private,Marketing ,0–2,Part-time,41–50,1–2 hours,4,4,5,5,3,4,3,3,3,4,4,5,3,2,5,2,3,2,4,3,2,4,4,2,4,5,4,3,3,4,4,"Lack of financial security, Fear of risk/failure","Financial savings, Access to resources (labs, tools, internet, etc.)",Creativity drops.,Need balance.,Mostly constraint.,18-25,
12/15/2025 8:39:20,,,Male,Married,Bachelor’s,Private,Banker,3–5,Permanent,30–40,1–2 hours,3,4,4,4,2,4,3,3,4,3,4,5,3,3,3,3,4,3,3,3,4,5,4,4,1,4,4,4,3,4,5,"Lack of financial security, Unsupportive organization","Financial savings, Networks and contacts, Access to resources (labs, tools, internet, etc.)",Creativity drops.,Need balance.,Mostly constraint.,26–30,
12/15/2025 8:40:38,,,Female,Married,Master’s,Private,Banker,6–10,Permanent,30–40,"30–60 mins,",3,4,4,3,3,4,4,3,3,3,4,3,5,3,4,4,5,3,5,4,3,3,5,4,3,4,4,5,5,4,4,"Family responsibilities, Unsupportive organization","Financial savings, Access to resources (labs, tools, internet, etc.)",Creativity drops.,Need balance.,Mostly constraint.,31–35,
12/15/2025 8:41:59,,,Male,Married,Master’s,Education,Teacher ,6–10,Permanent,41–50,1–2 hours,3,4,3,4,3,3,3,2,4,3,4,4,4,3,4,2,4,3,2,5,5,4,2,4,4,4,2,3,4,4,1,"Lack of financial security, Unsupportive organization","Skills and knowledge from current job, Access to resources (labs, tools, internet, etc.)",Creativity drops.,Need balance.,Mostly constraint.,36–40,
12/15/2025 8:43:17,,,Male,Married,Master’s,Education,Teacher ,11–15,Permanent,30–40,More than 2 hours,4,3,2,4,3,3,4,3,1,2,4,2,5,2,2,2,4,4,3,4,2,2,3,4,2,4,5,5,2,5,1,"Lack of financial security, Family responsibilities, Lack of skills","Financial savings, Access to resources (labs, tools, internet, etc.)",Creativity drops.,Need balance.,Mostly constraint.,41–50,
12/15/2025 8:44:33,,,Male,Married,Master’s,Healthcare,Doctor,16+,Permanent,Less than 30,1–2 hours,4,1,4,3,5,3,3,3,4,3,2,3,4,3,2,4,4,4,2,4,5,4,3,3,3,4,3,5,4,4,4,"Family responsibilities, Unsupportive organization","Supportive boss/organization, Financial savings, Networks and contacts",Creativity drops.,Need balance.,Mostly constraint.,51+,
12/15/2025 8:45:59,,,Male,Single,Bachelor’s,Healthcare,Nurse,0–2,Part-time,30–40,"30–60 mins,",3,3,3,3,3,4,5,4,2,2,4,3,4,4,4,3,5,4,5,2,4,3,5,5,3,3,2,4,2,4,4,"Lack of financial security, Family responsibilities, Fear of risk/failure, Unsupportive organization","Financial savings, Skills and knowledge from current job, Access to resources (labs, tools, internet, etc.)",Creativity drops.,Need balance.,Mostly constraint.,18-25,
12/15/2025 8:47:16,,,Female,Married,Bachelor’s,Private,Banker,3–5,Permanent,30–40,"30–60 mins,",3,3,4,4,4,2,4,5,5,3,1,5,2,5,4,4,3,5,4,3,4,2,4,3,4,5,2,5,2,4,3,"Lack of financial security, Family responsibilities, Lack of skills","Financial savings, Networks and contacts, Access to resources (labs, tools, internet, etc.)",Creativity drops.,Need balance.,Mostly constraint.,31–35,
12/15/2025 8:48:30,,,Male,Married,Bachelor’s,Private,Banker,3–5,Permanent,30–40,"30–60 mins,",4,3,3,4,3,2,3,2,2,3,3,2,3,4,4,5,4,4,3,1,2,4,4,5,3,4,3,5,3,4,5,Unsupportive organization,"Access to resources (labs, tools, internet, etc.)",Creativity drops.,Need balance.,Mostly constraint.,36–40,
12/15/2025 8:49:55,,,Male,Married,PhD+=,Education,Professor ,16+,Permanent,30–40,"30–60 mins,",3,4,4,5,3,4,4,4,5,5,4,4,2,4,5,4,4,3,4,3,3,5,5,3,4,4,3,4,4,3,3,"Lack of financial security, Family responsibilities, Fear of risk/failure","Financial savings, Access to resources (labs, tools, internet, etc.)",Creativity drops.,Need balance.,Mostly constraint.,41–50,
12/15/2025 15:24:51,,,Male,Single,SSC or Less,Garments,Worker,3–5,Permanent,30–40,"30–60 mins,",1,1,3,2,2,2,3,5,2,3,1,1,4,4,3,1,2,4,3,1,3,3,3,4,4,5,1,2,3,5,3,"Lack of time, Lack of financial security, Family responsibilities","Supportive boss/organization, Financial savings, Skills and knowledge from current job",,,,18-25,
12/15/2025 15:26:59,,,Male,Married,Bachelor’s,Public,Teacher ,3–5,Permanent,30–40,1–2 hours,2,3,3,1,3,5,3,3,2,2,1,4,4,4,2,2,1,2,4,3,2,3,2,4,1,2,3,4,5,1,5,Family responsibilities,"Supportive boss/organization, Skills and knowledge from current job",,,,31–35,
12/15/2025 15:31:27,,,Male,Married,HSC,Garments,Worker,6–10,Permanent,51+,"30–60 mins,",4,2,2,3,4,5,2,3,5,3,4,2,2,2,3,3,3,2,1,1,5,2,2,2,3,3,4,2,2,3,3,"Lack of time, Lack of financial security, Family responsibilities, Fear of risk/failure","Skills and knowledge from current job, Networks and contacts",,,,31–35,
12/15/2025 18:07:10,,,Male,Married,Bachelor’s,Public,Computer operator,6–10,Permanent,30–40,1–2 hours,1,3,2,3,1,2,3,4,3,2,1,3,4,4,1,2,1,3,4,2,2,2,2,1,2,3,2,1,1,2,4,"Lack of time, Lack of financial security, Family responsibilities, Fear of risk/failure","Financial savings, Skills and knowledge from current job, Networks and contacts",,,Stepping stone,36–40,
12/15/2025 18:10:06,,,Male,Married,Master’s,Private,Products manager,3–5,Permanent,30–40,"30–60 mins,",2,3,1,4,2,2,2,4,2,2,2,1,2,3,3,1,1,1,1,1,3,2,3,1,2,5,2,3,2,2,2,"Lack of time, Lack of financial security","Supportive boss/organization, Financial savings, Skills and knowledge from current job",,,,36–40,
12/15/2025 18:12:50,,,Male,Married,HSC,Private,Sales man,3–5,Permanent,30–40,1–2 hours,2,4,2,4,5,3,3,3,2,2,1,2,4,4,2,3,1,2,4,2,4,2,1,1,2,3,2,4,5,4,4,"Lack of time, Lack of financial security, Family responsibilities","Supportive boss/organization, Financial savings, Skills and knowledge from current job",,,,36–40,
12/15/2025 18:14:36,,,Female,Married,Bachelor’s,Private,Fashion designer ,6–10,Permanent,30–40,1–2 hours,2,1,4,1,1,4,1,2,2,5,2,3,4,4,3,2,4,4,4,1,2,3,5,5,5,3,2,3,2,3,4,"Lack of time, Lack of financial security","Supportive boss/organization, Financial savings, Skills and knowledge from current job",,,,31–35,
12/15/2025 18:16:57,,,Male,Divorced,Bachelor’s,Tech,Engineer,3–5,Permanent,41–50,"30–60 mins,",2,2,3,5,2,3,4,2,4,1,1,4,2,2,3,5,2,4,2,4,2,1,2,3,3,2,4,4,2,4,2,"Lack of time, Lack of financial security, Family responsibilities, Fear of risk/failure","Supportive boss/organization, Financial savings, Skills and knowledge from current job",,,,31–35,
12/15/2025 18:18:56,,,Male,Married,Master’s,Finance,Finance officer,6–10,Permanent,41–50,"30–60 mins,",1,2,1,2,2,3,1,3,4,2,1,4,2,3,3,4,1,2,3,3,4,3,3,5,4,2,4,4,3,3,4,"Lack of time, Lack of financial security, Family responsibilities, Fear of risk/failure","Supportive boss/organization, Financial savings, Skills and knowledge from current job",,,,26–30,
12/15/2025 18:22:23,,,Female,Married,Bachelor’s,Public,Food controller ,6–10,Permanent,30–40,"30–60 mins,",3,3,3,3,2,4,2,2,4,5,2,2,1,2,4,2,3,3,4,5,1,2,3,3,4,4,3,4,3,2,5,Family responsibilities,"Networks and contacts, Motivation/passion",,,,31–35,
12/15/2025 18:25:17,,,Male,Single,Bachelor’s,Private,Designer ,3–5,Contract,Less than 30,"30–60 mins,",1,2,2,3,1,2,3,3,4,5,2,3,4,4,2,4,2,3,4,3,3,2,1,2,3,1,1,4,3,2,5,"Lack of time, Lack of financial security, Family responsibilities","Supportive boss/organization, Financial savings, Skills and knowledge from current job",,,,18-25,
12/15/2025 18:27:18,,,Male,Married,Bachelor’s,Private,Designer ,6–10,Permanent,41–50,Less than 30 mins,2,3,1,2,2,3,5,3,4,1,1,2,2,3,3,3,2,2,1,4,3,2,4,2,3,4,2,2,4,4,3,"Lack of time, Lack of financial security","Supportive boss/organization, Financial savings, Skills and knowledge from current job",,,,18-25,
12/15/2025 18:29:54,,,Female,Married,Bachelor’s,Private,Management officer ,3–5,Permanent,Less than 30,"30–60 mins,",2,2,1,2,1,2,1,3,3,5,1,3,4,3,4,2,3,3,4,1,4,3,4,4,3,3,2,4,5,3,2,"Lack of time, Family responsibilities",Motivation/passion,,,,18-25,
12/15/2025 18:37:48,,,Male,Widowed,Bachelor’s,Private,Banker,6–10,Permanent,30–40,1–2 hours,2,1,2,4,4,2,4,2,4,3,3,3,3,3,2,5,5,2,4,3,4,4,5,5,1,4,3,4,5,5,4,"Lack of time, Lack of financial security","Supportive boss/organization, Financial savings, Skills and knowledge from current job",,,,26–30,
12/15/2025 18:39:15,,,Male,Widowed,Bachelor’s,NGO,Volunteers leader,6–10,Permanent,41–50,"30–60 mins,",2,4,3,4,4,2,3,4,5,5,2,3,4,3,4,4,2,4,4,2,4,3,4,4,3,2,5,1,2,3,4,"Lack of time, Family responsibilities, Fear of risk/failure",Supportive boss/organization,,,,31–35,
12/15/2025 18:40:29,,,Female,Divorced,SSC or Less,Garments,Worker ,3–5,Contract,30–40,"30–60 mins,",2,4,1,1,2,3,4,2,3,3,2,3,4,3,2,4,2,3,5,4,4,2,1,1,1,1,4,3,3,4,5,Lack of financial security,"Supportive boss/organization, Financial savings, Skills and knowledge from current job",,,,31–35,
12/15/2025 18:41:49,,,Female,Divorced,Bachelor’s,Private,Banker,3–5,Permanent,30–40,"30–60 mins,",2,2,1,1,3,3,4,2,4,4,2,2,4,4,4,3,2,3,4,1,4,1,3,5,4,2,4,4,3,2,1,"Lack of time, Lack of financial security","Supportive boss/organization, Financial savings, Skills and knowledge from current job",,,,36–40,
12/15/2025 18:43:12,,,Male,Married,Bachelor’s,Private,Banker,6–10,Permanent,41–50,More than 2 hours,2,2,2,3,4,2,4,3,2,2,2,3,4,2,3,2,2,3,4,3,4,3,2,3,4,2,3,4,2,2,4,"Lack of time, Lack of financial security","Supportive boss/organization, Financial savings, Skills and knowledge from current job",,,,26–30,
12/15/2025 18:44:40,,,Male,Divorced,Bachelor’s,Public,Computer operator ,3–5,Permanent,30–40,1–2 hours,2,2,2,1,2,2,3,3,2,1,2,3,5,4,3,2,2,2,3,4,2,2,3,4,3,4,3,2,4,3,5,"Lack of time, Lack of financial security, Family responsibilities, Fear of risk/failure",Supportive boss/organization,,,,18-25,
12/15/2025 18:46:16,,,Male,Married,Master’s,Private,Businessmen ,3–5,Contract,30–40,1–2 hours,1,1,2,2,3,4,4,2,1,2,2,4,3,2,2,2,2,2,4,4,3,2,2,2,5,3,4,4,4,3,2,"Lack of time, Lack of financial security, Family responsibilities, Unsupportive organization","Supportive boss/organization, Skills and knowledge from current job, Motivation/passion",,,,26–30,
12/15/2025 18:48:00,,,Male,Married,Bachelor’s,Private,Psychologist ,3–5,Permanent,30–40,"30–60 mins,",2,1,2,1,2,2,2,3,3,4,1,3,2,3,2,4,2,3,4,4,3,1,2,4,2,4,4,5,5,4,2,"Lack of time, Lack of financial security, Family responsibilities, Fear of risk/failure","Supportive boss/organization, Financial savings, Skills and knowledge from current job",,,,26–30,
12/15/2025 18:49:50,,,Male,Married,HSC,NGO,Computer operator,3–5,Contract,30–40,Less than 30 mins,2,2,1,1,2,4,1,1,3,2,2,3,3,1,2,3,2,3,2,4,3,3,4,2,3,3,4,4,2,2,1,"Lack of time, Lack of financial security, Family responsibilities","Supportive boss/organization, Financial savings, Access to resources (labs, tools, internet, etc.), Motivation/passion",,,,31–35,
12/15/2025 18:51:07,,,Male,Married,Bachelor’s,Private,Section officer,3–5,Part-time,30–40,"30–60 mins,",2,2,2,5,5,1,2,2,4,3,2,3,3,4,2,4,3,4,3,5,3,3,3,2,4,4,2,4,4,4,5,"Lack of time, Lack of financial security, Family responsibilities","Supportive boss/organization, Financial savings",,,,26–30,
12/15/2025 18:52:28,,,Female,Married,Bachelor’s,Private,Accountant officer ,3–5,Permanent,30–40,"30–60 mins,",2,2,2,2,3,1,4,3,2,3,2,2,4,4,1,2,2,3,4,1,3,3,3,4,4,4,2,5,2,5,5,"Lack of time, Lack of financial security, Family responsibilities, Fear of risk/failure","Supportive boss/organization, Skills and knowledge from current job",,,,26–30,
12/15/2025 18:54:05,,,Female,Divorced,Bachelor’s,Public,Apps developer,3–5,Permanent,30–40,"30–60 mins,",2,1,4,4,3,3,1,5,1,1,1,2,2,2,3,4,2,3,4,2,5,2,1,3,4,4,5,1,1,1,4,"Lack of time, Family responsibilities",Supportive boss/organization,,,,31–35,
12/15/2025 18:55:32,,,Male,Married,Master’s,Private,Apps developer,3–5,Contract,30–40,1–2 hours,2,2,2,4,2,1,2,4,2,4,2,2,2,2,5,1,2,2,1,1,1,4,3,3,4,4,4,4,4,2,5,"Lack of time, Lack of financial security","Networks and contacts, Access to resources (labs, tools, internet, etc.), Motivation/passion",,,,36–40,
12/15/2025 18:56:51,,,Female,Single,Bachelor’s,Private,Software Engineer,6–10,Permanent,30–40,"30–60 mins,",2,2,1,4,4,2,2,2,2,4,3,3,4,2,3,3,2,4,1,2,4,3,4,4,4,3,3,4,3,1,2,"Lack of time, Family responsibilities","Skills and knowledge from current job, Networks and contacts",,,,26–30,
12/15/2025 18:58:24,,,Female,Married,Bachelor’s,Private,App developer,3–5,Permanent,30–40,"30–60 mins,",3,3,4,4,4,2,4,3,2,4,2,3,2,2,4,4,2,3,4,1,3,2,3,1,2,1,4,4,3,4,2,"Family responsibilities, Fear of risk/failure","Supportive boss/organization, Financial savings, Skills and knowledge from current job",,,,36–40,
12/15/2025 18:59:47,,,Male,Married,HSC,Other,Hotel manager,6–10,Permanent,30–40,Less than 30 mins,2,1,3,3,1,2,5,4,5,1,3,2,3,3,2,4,2,2,4,1,2,4,3,2,4,3,5,3,3,5,4,"Lack of time, Lack of financial security, Fear of risk/failure","Supportive boss/organization, Financial savings",,,,41–50,
12/15/2025 19:33:08,,,Male,Married,Bachelor’s,Public,Teacher,3–5,Permanent,Less than 30,"30–60 mins,",1,1,1,3,3,4,4,5,5,4,1,2,4,5,3,4,2,4,5,4,1,5,3,5,4,2,2,2,5,5,1,Family responsibilities,"Financial savings, Skills and knowledge from current job",,,,31–35,
12/15/2025 19:34:29,,,Male,Married,Bachelor’s,Healthcare,Doctor assistant ,6–10,Permanent,Less than 30,"30–60 mins,",2,3,2,2,2,4,1,3,4,3,2,3,3,4,1,2,2,5,3,1,2,2,3,4,3,2,2,4,3,4,5,"Lack of time, Lack of financial security, Family responsibilities, Fear of risk/failure","Supportive boss/organization, Financial savings, Motivation/passion",,,,26–30,
12/15/2025 19:35:51,,,Female,Married,Bachelor’s,Garments,Supervisor,6–10,Permanent,41–50,1–2 hours,2,3,1,1,2,2,4,5,1,2,2,4,5,4,1,3,3,4,4,1,3,4,2,4,5,5,1,3,5,1,3,"Lack of time, Lack of financial security, Family responsibilities","Supportive boss/organization, Financial savings, Skills and knowledge from current job",,,,31–35,
12/15/2025 19:38:17,,,Male,Married,Bachelor’s,Education,Teacher,3–5,Permanent,30–40,1–2 hours,1,1,3,4,3,2,3,2,2,3,2,2,5,4,3,1,2,3,2,4,3,2,3,1,5,2,3,2,3,3,4,"Lack of time, Lack of financial security, Family responsibilities","Supportive boss/organization, Financial savings",Independence ,Creative ,Constraint,26–30,
12/15/2025 19:40:17,,,Male,Married,Bachelor’s,Other,Lawyer ,3–5,Permanent,30–40,"30–60 mins,",2,1,1,3,3,2,3,2,2,3,2,2,2,2,3,2,3,2,1,1,4,3,2,5,3,3,5,1,2,2,5,"Lack of financial security, Family responsibilities","Supportive boss/organization, Skills and knowledge from current job",Innovation ,Independent ,Constraint ,18-25,
12/15/2025 19:41:57,,,Male,Widowed,Bachelor’s,Other,Lawyer ,6–10,Permanent,30–40,1–2 hours,3,1,2,4,4,4,4,3,3,4,3,3,4,2,5,1,2,4,2,3,5,3,4,3,4,2,3,3,4,4,4,"Lack of time, Lack of financial security, Family responsibilities","Financial savings, Skills and knowledge from current job",,,,31–35,
12/15/2025 19:43:39,,,Female,Married,Master’s,Other,Lawyer ,6–10,Permanent,30–40,1–2 hours,3,4,4,4,3,4,3,4,4,3,3,4,4,3,4,4,2,2,4,2,4,2,3,3,5,2,3,4,3,2,3,"Lack of time, Lack of financial security","Supportive boss/organization, Skills and knowledge from current job, Motivation/passion",Innovative ,Creative ,Stepping stone,31–35,
12/15/2025 19:45:33,,,Male,Married,Bachelor’s,Other,Content writer,3–5,Permanent,Less than 30,"30–60 mins,",3,2,3,3,2,2,2,4,3,4,3,3,3,3,4,3,3,4,4,4,3,3,3,4,4,2,2,2,4,4,4,"Lack of time, Lack of financial security, Family responsibilities","Supportive boss/organization, Financial savings, Skills and knowledge from current job",Independence ,Most creative ,Constraint,31–35,
12/15/2025 19:47:26,,,Male,Married,HSC,Public,Nurse,3–5,Permanent,41–50,"30–60 mins,",2,1,2,4,2,4,2,3,5,5,2,3,4,5,4,3,1,2,4,1,3,1,1,4,3,3,2,3,3,1,1,"Lack of time, Family responsibilities","Supportive boss/organization, Financial savings, Skills and knowledge from current job",,,,41–50,
12/15/2025 19:49:13,,,Male,Married,Bachelor’s,Healthcare,Health assistant ,3–5,Permanent,30–40,"30–60 mins,",1,1,2,2,3,3,2,3,1,3,3,1,2,3,4,2,1,3,3,5,3,3,3,3,3,4,4,3,4,4,4,"Lack of time, Lack of financial security, Fear of risk/failure","Supportive boss/organization, Financial savings, Skills and knowledge from current job, Networks and contacts, Motivation/passion",,,,26–30,
12/15/2025 19:50:44,,,Male,Single,HSC,Other,Content writer,3–5,Permanent,Less than 30,"30–60 mins,",2,2,4,3,2,4,2,3,4,5,3,3,3,4,1,2,2,3,1,1,5,2,4,4,4,4,3,4,4,2,3,"Lack of time, Family responsibilities, Fear of risk/failure","Supportive boss/organization, Financial savings, Skills and knowledge from current job",,,,18-25,
12/15/2025 20:45:29,,,Male,Married,Bachelor’s,Private,Field supervisor ,6–10,Permanent,30–40,"30–60 mins,",1,2,2,3,4,5,4,4,3,3,2,4,5,3,5,2,4,4,4,5,4,3,4,3,4,5,4,4,3,4,2,"Lack of time, Lack of financial security, Family responsibilities, Fear of risk/failure","Supportive boss/organization, Financial savings, Networks and contacts",Independence ,Creative ,Stepping stone,26–30,
12/15/2025 20:46:56,,,Female,Married,Bachelor’s,Public,Development officer,6–10,Permanent,30–40,1–2 hours,2,4,3,2,2,3,3,3,5,5,2,4,2,3,4,3,1,1,2,3,5,1,2,4,4,4,1,4,2,3,3,"Lack of time, Family responsibilities","Supportive boss/organization, Financial savings, Skills and knowledge from current job, Motivation/passion",,,,36–40,
12/15/2025 20:48:30,,,Male,Married,Bachelor’s,Private,Field supervisor ,3–5,Permanent,30–40,1–2 hours,2,4,2,3,3,4,4,2,4,3,2,4,3,2,3,4,1,3,4,4,2,3,3,4,2,3,4,4,4,3,4,"Lack of time, Family responsibilities, Fear of risk/failure","Financial savings, Skills and knowledge from current job, Networks and contacts, Motivation/passion",,,,26–30,
12/15/2025 20:49:52,,,Male,Married,Bachelor’s,Healthcare,Health assistant ,3–5,Permanent,41–50,"30–60 mins,",2,3,5,3,2,4,1,3,3,4,2,4,3,3,1,1,2,4,4,3,4,2,3,5,2,4,5,5,4,3,3,"Lack of time, Lack of financial security, Family responsibilities","Financial savings, Skills and knowledge from current job, Networks and contacts, Motivation/passion",,,,36–40,
12/15/2025 20:51:26,,,Male,Married,Bachelor’s,Private,Junior officer,3–5,Permanent,30–40,"30–60 mins,",2,3,3,4,2,5,4,3,4,5,3,4,3,1,3,5,2,3,3,4,5,2,5,4,3,5,4,3,2,3,4,"Lack of time, Lack of financial security, Family responsibilities","Supportive boss/organization, Financial savings, Skills and knowledge from current job",,,,36–40,
12/15/2025 20:53:29,,,Male,Married,Bachelor’s,Public,Senior officer,6–10,Permanent,30–40,"30–60 mins,",3,2,3,4,5,5,4,4,3,3,2,3,4,4,3,2,1,4,5,1,2,1,4,4,5,4,5,3,3,5,2,"Lack of time, Lack of financial security","Supportive boss/organization, Financial savings",,,,31–35,
12/15/2025 20:55:44,,,Male,Married,Bachelor’s,Private,Graphics designer,6–10,Permanent,30–40,"30–60 mins,",2,3,4,4,3,2,2,4,5,3,2,3,3,3,4,3,2,3,3,3,5,1,5,2,4,5,2,4,4,3,3,"Lack of time, Lack of financial security, Family responsibilities, Fear of risk/failure","Supportive boss/organization, Skills and knowledge from current job, Networks and contacts",,,,36–40,
12/15/2025 20:58:28,,,Male,Married,Master’s,Education,Senior officer,6–10,Permanent,30–40,1–2 hours,2,3,2,1,3,4,3,4,3,4,3,3,2,1,2,5,1,4,4,4,2,1,4,4,3,3,3,5,4,3,5,"Lack of time, Lack of financial security","Supportive boss/organization, Networks and contacts",,,,36–40,
12/15/2025 21:00:26,,,Female,Married,HSC,Healthcare,Field worker,11–15,Permanent,41–50,"30–60 mins,",2,3,1,2,3,2,3,1,3,3,1,3,4,3,2,1,2,4,2,1,3,2,2,3,3,1,3,4,4,4,4,"Lack of time, Lack of financial security","Supportive boss/organization, Financial savings",,,,41–50,
12/15/2025 21:05:24,,,Male,Married,HSC,Garments,Worker,3–5,Permanent,30–40,1–2 hours,2,1,1,2,2,3,2,2,2,4,2,4,3,2,2,3,2,3,3,2,3,3,2,3,4,4,2,3,4,4,3,"Lack of time, Lack of financial security, Family responsibilities","Supportive boss/organization, Financial savings, Skills and knowledge from current job",,,,31–35,
12/15/2025 21:07:08,,,Male,Married,Bachelor’s,Finance,Accountant officer,6–10,Permanent,30–40,"30–60 mins,",2,2,1,1,1,2,3,2,4,4,2,2,5,3,2,3,2,3,3,1,5,2,3,3,3,3,2,2,2,3,4,"Lack of time, Lack of financial security, Family responsibilities","Skills and knowledge from current job, Access to resources (labs, tools, internet, etc.), Motivation/passion",,,,36–40,
12/15/2025 23:42:23,,,Male,Single,Bachelor’s,Healthcare,Nurse,0–2,Permanent,30–40,"30–60 mins,",3,5,2,3,3,4,3,4,4,5,4,4,4,4,4,5,3,3,5,3,5,5,4,3,3,4,4,5,2,2,4,"Family responsibilities, Fear of risk/failure","Skills and knowledge from current job, Access to resources (labs, tools, internet, etc.)",Stress blocks.,Need chances.,Mostly stepping.,18-25,
12/15/2025 23:43:41,,,Male,Married,Master’s,Education,Teacher ,3–5,Permanent,30–40,1–2 hours,5,4,4,5,5,3,4,5,5,4,4,4,5,4,4,4,4,4,4,5,3,4,4,3,2,4,5,4,4,3,1,"Lack of financial security, Family responsibilities, Unsupportive organization","Supportive boss/organization, Skills and knowledge from current job, Networks and contacts",Stress blocks.,Need chances.,Mostly stepping.,26–30,
12/15/2025 23:44:56,,,Male,Married,Master’s,Education,Teacher ,6–10,Permanent,30–40,"30–60 mins,",4,4,3,4,4,4,3,4,4,4,4,4,3,5,4,4,3,4,4,4,4,5,4,4,4,5,5,3,4,5,5,"Lack of financial security, Fear of risk/failure, Unsupportive organization","Supportive boss/organization, Networks and contacts, Access to resources (labs, tools, internet, etc.)",Stress blocks.,Need chances.,Mostly stepping.,31–35,
12/15/2025 23:46:22,,,Male,Married,Master’s,Private,Banker,6–10,Permanent,30–40,1–2 hours,3,4,3,4,5,3,4,4,4,4,4,5,4,5,5,4,5,3,5,4,2,4,2,3,4,4,3,3,4,4,5,"Lack of time, Fear of risk/failure, Unsupportive organization","Financial savings, Skills and knowledge from current job, Networks and contacts, Access to resources (labs, tools, internet, etc.)",Stress blocks.,Need chances.,Mostly stepping.,36–40,
12/15/2025 23:47:36,,,Male,Married,Master’s,Private,Banker,11–15,Permanent,Less than 30,More than 2 hours,2,4,3,3,3,4,3,5,3,5,3,3,3,3,5,4,4,3,4,5,2,4,5,4,3,4,4,4,5,3,4,"Lack of financial security, Family responsibilities, Unsupportive organization","Skills and knowledge from current job, Access to resources (labs, tools, internet, etc.)",Stress blocks.,Need chances.,Mostly stepping.,41–50,
12/15/2025 23:48:52,,,Female,Married,Master’s,Private,Bank manager,16+,Permanent,30–40,1–2 hours,5,4,4,4,4,4,4,4,5,4,4,3,3,4,4,2,4,3,2,2,5,4,4,1,5,5,4,3,4,5,4,"Lack of financial security, Fear of risk/failure, Lack of skills","Financial savings, Skills and knowledge from current job, Access to resources (labs, tools, internet, etc.)",Stress blocks.,Need chances.,Mostly stepping.,51+,
12/15/2025 23:50:24,,,Male,Single,SSC or Less,Private,Office boy,0–2,Part-time,30–40,More than 2 hours,3,5,4,4,5,5,4,2,4,4,5,3,5,2,4,2,4,3,4,4,4,4,5,4,5,5,4,4,4,5,4,"Lack of time, Lack of financial security, Family responsibilities, Lack of skills","Financial savings, Skills and knowledge from current job, Access to resources (labs, tools, internet, etc.), Motivation/passion",Stress blocks.,Need chances.,Mostly stepping.,18-25,
12/15/2025 23:51:39,,,Female,Married,Master’s,Private,Banker,3–5,Permanent,30–40,1–2 hours,3,2,2,4,5,4,1,3,4,4,3,2,3,3,3,3,4,4,5,3,4,3,3,4,5,2,2,4,2,3,4,"Lack of financial security, Family responsibilities, Unsupportive organization","Financial savings, Networks and contacts, Motivation/passion",Stress blocks.,Need chances,Mostly stepping.,26–30,
12/15/2025 23:57:53,,,Female,Married,Master’s,Education,Teacher ,16+,Permanent,30–40,"30–60 mins,",3,5,3,4,5,5,5,3,4,3,3,5,4,3,2,3,4,4,3,4,4,2,4,4,4,3,2,3,4,5,2,"Family responsibilities, Fear of risk/failure","Skills and knowledge from current job, Access to resources (labs, tools, internet, etc.)",Stress blocks.,Need chances.,Mostly stepping.,41–50,
12/16/2025 0:01:45,,,Male,Married,PhD+=,Healthcare,Doctor ,16+,Permanent,Less than 30,More than 2 hours,4,4,4,5,3,1,2,3,4,4,4,1,2,2,3,5,4,4,4,2,3,4,5,3,5,3,4,3,3,5,4,"Family responsibilities, Unsupportive organization","Supportive boss/organization, Skills and knowledge from current job, Access to resources (labs, tools, internet, etc.)",Stress blocks.,Need chances.,Mostly stepping.,51+,
12/16/2025 15:18:37,,,Female,Married,Bachelor’s,Public,Assistant Director ,6–10,Permanent,30–40,More than 2 hours,2,4,2,3,3,5,2,5,4,2,2,2,4,1,4,5,2,4,1,5,5,2,4,3,3,5,3,3,4,1,2,"Lack of time, Lack of financial security, Family responsibilities",Skills and knowledge from current job,,,,31–35,
12/16/2025 15:20:00,,,Male,Married,Bachelor’s,Education,Teacher,6–10,Permanent,30–40,1–2 hours,2,3,4,1,3,5,2,2,4,3,1,2,3,1,2,3,3,5,3,2,3,3,2,2,3,3,5,4,2,2,3,"Lack of time, Lack of financial security, Family responsibilities","Financial savings, Skills and knowledge from current job, Networks and contacts",,,,41–50,
12/16/2025 15:22:31,,,Female,Married,HSC,Other,Business ,6–10,Permanent,Less than 30,"30–60 mins,",3,2,2,2,4,2,4,3,5,3,2,3,2,3,4,5,1,3,2,5,4,1,3,4,2,4,5,1,3,3,3,"Lack of time, Lack of financial security, Family responsibilities","Supportive boss/organization, Financial savings, Skills and knowledge from current job, Networks and contacts",,,,41–50,
12/16/2025 15:24:20,,,Male,Single,SSC or Less,Private,Worker,3–5,Permanent,41–50,"30–60 mins,",2,2,2,3,1,4,1,2,1,4,2,2,3,4,1,2,4,2,2,3,3,1,2,3,4,2,2,2,3,4,3,"Lack of time, Family responsibilities, Fear of risk/failure","Networks and contacts, Access to resources (labs, tools, internet, etc.), Motivation/passion",,,,26–30,
12/16/2025 15:27:47,,,Female,Widowed,HSC,Other,Beautician ,3–5,Permanent,Less than 30,"30–60 mins,",1,2,2,5,4,4,2,1,3,3,1,4,3,2,3,3,5,3,2,2,3,2,3,4,3,3,4,5,4,3,2,"Lack of time, Lack of financial security","Supportive boss/organization, Financial savings, Skills and knowledge from current job",,,,31–35,
12/16/2025 15:30:59,,,Male,Married,SSC or Less,Garments,Worker,6–10,Contract,30–40,1–2 hours,1,3,5,2,4,1,2,3,1,5,2,1,4,3,4,2,1,2,4,4,3,2,2,5,5,1,2,4,4,1,3,"Lack of time, Lack of financial security","Financial savings, Skills and knowledge from current job, Motivation/passion",,,,31–35,
12/16/2025 17:12:36,,,Male,Married,Master’s,Public,Head master,16+,Permanent,30–40,"30–60 mins,",1,2,2,2,3,3,4,5,4,2,1,2,5,4,3,3,2,4,3,3,4,3,3,3,2,4,3,5,2,3,5,"Lack of time, Lack of financial security, Family responsibilities, Fear of risk/failure","Supportive boss/organization, Financial savings, Networks and contacts, Motivation/passion",,,,51+,
12/16/2025 17:14:04,,,Female,Married,HSC,Private,Junior officer,6–10,Permanent,30–40,1–2 hours,2,4,1,2,4,1,2,3,5,3,2,2,5,4,2,2,2,4,2,4,5,1,3,5,2,3,3,4,5,4,3,"Lack of financial security, Family responsibilities","Supportive boss/organization, Access to resources (labs, tools, internet, etc.)",,,,26–30,
12/16/2025 17:15:21,,,Male,Married,Bachelor’s,Education,Teacher,3–5,Permanent,30–40,"30–60 mins,",2,5,1,1,2,2,2,3,3,4,1,4,3,4,2,3,1,2,3,5,3,2,3,3,4,3,2,3,4,4,3,"Lack of time, Lack of financial security, Family responsibilities, Fear of risk/failure",Motivation/passion,,,,41–50,
12/16/2025 17:16:52,,,Male,Married,Bachelor’s,Private,Departmental officer ,3–5,Permanent,41–50,"30–60 mins,",2,2,4,2,3,2,2,5,5,2,1,4,3,3,1,3,1,1,1,2,4,1,2,3,3,3,3,5,5,4,1,"Lack of time, Lack of financial security, Family responsibilities, Fear of risk/failure","Supportive boss/organization, Networks and contacts, Motivation/passion",,,,26–30,
12/16/2025 19:25:06,,,Male,Divorced,Bachelor’s,Private,Assistant Director ,6–10,Permanent,30–40,"30–60 mins,",1,2,3,3,2,3,3,4,2,3,1,4,5,1,2,3,1,1,1,4,1,2,4,2,2,2,3,4,5,3,2,"Lack of time, Lack of financial security, Family responsibilities","Supportive boss/organization, Motivation/passion",,,,41–50,
12/16/2025 19:26:36,,,Female,Married,HSC,Garments,Worker ,0–2,Permanent,30–40,1–2 hours,1,2,3,1,3,1,4,2,5,1,1,3,4,3,4,1,1,2,2,2,4,1,2,4,2,2,3,3,4,4,2,"Lack of time, Lack of financial security, Family responsibilities, Fear of risk/failure","Supportive boss/organization, Motivation/passion",,,,26–30,
12/16/2025 19:28:00,,,Male,Single,HSC,Tech,Technical assistant ,3–5,Permanent,41–50,"30–60 mins,",3,2,1,2,1,2,3,4,1,2,1,1,3,4,4,3,1,3,3,2,4,2,3,4,2,2,3,4,3,2,2,"Lack of time, Lack of financial security, Family responsibilities","Supportive boss/organization, Financial savings, Skills and knowledge from current job",,,,36–40,
12/16/2025 19:29:26,,,Male,Married,Bachelor’s,Private,Junior officer,0–2,Permanent,30–40,1–2 hours,1,2,2,1,2,3,3,5,4,4,1,3,4,2,2,3,1,2,2,3,3,2,4,3,2,3,3,4,2,3,3,"Lack of time, Lack of financial security, Family responsibilities","Supportive boss/organization, Financial savings",,,,31–35,
12/16/2025 19:32:26,,,Male,Widowed,Bachelor’s,Private,Accountant,3–5,Permanent,30–40,"30–60 mins,",2,3,2,4,2,2,4,4,2,2,3,4,4,3,3,2,2,2,4,3,2,2,3,4,4,3,3,3,2,4,4,"Lack of time, Lack of financial security","Supportive boss/organization, Motivation/passion",,,,26–30,
12/16/2025 19:35:16,,,Female,Widowed,Bachelor’s,Private,Fashion designer ,3–5,Permanent,30–40,"30–60 mins,",2,3,1,4,1,4,2,2,4,5,1,4,2,2,5,2,1,1,2,3,2,1,2,3,2,1,3,5,5,4,3,"Lack of time, Lack of financial security, Family responsibilities","Supportive boss/organization, Access to resources (labs, tools, internet, etc.), Motivation/passion",Independence ,Creative ,Constraints,36–40,
12/16/2025 19:36:37,,,Male,Single,SSC or Less,Other,Driver,3–5,Contract,30–40,"30–60 mins,",2,2,3,4,3,2,3,3,3,4,2,1,1,2,4,2,2,3,2,3,5,2,2,4,3,4,3,4,3,3,3,"Lack of time, Lack of financial security, Family responsibilities","Supportive boss/organization, Financial savings, Access to resources (labs, tools, internet, etc.), Motivation/passion",,,,18-25,
12/16/2025 19:38:26,,,Female,Divorced,Bachelor’s,Public,Consultant ,3–5,Permanent,30–40,1–2 hours,1,1,2,3,4,5,4,4,4,4,1,1,3,3,4,5,1,2,4,3,5,3,3,3,4,3,4,3,4,4,1,"Lack of time, Family responsibilities","Supportive boss/organization, Financial savings, Networks and contacts",Independence ,Creative ,Stepping stone,31–35,
12/16/2025 19:42:33,,,Female,Widowed,Bachelor’s,NGO,supervisor ,3–5,Contract,30–40,"30–60 mins,",2,1,1,2,2,3,4,3,1,3,1,3,3,2,4,2,1,4,4,2,2,2,3,5,4,2,3,3,2,4,3,"Lack of time, Lack of financial security, Family responsibilities","Supportive boss/organization, Financial savings, Networks and contacts, Motivation/passion",Innovate,Independent ,Stepping stone,36–40,
12/16/2025 21:23:49,,,Male,Married,HSC,Public,Army,0–2,Permanent,41–50,"30–60 mins,",1,2,3,4,3,2,4,2,5,3,1,4,4,2,3,4,1,2,3,4,2,1,3,3,5,5,1,1,4,4,2,"Lack of time, Lack of financial security, Family responsibilities, Fear of risk/failure","Supportive boss/organization, Financial savings, Networks and contacts",,,,18-25,
12/16/2025 21:25:43,,,Male,Married,Bachelor’s,Private,Journalist ,3–5,Part-time,30–40,"30–60 mins,",1,2,1,2,2,3,1,2,4,2,3,1,3,2,2,4,2,2,2,3,2,2,2,3,3,2,4,2,2,4,4,"Lack of time, Lack of financial security, Fear of risk/failure","Supportive boss/organization, Financial savings, Motivation/passion",,,,26–30,
12/16/2025 21:27:45,,,Male,Married,Bachelor’s,Public,Consultant ,3–5,Permanent,30–40,1–2 hours,2,1,1,1,2,2,3,2,2,5,2,3,3,2,2,1,2,3,3,3,2,2,4,3,2,2,2,3,4,3,4,Lack of financial security,"Financial savings, Skills and knowledge from current job",Independence ,Creative ,Constraint ,31–35,
12/16/2025 21:29:25,,,Male,Married,Bachelor’s,Education,Teacher,3–5,Permanent,30–40,1–2 hours,2,1,2,4,4,5,5,3,4,5,2,1,3,5,5,4,2,4,3,2,5,2,4,2,4,2,3,4,4,5,5,"Lack of time, Lack of financial security, Family responsibilities","Supportive boss/organization, Financial savings, Motivation/passion",,,,31–35,
12/16/2025 21:30:43,,,Male,Married,Master’s,Private,Banker,11–15,Permanent,30–40,1–2 hours,1,5,4,5,3,2,4,2,4,5,1,5,4,3,3,4,2,5,4,4,3,3,4,5,4,4,4,2,3,3,5,"Lack of time, Lack of financial security, Family responsibilities, Fear of risk/failure","Supportive boss/organization, Skills and knowledge from current job, Access to resources (labs, tools, internet, etc.), Motivation/passion",,,,26–30,
12/16/2025 21:32:27,,,Female,Married,Bachelor’s,Public,Teacher,6–10,Permanent,30–40,More than 2 hours,4,4,3,2,3,3,5,4,3,5,1,4,2,3,2,4,3,4,4,4,4,2,3,3,4,4,3,3,5,4,4,"Lack of time, Lack of financial security, Fear of risk/failure","Networks and contacts, Access to resources (labs, tools, internet, etc.), Motivation/passion",,,,26–30,
12/16/2025 21:33:51,,,Male,Married,Bachelor’s,Private,Senior officer,3–5,Permanent,30–40,1–2 hours,5,3,1,1,3,5,2,4,3,3,3,3,4,2,3,5,2,2,4,4,3,3,4,3,2,1,4,2,4,3,2,Family responsibilities,"Supportive boss/organization, Financial savings, Motivation/passion",,,,26–30,
12/16/2025 21:35:15,,,Male,Married,Master’s,Healthcare,Researcher ,3–5,Permanent,30–40,"30–60 mins,",2,4,3,2,4,3,4,1,5,5,3,4,3,5,2,4,4,3,4,3,3,4,4,4,4,2,1,4,3,5,5,"Lack of time, Family responsibilities","Supportive boss/organization, Financial savings, Access to resources (labs, tools, internet, etc.)",,,,18-25,
12/16/2025 21:37:46,,,Male,Married,PhD+=,Private,Researcher ,6–10,Permanent,30–40,1–2 hours,2,3,4,3,4,2,2,2,5,5,3,5,1,3,5,5,3,4,2,2,5,4,4,3,2,4,2,3,3,3,3,"Lack of time, Lack of financial security, Unsupportive organization, Lack of skills","Supportive boss/organization, Skills and knowledge from current job, Networks and contacts, Motivation/passion",,,,36–40,
12/16/2025 21:41:45,,,Female,Married,Master’s,Private,Research assistant,6–10,Permanent,30–40,"30–60 mins,",3,3,2,4,2,3,3,3,1,1,1,2,3,3,3,3,3,4,4,3,5,3,3,3,3,4,3,4,4,1,3,"Lack of time, Lack of financial security, Family responsibilities, Fear of risk/failure","Supportive boss/organization, Skills and knowledge from current job, Access to resources (labs, tools, internet, etc.)",Independence ,Creative ,Constraint ,41–50,
12/16/2025 21:45:49,,,Male,Married,Bachelor’s,Private,Data collector,6–10,Permanent,30–40,"30–60 mins,",2,2,3,4,1,4,2,3,4,2,2,4,4,3,2,3,4,1,4,2,4,1,2,4,1,2,2,5,5,2,2,"Lack of time, Lack of financial security, Family responsibilities","Supportive boss/organization, Financial savings, Access to resources (labs, tools, internet, etc.), Motivation/passion",Independence ,Creative ,Constraint ,31–35,
12/16/2025 21:47:42,,,Male,Married,Bachelor’s,Private,Data collector,0–2,Part-time,30–40,"30–60 mins,",1,2,3,3,3,4,5,4,2,3,3,5,4,1,3,4,4,3,3,3,5,3,3,4,3,1,3,4,3,3,4,"Lack of time, Lack of financial security","Supportive boss/organization, Financial savings, Motivation/passion",,,,31–35,
12/16/2025 21:49:36,,,Male,Married,Master’s,Private,CEO,16+,Permanent,41–50,1–2 hours,2,3,4,2,4,5,5,4,3,1,2,1,2,3,4,5,3,4,1,2,4,1,2,3,5,2,4,3,5,3,4,"Lack of time, Lack of financial security, Family responsibilities, Fear of risk/failure, Unsupportive organization, Lack of skills","Supportive boss/organization, Financial savings, Skills and knowledge from current job, Networks and contacts, Access to resources (labs, tools, internet, etc.), Motivation/passion",Independence independent ,,Constraint ,51+,
12/16/2025 21:51:28,,,Male,Married,Master’s,Private,Managing Director ,6–10,Permanent,Less than 30,"30–60 mins,",2,1,2,3,4,4,3,1,3,4,2,2,3,4,1,5,3,2,3,3,5,4,2,4,4,2,4,3,4,4,4,"Lack of time, Family responsibilities","Skills and knowledge from current job, Access to resources (labs, tools, internet, etc.), Motivation/passion",Innovate,Creative ,Constraint ,36–40,
12/16/2025 22:30:31,,,Male,Married,Bachelor’s,Private,Senior officer,6–10,Permanent,30–40,"30–60 mins,",2,2,1,1,3,4,4,3,3,5,2,3,3,2,2,4,3,4,4,3,3,4,4,4,3,4,1,2,4,4,3,"Lack of time, Lack of financial security, Family responsibilities","Supportive boss/organization, Financial savings, Skills and knowledge from current job, Networks and contacts",,,,41–50,
12/16/2025 22:32:51,,,Male,Single,Bachelor’s,Public,Banker,3–5,Permanent,30–40,1–2 hours,1,2,5,3,2,4,1,3,4,5,2,4,5,4,2,1,4,4,3,4,2,4,4,4,2,3,1,3,4,3,3,"Lack of financial security, Family responsibilities, Fear of risk/failure",Skills and knowledge from current job,,,,31–35,
12/16/2025 22:34:14,,,Male,Married,Master’s,Public,Doctor ,6–10,Permanent,41–50,"30–60 mins,",2,2,2,5,5,3,4,2,5,3,2,4,5,3,1,4,3,4,4,3,2,4,3,5,4,1,2,5,2,4,4,"Lack of time, Lack of financial security, Family responsibilities, Fear of risk/failure","Supportive boss/organization, Financial savings, Skills and knowledge from current job",,,,41–50,
12/16/2025 22:35:43,,,Male,Married,Bachelor’s,Other,journalist ,3–5,Part-time,41–50,1–2 hours,2,2,2,3,3,2,5,5,3,2,3,2,4,2,2,2,2,3,3,2,3,5,3,1,2,5,1,3,3,1,3,"Lack of time, Lack of financial security, Family responsibilities","Financial savings, Networks and contacts",,,,31–35,
12/16/2025 22:37:12,,,Male,Married,Bachelor’s,Private,Doctor ,3–5,Permanent,30–40,More than 2 hours,2,5,5,1,2,5,4,4,3,4,2,2,4,3,5,4,3,4,4,3,2,4,1,3,5,3,3,4,2,3,5,"Lack of time, Lack of financial security, Family responsibilities, Fear of risk/failure","Supportive boss/organization, Skills and knowledge from current job, Networks and contacts",,,,31–35,
12/16/2025 22:39:31,,,Female,Widowed,Bachelor’s,Private,Teacher ,0–2,Permanent,30–40,1–2 hours,2,2,3,3,3,4,3,3,2,1,4,3,4,2,3,5,3,3,3,3,5,4,5,5,4,2,5,4,5,4,4,"Lack of time, Lack of financial security, Family responsibilities, Fear of risk/failure","Supportive boss/organization, Financial savings, Skills and knowledge from current job",,,,31–35,
12/16/2025 22:42:55,,,Male,Single,Bachelor’s,Private,Sales representative,0–2,Permanent,30–40,1–2 hours,1,4,5,4,4,2,3,4,4,3,2,4,5,3,3,4,4,4,4,2,2,5,4,4,3,4,3,4,3,4,3,Lack of time,"Supportive boss/organization, Motivation/passion",,,,36–40,
12/16/2025 22:45:18,,,Female,Divorced,Master’s,Private,Assistant manager,6–10,Permanent,30–40,"30–60 mins,",3,4,5,5,3,4,5,4,4,5,1,3,4,4,4,3,4,4,4,4,4,2,3,4,1,1,1,2,3,4,3,"Lack of time, Family responsibilities","Supportive boss/organization, Financial savings, Skills and knowledge from current job, Networks and contacts, Access to resources (labs, tools, internet, etc.), Motivation/passion",Innovative ,Creative ,Constraint ,36–40,
12/16/2025 22:47:21,,,Male,Single,Bachelor’s,Other,Writer,3–5,Permanent,41–50,"30–60 mins,",2,4,2,4,3,4,3,4,3,4,2,1,2,5,4,4,3,3,3,1,3,1,3,4,4,4,3,2,2,4,5,"Lack of time, Lack of financial security, Family responsibilities","Networks and contacts, Motivation/passion",Absolutely independence ,Most creative ,Stepping stone,31–35,
12/16/2025 22:48:40,,,Male,Married,SSC or Less,Healthcare,Security,3–5,Contract,30–40,1–2 hours,2,3,3,2,4,3,2,1,2,3,3,4,4,4,2,1,2,3,3,3,5,2,3,4,4,2,2,4,5,5,4,"Lack of time, Lack of financial security, Fear of risk/failure, Unsupportive organization",Supportive boss/organization,,,,18-25,
12/16/2025 22:51:35,,,Female,Single,Master’s,Private,Writer ,3–5,Permanent,41–50,"30–60 mins,",1,2,4,2,4,4,1,2,4,3,4,4,3,2,5,3,4,2,5,2,2,1,3,4,2,3,3,3,5,1,2,"Lack of time, Lack of financial security, Family responsibilities, Unsupportive organization",Supportive boss/organization,Innovative ,Creative ,constraint ,36–40,
12/16/2025 22:57:28,,,Male,Single,HSC,Education,Teacher,6–10,Permanent,30–40,"30–60 mins,",1,5,3,3,2,5,4,3,3,5,3,3,4,4,2,2,2,2,1,4,4,3,3,4,2,5,3,3,3,2,3,"Lack of time, Lack of financial security, Family responsibilities, Lack of skills","Supportive boss/organization, Skills and knowledge from current job, Networks and contacts, Motivation/passion",,,,31–35,
12/16/2025 22:58:52,,,Female,Widowed,Bachelor’s,Public,Nurse ,3–5,Contract,30–40,"30–60 mins,",3,2,3,1,3,4,2,4,5,4,2,2,3,3,3,5,2,3,1,3,4,2,3,3,3,3,4,1,4,5,3,"Lack of time, Fear of risk/failure","Networks and contacts, Access to resources (labs, tools, internet, etc.), Motivation/passion",,,,31–35,
12/16/2025 23:00:23,,,Female,Divorced,HSC,Garments,Worker,0–2,Contract,Less than 30,"30–60 mins,",2,4,5,4,2,3,3,3,3,4,1,1,4,2,3,4,3,4,4,3,4,4,3,5,3,3,4,4,5,4,5,"Lack of time, Family responsibilities, Fear of risk/failure, Unsupportive organization","Supportive boss/organization, Financial savings, Motivation/passion",,,,31–35,
12/16/2025 23:02:03,,,Male,Single,SSC or Less,Garments,Worker,0–2,Permanent,30–40,1–2 hours,2,3,3,3,2,4,3,5,5,3,2,4,5,3,4,3,2,3,5,3,4,2,4,4,2,5,2,1,3,4,3,"Lack of time, Family responsibilities","Supportive boss/organization, Financial savings, Access to resources (labs, tools, internet, etc.), Motivation/passion",Independence ,Creative ,Constraint ,18-25,
12/16/2025 23:04:16,,,Female,Divorced,Bachelor’s,Public,Assistant teacher,6–10,Permanent,30–40,"30–60 mins,",2,2,2,4,2,2,3,3,4,2,2,2,5,2,1,1,4,2,3,4,4,1,3,4,4,5,4,3,4,2,4,"Lack of time, Lack of financial security, Family responsibilities","Supportive boss/organization, Financial savings, Skills and knowledge from current job",,,,41–50,
12/16/2025 23:06:01,,,Male,Married,Bachelor’s,Public,Teacher,6–10,Permanent,30–40,1–2 hours,1,3,4,4,3,3,4,1,4,5,5,1,1,2,3,5,3,3,2,3,4,3,4,5,1,1,4,2,4,2,4,"Lack of time, Lack of financial security, Family responsibilities, Fear of risk/failure","Supportive boss/organization, Financial savings, Skills and knowledge from current job, Access to resources (labs, tools, internet, etc.)",,,,26–30,
12/17/2025 0:36:53,,,Male,Single,HSC,Private,Office boy,0–2,Part-time,30–40,1–2 hours,3,1,2,4,4,3,5,5,5,5,3,4,2,4,5,3,3,4,4,3,5,4,3,5,3,3,3,5,5,4,4,"Lack of financial security, Fear of risk/failure, Unsupportive organization","Financial savings, Networks and contacts, Access to resources (labs, tools, internet, etc.)",Stress blocks.,Need chances.,Mostly stepping.,18-25,
12/17/2025 0:38:08,,,Male,Married,Bachelor’s,Private,Banker,3–5,Permanent,30–40,"30–60 mins,",4,3,3,3,2,2,3,5,4,2,3,5,5,2,4,4,2,4,2,1,1,3,3,4,4,3,2,1,4,4,4,"Lack of financial security, Fear of risk/failure, Unsupportive organization","Financial savings, Skills and knowledge from current job",Stress blocks.,Need chances.,Mostly stepping.,26–30,
12/17/2025 0:39:23,,,Male,Married,Master’s,Private,Banker,6–10,Permanent,30–40,1–2 hours,4,4,4,4,4,4,4,5,5,4,5,4,5,4,5,5,4,5,4,5,4,5,5,5,4,5,4,5,3,5,5,"Lack of financial security, Unsupportive organization","Skills and knowledge from current job, Networks and contacts, Motivation/passion",Stress blocks.,Need chances.,Mostly stepping.,31–35,
12/17/2025 0:40:33,,,Male,Married,Master’s,Education,Teacher ,6–10,Permanent,30–40,1–2 hours,3,4,4,5,5,5,4,5,4,5,3,3,3,5,4,5,5,4,5,4,5,4,4,5,5,4,4,5,4,5,4,"Lack of time, Family responsibilities, Unsupportive organization","Supportive boss/organization, Skills and knowledge from current job, Motivation/passion",Stress blocks.,Need chances.,Mostly stepping.,36–40,
12/17/2025 0:41:56,,,Male,Married,Master’s,Education,Teacher ,11–15,Permanent,41–50,Less than 30 mins,5,5,4,5,4,5,4,4,5,4,3,5,4,5,4,4,5,4,5,4,5,4,4,5,5,4,5,4,5,4,5,Family responsibilities,Financial savings,Stress blocks.,Need chances.,Mostly stepping.,41–50,
12/17/2025 0:43:19,,,Female,Married,Master’s,Education,Teacher ,16+,Permanent,30–40,"30–60 mins,",3,4,3,4,4,4,4,3,4,3,5,4,5,5,4,3,3,4,5,4,5,5,4,5,5,4,4,5,4,4,5,"Lack of financial security, Family responsibilities, Unsupportive organization","Supportive boss/organization, Financial savings, Networks and contacts",Stress blocks.,Need chances.,Mostly stepping.,51+,
12/17/2025 0:44:40,,,Male,Married,Master’s,Education,Teacher ,0–2,Permanent,41–50,1–2 hours,3,2,2,4,4,4,5,3,4,5,2,3,3,4,4,5,2,2,4,5,4,2,2,3,5,4,5,5,4,5,5,"Lack of financial security, Unsupportive organization","Supportive boss/organization, Networks and contacts",Stress blocks.,Need chances.,Mostly stepping.,18-25,
12/17/2025 0:45:48,,,Male,Married,Master’s,Education,Teacher,3–5,Permanent,41–50,1–2 hours,4,4,5,5,4,5,4,5,4,5,4,4,4,4,4,5,4,4,5,5,5,4,4,5,4,5,4,4,3,4,5,Family responsibilities,Supportive boss/organization,Stress blocks.,Need chances.,Mostly stepping.,26–30,
12/17/2025 0:46:56,,,Male,Married,Bachelor’s,Private,Banker,3–5,Permanent,30–40,1–2 hours,3,4,5,5,4,5,4,5,4,5,4,4,5,5,4,5,3,4,4,5,5,5,4,5,4,5,5,5,5,5,5,Family responsibilities,Financial savings,Stress blocks.,Need chances.,Mostly stepping.,31–35,
12/17/2025 0:47:55,,,Male,Married,Bachelor’s,Private,Banker,6–10,Permanent,30–40,"30–60 mins,",4,4,4,4,4,5,5,5,5,5,4,5,4,4,5,4,3,5,4,5,4,3,3,4,5,4,5,4,4,5,4,Family responsibilities,Networks and contacts,Stress blocks.,Need chances.,Mostly stepping.,41–50,
12/17/2025 0:49:10,,,Male,Married,Master’s,Private,Banker,3–5,Permanent,30–40,"30–60 mins,",4,5,4,4,5,5,4,5,4,5,3,4,5,4,5,5,4,4,5,4,5,4,4,5,4,4,5,5,4,5,5,Lack of financial security,Financial savings,Stress blocks.,Need chances.,Mostly stepping.,31–35,
12/17/2025 0:50:11,,,Male,Married,Bachelor’s,Private,Banker,3–5,Permanent,30–40,"30–60 mins,",4,4,5,5,5,5,5,5,5,5,4,4,5,5,5,5,4,4,4,4,5,4,4,4,4,5,4,5,4,5,4,Lack of financial security,Supportive boss/organization,Stress blocks.,Need chances.,Mostly stepping.,31–35,
12/17/2025 0:54:43,,,Male,Married,Master’s,Private,Banker,11–15,Permanent,30–40,More than 2 hours,3,5,5,4,5,5,5,5,5,5,4,4,5,5,4,5,4,5,4,5,5,4,4,4,5,4,5,4,5,4,5,Lack of financial security,Skills and knowledge from current job,Stress blocks.,Need chances.,Mostly stepping.,41–50,
12/17/2025 0:56:04,,,Female,Married,Master’s,Education,Teacher ,11–15,Permanent,30–40,1–2 hours,4,4,5,5,5,4,5,5,4,5,4,4,5,4,5,5,4,4,5,4,5,5,5,5,4,4,5,4,5,5,4,Fear of risk/failure,Financial savings,Stress blocks.,Need chances.,Mostly stepping.,41–50,
12/17/2025 0:57:10,,,Female,Married,Master’s,Public,Banker,11–15,Permanent,30–40,"30–60 mins,",3,4,5,4,4,5,4,5,4,5,4,5,4,4,4,2,4,4,4,5,4,4,5,4,5,4,5,4,5,4,5,"Lack of time, Family responsibilities, Unsupportive organization","Financial savings, Networks and contacts",Stress blocks.,Need chances.,Mostly stepping.,41–50,
12/17/2025 0:58:46,,,Male,Married,Bachelor’s,Private,Banker,6–10,Permanent,30–40,1–2 hours,5,4,5,4,5,5,5,5,4,5,3,5,4,5,4,5,4,5,4,5,4,4,4,4,4,4,4,5,4,4,5,"Lack of financial security, Fear of risk/failure, Lack of skills","Financial savings, Networks and contacts, Access to resources (labs, tools, internet, etc.)",Stress blocks.,Need chances.,Mostly stepping.,36–40,
12/17/2025 1:00:02,,,Male,Married,HSC,Private,Marketing officer ,6–10,Permanent,Less than 30,"30–60 mins,",4,4,5,4,4,5,4,5,4,5,4,4,4,5,4,5,4,4,4,5,4,4,4,5,5,4,5,4,5,4,5,Family responsibilities,Financial savings,Stress blocks.,Need chances.,Mostly stepping.,36–40,
12/17/2025 1:01:08,,,Male,Married,Bachelor’s,Private,Banker,6–10,Permanent,Less than 30,"30–60 mins,",4,4,5,4,4,4,5,4,5,1,2,3,5,4,5,5,4,4,4,5,4,4,5,4,5,4,4,4,5,5,4,Lack of financial security,"Supportive boss/organization, Networks and contacts",Stress blocks.,Need chances.,Mostly stepping.,41–50,
12/17/2025 1:02:22,,,Female,Married,Master’s,Education,Teacher ,11–15,Permanent,Less than 30,"30–60 mins,",3,4,4,4,4,4,4,4,4,5,5,4,5,4,5,4,4,4,3,3,3,4,5,4,5,4,4,5,4,5,4,Fear of risk/failure,Skills and knowledge from current job,Stress blocks.,Need chances.,Mostly stepping.,41–50,
12/17/2025 1:03:28,,,Male,Married,Master’s,Private,Manager,3–5,Permanent,30–40,"30–60 mins,",3,3,4,4,3,4,4,4,5,5,3,4,4,4,5,4,3,3,5,4,4,4,4,4,5,4,4,5,4,4,5,Family responsibilities,Skills and knowledge from current job,Stress blocks.,Need chances.,Mostly stepping.,41–50,
12/17/2025 1:04:54,,,Female,Married,Master’s,Education,Teacher ,11–15,Permanent,Less than 30,"30–60 mins,",4,3,4,5,4,4,5,4,5,5,3,4,4,4,5,5,5,4,5,5,5,5,4,3,5,4,4,4,4,5,4,Lack of financial security,Skills and knowledge from current job,Stress blocks.,Need chances.,Mostly stepping.,41–50,
12/17/2025 1:07:51,,,Male,Single,Bachelor’s,Private,Banker,3–5,Permanent,30–40,1–2 hours,4,4,4,5,5,4,5,4,4,1,3,4,4,4,5,4,4,4,4,4,4,5,4,5,4,5,4,5,4,5,5,Unsupportive organization,Supportive boss/organization,Stress blocks.,Need chances.,Mostly stepping.,26–30,
12/17/2025 1:09:00,,,Female,Married,Bachelor’s,Private,Banker,0–2,Permanent,Less than 30,"30–60 mins,",3,3,5,5,4,5,4,5,4,5,4,4,4,5,4,5,4,5,4,5,4,4,4,4,4,4,4,4,5,4,5,Family responsibilities,Financial savings,Stress blocks.,Need chances.,Mostly stepping.,26–30,
12/17/2025 1:10:09,,,Male,Married,Bachelor’s,Private,Banker,3–5,Permanent,30–40,"30–60 mins,",4,4,4,5,4,4,5,4,4,5,3,4,5,4,5,4,4,5,4,5,4,4,5,4,5,4,5,4,5,4,5,"Lack of financial security, Fear of risk/failure","Financial savings, Skills and knowledge from current job",Stress blocks.,Need chances.,Mostly stepping.,26–30,
12/17/2025 1:11:24,,,Male,Married,Bachelor’s,Private,Banker,3–5,Permanent,30–40,"30–60 mins,",4,4,4,5,4,4,3,4,5,1,4,4,4,5,4,5,4,4,4,5,4,3,4,4,5,4,5,4,5,4,5,Fear of risk/failure,Financial savings,Stress blocks.,Need chances.,Mostly stepping.,31–35,
12/17/2025 1:13:47,,,Male,Married,Bachelor’s,Private,Banker,6–10,Permanent,41–50,"30–60 mins,",3,4,4,4,4,4,5,4,4,5,4,4,4,4,5,1,3,4,4,4,5,4,4,4,5,5,4,4,3,4,4,Family responsibilities,Skills and knowledge from current job,Stress blocks.,Need chances.,Mostly stepping.,36–40,
12/17/2025 1:16:10,,,Male,Married,HSC,Private,Marketing officer,0–2,Permanent,30–40,"30–60 mins,",3,3,4,4,4,4,4,5,4,5,4,5,4,5,5,4,4,5,5,4,5,4,4,4,5,4,4,5,4,4,5,Lack of financial security,"Supportive boss/organization, Networks and contacts",Stress blocks.,Need chances.,Mostly stepping.,18-25,
12/17/2025 1:17:21,,,Male,Married,Bachelor’s,Private,Banker,6–10,Permanent,30–40,"30–60 mins,",2,4,4,5,3,4,5,4,5,4,4,4,4,5,4,5,3,4,4,5,4,4,4,4,5,4,4,5,4,5,4,"Lack of financial security, Fear of risk/failure","Financial savings, Access to resources (labs, tools, internet, etc.)",Stress blocks.,Need chances.,Mostly stepping.,36–40,
12/17/2025 1:18:44,,,Female,Married,Master’s,Private,Banker,6–10,Permanent,30–40,Less than 30 mins,3,4,4,5,4,4,4,4,4,5,3,5,4,5,4,5,3,4,4,5,4,4,5,4,4,4,5,4,5,4,5,Lack of financial security,"Supportive boss/organization, Networks and contacts",Stress blocks.,Need chances.,Mostly stepping.,36–40,
12/17/2025 1:19:50,,,Male,Married,Master’s,Private,Banker,6–10,Permanent,Less than 30,Less than 30 mins,5,4,5,5,4,4,4,4,4,4,4,4,5,4,5,5,4,5,4,5,4,4,5,4,5,4,4,5,4,4,5,Family responsibilities,Supportive boss/organization,Stress blocks.,Need chances.,Mostly stepping.,36–40,
12/17/2025 1:21:17,,,Male,Married,Master’s,Private,Officer,11–15,Permanent,30–40,"30–60 mins,",3,4,4,5,4,5,4,4,4,5,4,4,3,4,4,5,4,5,4,5,5,5,4,4,5,3,4,4,5,4,4,Fear of risk/failure,Financial savings,Stress blocks.,Need chances.,Mostly stepping.,36–40,
12/17/2025 11:03:35,,,Male,Single,SSC or Less,Private,Banker,0–2,Permanent,30–40,"30–60 mins,",4,5,4,5,4,5,4,5,4,5,4,5,4,5,4,5,4,5,4,5,4,5,4,5,5,5,5,5,5,4,5,"Family responsibilities, Fear of risk/failure","Financial savings, Networks and contacts",Stress blocks.,Need chances.,Mostly stepping.,18-25,
12/17/2025 11:04:38,,,Male,Married,Master’s,Private,Banker,3–5,Permanent,30–40,1–2 hours,4,5,4,5,4,5,4,5,4,5,3,5,4,5,4,5,4,4,5,4,5,4,5,4,5,4,5,4,5,4,5,Family responsibilities,Financial savings,Stress blocks.,Need chances.,Mostly stepping.,26–30,
12/17/2025 11:05:35,,,Male,Married,Master’s,Private,Banker,6–10,Permanent,30–40,1–2 hours,4,5,4,5,4,5,4,5,5,1,4,4,4,4,4,5,5,4,5,4,5,3,5,4,5,4,5,4,4,5,4,"Lack of financial security, Unsupportive organization","Supportive boss/organization, Networks and contacts",Stress blocks.,Need chances.,Mostly stepping.,31–35,
12/17/2025 11:06:45,,,Male,Married,Master’s,Private,Bank manager,6–10,Permanent,41–50,"30–60 mins,",3,4,4,4,5,4,5,4,4,5,4,4,4,5,4,5,4,5,4,5,4,4,5,4,5,4,4,4,5,4,5,"Lack of time, Fear of risk/failure","Financial savings, Access to resources (labs, tools, internet, etc.)",Stress blocks.,Need chances.,Mostly stepping.,36–40,
12/17/2025 11:07:47,,,Male,Married,Master’s,Education,Teacher,11–15,Permanent,30–40,1–2 hours,3,4,4,5,4,4,4,5,4,5,4,5,4,5,4,5,4,5,4,5,5,3,4,3,5,4,5,4,5,4,5,"Lack of financial security, Unsupportive organization","Financial savings, Access to resources (labs, tools, internet, etc.)",Stress blocks.,Need chances.,Mostly stepping.,41–50,
12/17/2025 11:08:51,,,Male,Married,Bachelor’s,Private,Banker,16+,Permanent,30–40,1–2 hours,4,4,4,5,4,5,4,5,4,4,4,5,4,5,4,5,4,4,4,5,4,4,4,4,4,4,4,5,4,5,4,Lack of time,Networks and contacts,Stress blocks.,Need chances.,Mostly stepping.,51+,
12/17/2025 11:10:05,,,Male,Married,Bachelor’s,Private,Banker,0–2,Permanent,30–40,1–2 hours,4,4,4,5,4,5,4,4,5,4,4,5,4,5,4,5,5,4,5,4,5,4,5,4,5,4,5,4,5,4,5,"Lack of financial security, Lack of skills","Financial savings, Access to resources (labs, tools, internet, etc.)",Stress blocks.,Need chances.,Mostly stepping.,18-25,
12/17/2025 11:11:09,,,Female,Married,Bachelor’s,Private,Banker,3–5,Permanent,30–40,Less than 30 mins,4,5,4,5,5,4,4,5,4,5,4,5,4,5,4,5,5,4,4,5,4,4,5,5,4,4,5,4,5,4,5,"Lack of financial security, Lack of skills","Financial savings, Networks and contacts",Stress blocks.,Need chances.,Mostly stepping.,26–30,
12/17/2025 11:12:08,,,Female,Married,Master’s,Education,Teacher ,6–10,Permanent,30–40,1–2 hours,4,4,4,5,4,5,4,4,5,4,5,4,5,4,5,4,5,4,5,4,5,4,5,4,4,5,4,4,5,4,5,"Family responsibilities, Unsupportive organization","Financial savings, Networks and contacts, Motivation/passion",Stress blocks.,Need chances.,Mostly stepping.,31–35,
12/17/2025 11:13:29,,,Female,Married,Master’s,Education,Teacher,6–10,Permanent,30–40,"30–60 mins,",3,5,4,4,5,4,4,4,4,5,3,4,4,5,4,5,4,4,4,5,4,5,5,4,4,5,4,5,4,5,4,"Lack of financial security, Fear of risk/failure","Supportive boss/organization, Networks and contacts, Motivation/passion",Stress blocks.,Need chances.,Mostly stepping.,36–40,
12/17/2025 11:14:53,,,Male,Married,Master’s,Private,Banker,11–15,Permanent,30–40,"30–60 mins,",1,2,2,2,4,4,4,4,5,4,3,4,4,5,4,5,2,4,4,5,4,3,3,3,5,4,4,5,4,5,4,"Lack of financial security, Family responsibilities, Unsupportive organization","Supportive boss/organization, Skills and knowledge from current job, Access to resources (labs, tools, internet, etc.)",Stress blocks.,Need chances.,Mostly stepping.,41–50,
12/17/2025 11:16:18,,,Male,Married,Master’s,Garments,Quality Manager ,16+,Permanent,Less than 30,"30–60 mins,",1,1,3,3,5,4,4,4,4,5,3,4,4,4,5,4,3,5,4,5,4,3,5,5,5,4,5,4,5,4,4,"Lack of time, Family responsibilities, Fear of risk/failure","Financial savings, Skills and knowledge from current job, Motivation/passion",Stress blocks.,Need chances.,Mostly stepping.,51+,
12/17/2025 11:17:25,,,Male,Single,HSC,Private,Marketing officer,0–2,Part-time,30–40,"30–60 mins,",1,5,4,5,4,4,5,4,5,4,1,5,4,5,4,5,1,2,4,5,1,2,4,4,4,5,4,5,4,4,5,"Lack of time, Family responsibilities, Unsupportive organization","Supportive boss/organization, Skills and knowledge from current job, Networks and contacts",Stress blocks.,Need chances.,Mostly stepping.,18-25,
12/17/2025 11:18:37,,,Male,Married,Master’s,Private,Banker,3–5,Permanent,30–40,1–2 hours,2,5,4,4,5,5,5,4,5,4,2,3,2,4,3,4,5,4,4,4,5,4,4,5,4,5,4,3,4,3,3,"Lack of time, Family responsibilities, Lack of skills","Supportive boss/organization, Skills and knowledge from current job, Access to resources (labs, tools, internet, etc.)",Stress blocks.,Need chances.,Mostly stepping.,26–30,
12/17/2025 11:19:40,,,Male,Married,Bachelor’s,Private,Banker,3–5,Permanent,30–40,"30–60 mins,",4,2,4,4,4,5,4,4,5,4,2,4,3,4,4,4,2,5,3,4,4,5,4,4,5,5,4,5,4,1,5,"Lack of time, Unsupportive organization","Financial savings, Access to resources (labs, tools, internet, etc.)",Stress blocks.,Need chances.,Mostly stepping.,31–35,
12/17/2025 11:20:46,,,Male,Married,Master’s,Private,Banker,6–10,Permanent,41–50,1–2 hours,1,5,3,4,2,4,2,3,5,3,3,5,4,5,4,5,2,3,3,5,4,4,3,5,4,5,4,5,4,4,5,"Lack of financial security, Fear of risk/failure","Supportive boss/organization, Networks and contacts",Stress blocks.,Need chances.,Mostly stepping.,36–40,
12/17/2025 11:21:48,,,Male,Married,Master’s,Education,Teacher ,11–15,Permanent,30–40,"30–60 mins,",4,5,4,4,4,4,4,4,5,5,5,4,5,4,5,4,3,5,4,4,5,5,4,5,4,5,4,5,5,5,4,"Lack of financial security, Family responsibilities, Fear of risk/failure","Supportive boss/organization, Skills and knowledge from current job, Motivation/passion",Stress blocks.,Need chances.,Mostly stepping.,41–50,
12/17/2025 11:22:54,,,Male,Married,Bachelor’s,Private,Banker,11–15,Permanent,30–40,"30–60 mins,",4,5,4,5,5,5,4,4,5,4,3,5,4,4,5,4,5,4,5,4,5,5,4,4,5,4,5,4,4,5,4,"Lack of financial security, Unsupportive organization","Financial savings, Motivation/passion",Stress blocks.,Need chances.,Mostly stepping.,51+,
12/17/2025 11:24:26,,,Male,Married,Master’s,Private,Banker,3–5,Permanent,30–40,"30–60 mins,",4,4,5,5,4,5,5,4,5,5,3,4,4,4,4,5,4,5,4,5,4,4,4,4,4,4,5,5,4,5,4,"Lack of time, Family responsibilities, Unsupportive organization","Financial savings, Skills and knowledge from current job, Access to resources (labs, tools, internet, etc.)",Stress blocks.,Need chances.,Mostly stepping.,31–35,
12/17/2025 11:25:31,,,Male,Married,Master’s,Education,Teacher ,11–15,Permanent,41–50,"30–60 mins,",4,5,4,5,4,4,4,4,4,4,4,4,4,4,5,4,1,3,5,4,4,5,4,5,5,4,5,4,5,4,4,"Lack of financial security, Lack of skills","Skills and knowledge from current job, Motivation/passion",Stress blocks.,Need chances.,Mostly stepping.,41–50,
12/17/2025 11:27:56,,,Male,Single,SSC or Less,Garments,Worker ,0–2,Permanent,Less than 30,1–2 hours,1,2,3,5,2,2,2,3,4,2,1,3,5,1,4,2,2,4,4,4,3,2,2,3,5,3,3,4,4,3,5,"Lack of time, Family responsibilities","Supportive boss/organization, Skills and knowledge from current job, Access to resources (labs, tools, internet, etc.)",,,,36–40,
12/17/2025 11:29:35,,,Male,Married,Bachelor’s,Private,Senior officer,6–10,Permanent,Less than 30,"30–60 mins,",2,3,5,1,1,3,4,4,4,5,4,4,4,5,4,4,4,5,5,2,2,4,2,5,4,4,3,4,4,3,3,"Lack of time, Lack of financial security, Fear of risk/failure, Unsupportive organization","Supportive boss/organization, Skills and knowledge from current job, Networks and contacts, Access to resources (labs, tools, internet, etc.)",,,,41–50,
12/17/2025 11:31:04,,,Female,Married,Master’s,Education,Teacher,3–5,Part-time,Less than 30,1–2 hours,1,3,3,4,2,4,1,4,5,4,4,4,4,3,4,4,3,4,4,4,5,2,4,5,4,4,2,3,4,5,2,"Lack of time, Lack of financial security, Family responsibilities","Supportive boss/organization, Networks and contacts",,,,31–35,
12/17/2025 11:32:21,,,Female,Divorced,Bachelor’s,Private,Sales representative,0–2,Permanent,30–40,Less than 30 mins,2,5,5,4,4,3,3,4,3,5,4,3,4,5,4,4,3,4,4,2,4,4,5,4,4,4,4,4,3,4,5,"Lack of time, Lack of financial security, Family responsibilities, Fear of risk/failure, Unsupportive organization","Networks and contacts, Access to resources (labs, tools, internet, etc.), Motivation/passion",,,,18-25,
12/17/2025 11:34:26,,,Female,Married,Bachelor’s,Education,Teacher,3–5,Permanent,30–40,1–2 hours,2,2,2,4,2,4,4,4,5,2,3,4,4,3,1,2,2,2,2,4,4,3,4,4,2,3,5,5,3,3,4,"Lack of time, Lack of financial security, Family responsibilities, Unsupportive organization",Financial savings,,,,31–35,
12/17/2025 11:36:43,,,Male,Divorced,Bachelor’s,Private,Product experter,3–5,Permanent,Less than 30,"30–60 mins,",3,1,1,1,1,2,3,3,2,5,2,3,4,5,5,3,5,2,3,5,5,3,4,2,4,4,5,4,4,4,4,"Lack of time, Family responsibilities, Fear of risk/failure","Supportive boss/organization, Financial savings, Access to resources (labs, tools, internet, etc.), Motivation/passion",,,,41–50,
12/17/2025 11:38:24,,,Male,Married,Master’s,Healthcare,Health assistant ,0–2,Permanent,41–50,"30–60 mins,",2,2,2,3,3,2,3,5,5,4,3,4,5,5,4,2,4,2,5,4,3,4,4,3,4,4,4,3,5,4,5,"Lack of time, Lack of financial security, Fear of risk/failure, Unsupportive organization","Financial savings, Skills and knowledge from current job, Motivation/passion",,,,31–35,
12/17/2025 11:40:02,,,Male,Married,Bachelor’s,Public,Computer operator,0–2,Permanent,41–50,"30–60 mins,",2,3,4,3,5,3,3,4,4,4,2,3,5,4,4,4,2,3,4,3,4,4,5,5,4,5,5,4,3,3,3,"Lack of time, Lack of financial security, Lack of skills","Supportive boss/organization, Financial savings, Access to resources (labs, tools, internet, etc.)",,,,18-25,
12/17/2025 13:08:07,,,Male,Single,Bachelor’s,Private,Banker,0–2,Permanent,Less than 30,Less than 30 mins,4,4,4,4,5,4,4,5,4,5,4,4,4,4,4,5,5,4,5,4,4,4,4,4,5,4,4,5,4,5,4,"Lack of financial security, Unsupportive organization","Financial savings, Networks and contacts",Stress blocks.,Need calm space.,More constraint.,18-25,
12/17/2025 13:09:23,,,Male,Married,Bachelor’s,Private,Banker,3–5,Permanent,30–40,1–2 hours,3,5,4,5,4,5,4,5,4,5,5,4,4,5,4,4,4,4,4,5,5,4,4,5,4,4,5,4,5,4,5,"Lack of time, Fear of risk/failure, Unsupportive organization","Financial savings, Networks and contacts, Motivation/passion",Stress blocks.,Need calm space.,More constraint.,26–30,
12/17/2025 13:10:25,,,Male,Married,Master’s,Private,Banker,3–5,Permanent,41–50,More than 2 hours,3,5,4,5,4,5,4,4,4,5,3,4,3,4,4,5,4,5,4,5,4,3,5,4,4,5,4,4,5,5,5,"Lack of financial security, Family responsibilities","Financial savings, Access to resources (labs, tools, internet, etc.)",Confidence rises.,Need chances.,Mostly stepping.,31–35,
12/17/2025 13:11:41,,,Male,Married,Master’s,Healthcare,Doctor,6–10,Permanent,41–50,More than 2 hours,5,4,4,5,4,4,5,4,5,5,4,5,4,4,5,5,3,4,4,4,5,4,5,4,5,4,5,4,4,5,4,"Family responsibilities, Fear of risk/failure, Unsupportive organization","Financial savings, Access to resources (labs, tools, internet, etc.)",Creativity drops.,Need balance.,Mostly constraint.,36–40,
12/17/2025 13:12:47,,,Female,Married,Master’s,Education,Teacher ,11–15,Permanent,30–40,More than 2 hours,2,5,3,5,4,3,5,3,5,4,3,5,4,5,4,5,4,5,4,5,4,4,5,4,5,4,4,5,4,5,4,"Lack of time, Fear of risk/failure, Unsupportive organization","Supportive boss/organization, Skills and knowledge from current job, Networks and contacts",Stress blocks.,Need calm space.,More constraint.,41–50,
12/17/2025 13:13:51,,,Male,Married,Master’s,Education,Teacher ,16+,Permanent,41–50,Less than 30 mins,5,3,4,5,5,4,4,5,4,5,3,5,4,5,5,5,3,4,3,5,5,5,4,4,3,5,4,4,5,4,5,Family responsibilities,Financial savings,Stress blocks.,Need calm space.,Mostly constraint.,51+,
12/17/2025 13:15:04,,,Male,Married,HSC,Private,It officer ,0–2,Permanent,30–40,1–2 hours,2,5,4,4,5,4,5,4,4,5,3,4,4,5,4,5,4,4,5,4,5,4,4,4,5,5,4,4,5,4,5,"Lack of time, Family responsibilities, Unsupportive organization","Supportive boss/organization, Skills and knowledge from current job, Networks and contacts, Access to resources (labs, tools, internet, etc.)",Stress blocks.,Need calm space.,More constraint.,18-25,
12/17/2025 13:16:08,,,Male,Single,Master’s,Education,Teacher ,3–5,Permanent,41–50,1–2 hours,2,4,4,5,4,5,4,5,4,4,3,5,4,5,4,5,3,5,4,5,4,3,5,4,5,4,5,4,4,5,4,"Lack of financial security, Family responsibilities, Unsupportive organization","Supportive boss/organization, Skills and knowledge from current job, Networks and contacts",Stress blocks.,Need calm space.,More constraint.,26–30,
12/17/2025 13:17:11,,,Male,Married,Bachelor’s,Private,Banker,3–5,Permanent,Less than 30,"30–60 mins,",2,4,4,5,4,5,3,4,4,5,3,5,5,4,5,4,4,5,4,5,5,4,5,4,5,4,5,4,4,5,4,"Lack of financial security, Family responsibilities, Unsupportive organization","Financial savings, Networks and contacts, Access to resources (labs, tools, internet, etc.)",Stress blocks.,Need calm space.,More constraint.,31–35,
12/17/2025 13:18:11,,,Female,Married,Master’s,Education,Teacher ,6–10,Permanent,30–40,1–2 hours,4,4,4,4,5,4,5,4,5,4,3,5,4,5,4,5,5,4,5,4,5,4,5,4,5,4,5,4,5,3,5,"Lack of financial security, Unsupportive organization","Supportive boss/organization, Skills and knowledge from current job, Networks and contacts",Stress blocks.,Need calm space.,Need chances.,36–40,
12/17/2025 13:19:15,,,Female,Married,Bachelor’s,Private,Banker,11–15,Permanent,41–50,1–2 hours,4,4,4,5,4,4,4,4,4,4,5,4,5,4,5,4,5,4,5,4,5,5,4,5,4,5,4,4,4,4,4,"Lack of time, Family responsibilities, Unsupportive organization","Supportive boss/organization, Networks and contacts",Stress blocks.,Need calm space.,More constraint.,41–50,
12/17/2025 13:20:17,,,Female,Married,Master’s,Education,Professor ,16+,Permanent,41–50,1–2 hours,4,4,4,5,4,4,4,4,4,4,4,5,3,4,4,5,5,4,5,4,5,4,5,4,5,4,4,5,4,5,4,"Lack of financial security, Fear of risk/failure, Unsupportive organization","Supportive boss/organization, Financial savings, Access to resources (labs, tools, internet, etc.)",Stress blocks.,Need calm space.,More constraint.,51+,
12/17/2025 13:22:03,,,Male,Married,Bachelor’s,Private,Banker,0–2,Permanent,30–40,"30–60 mins,",4,4,4,4,4,4,4,4,4,5,4,5,4,4,4,4,4,5,4,4,5,4,5,4,4,4,4,4,5,5,4,"Lack of financial security, Unsupportive organization","Supportive boss/organization, Financial savings, Networks and contacts",Confidence rises.,Need chances.,Mostly stepping.,18-25,
12/17/2025 13:23:14,,,Male,Married,Bachelor’s,Education,Teacher,3–5,Permanent,30–40,1–2 hours,4,4,4,4,4,4,4,4,4,4,4,4,4,4,5,4,4,4,4,5,4,4,4,4,4,4,4,5,4,4,5,"Lack of financial security, Fear of risk/failure, Unsupportive organization","Financial savings, Skills and knowledge from current job, Access to resources (labs, tools, internet, etc.), Motivation/passion",Stress blocks.,Need calm space.,More constraint.,26–30,
12/17/2025 13:24:09,,,Male,Married,Bachelor’s,Private,Banker,3–5,Permanent,30–40,1–2 hours,4,5,4,4,4,4,4,4,4,4,3,4,4,4,4,5,3,5,3,4,4,5,4,5,4,5,4,4,5,4,5,"Lack of time, Family responsibilities, Lack of skills","Supportive boss/organization, Networks and contacts",Stress blocks.,Need calm space.,More constraint.,31–35,
12/17/2025 13:25:07,,,Male,Married,Bachelor’s,Private,Banker,3–5,Permanent,41–50,1–2 hours,4,4,4,4,4,4,4,4,4,5,3,4,5,5,4,4,4,4,4,4,4,3,4,4,5,3,4,4,5,5,4,"Lack of financial security, Unsupportive organization","Financial savings, Access to resources (labs, tools, internet, etc.)",Stress blocks.,Need calm space.,More constraint.,36–40,
12/17/2025 13:26:05,,,Female,Married,Bachelor’s,Private,Banker,6–10,Permanent,30–40,1–2 hours,5,4,4,5,4,5,4,4,5,5,4,4,3,4,4,5,3,4,3,5,4,3,4,3,5,4,4,5,4,4,5,"Lack of financial security, Unsupportive organization","Financial savings, Motivation/passion",Confidence rises.,Need calm space.,More constraint.,41–50,
12/17/2025 13:27:09,,,Female,Married,Master’s,Education,Teacher,11–15,Permanent,Less than 30,1–2 hours,3,4,5,4,4,5,4,5,4,5,3,4,4,4,4,1,4,4,4,5,5,3,3,4,4,5,4,5,4,5,4,"Lack of time, Family responsibilities, Unsupportive organization","Supportive boss/organization, Skills and knowledge from current job, Access to resources (labs, tools, internet, etc.)",Stress blocks.,Need calm space.,Mostly constraint.,51+,
12/17/2025 13:28:22,,,Male,Married,Bachelor’s,Private,It officer ,0–2,Permanent,30–40,1–2 hours,3,4,5,4,5,4,5,5,5,5,3,4,4,5,5,5,3,4,4,5,5,4,5,4,5,5,5,4,5,4,5,"Lack of financial security, Unsupportive organization","Financial savings, Skills and knowledge from current job, Access to resources (labs, tools, internet, etc.)",Stress blocks.,Need calm space.,More constraint.,18-25,
12/17/2025 13:29:23,,,Female,Married,Bachelor’s,Education,Teacher ,0–2,Permanent,30–40,Less than 30 mins,2,4,4,4,4,4,4,4,4,5,5,4,5,4,4,5,4,5,4,5,4,4,5,4,5,4,5,4,4,5,4,"Lack of financial security, Fear of risk/failure, Unsupportive organization","Financial savings, Skills and knowledge from current job, Networks and contacts, Motivation/passion",Stress blocks.,Need calm space.,More constraint.,26–30,
12/17/2025 13:30:36,,,Male,Married,Bachelor’s,Private,Banker,6–10,Permanent,30–40,"30–60 mins,",5,4,5,4,4,5,4,5,4,5,4,5,4,4,5,4,4,4,4,5,5,4,4,4,5,4,4,5,4,5,5,Family responsibilities,Skills and knowledge from current job,Confidence rises.,Need chances.,Mostly stepping.,31–35,
12/17/2025 13:31:56,,,Female,Married,Master’s,Healthcare,Nurse,6–10,Permanent,30–40,1–2 hours,3,4,4,4,5,5,4,5,4,5,3,4,4,4,4,4,5,4,4,5,4,4,5,5,4,5,4,5,4,4,5,"Family responsibilities, Fear of risk/failure","Financial savings, Networks and contacts",Confidence rises.,Need chances.,Mostly stepping.,36–40,
12/17/2025 13:32:57,,,Female,Married,Bachelor’s,Education,Teacher,11–15,Permanent,30–40,"30–60 mins,",3,3,4,4,4,4,4,4,4,5,5,4,5,4,5,5,3,4,4,5,4,3,4,4,3,4,4,4,5,4,5,"Lack of financial security, Unsupportive organization","Financial savings, Access to resources (labs, tools, internet, etc.)",Stress blocks.,Need calm space.,More constraint.,41–50,
12/17/2025 13:33:25,,,Male,Married,HSC,Public,Assistant director,3–5,Permanent,30–40,"30–60 mins,",2,3,3,4,5,5,1,2,3,4,4,2,4,5,5,3,2,2,5,3,4,4,5,2,3,4,4,2,4,2,5,"Lack of time, Family responsibilities, Fear of risk/failure","Supportive boss/organization, Skills and knowledge from current job, Networks and contacts, Access to resources (labs, tools, internet, etc.)",,,,18-25,
12/17/2025 13:34:09,,,Male,Married,Master’s,Education,Assistant Professor ,16+,Permanent,30–40,1–2 hours,4,4,4,4,4,4,5,4,5,5,4,4,5,5,5,5,3,4,4,4,4,5,4,5,4,5,4,5,4,4,5,Fear of risk/failure,Skills and knowledge from current job,Stress blocks.,Need calm space.,More constraint.,51+,
12/17/2025 13:35:20,,,Female,Single,Bachelor’s,Private,Banker,0–2,Permanent,41–50,"30–60 mins,",4,5,4,5,4,5,4,4,4,4,4,5,5,4,5,4,4,4,4,4,4,5,4,4,5,4,5,4,4,5,4,Lack of time,Financial savings,Stress blocks.,Need calm space.,More constraint.,18-25,
12/17/2025 13:36:24,,,Female,Married,Master’s,Private,Banker,3–5,Permanent,30–40,1–2 hours,5,4,4,5,4,4,5,4,5,5,4,5,4,5,4,5,3,4,4,5,4,5,4,5,4,4,4,5,4,4,5,Family responsibilities,Supportive boss/organization,Stress blocks.,Need calm space.,Mostly stepping.,26–30,
12/17/2025 13:36:43,,,Male,Married,Bachelor’s,Education,Teacher,6–10,Permanent,30–40,"30–60 mins,",2,2,4,4,3,3,5,2,2,4,3,3,2,2,4,4,2,2,1,1,3,1,4,4,3,3,4,4,2,1,4,"Lack of financial security, Family responsibilities",Financial savings,,,,36–40,
12/17/2025 13:37:35,,,Male,Married,Master’s,Education,Assistant Director ,3–5,Permanent,30–40,1–2 hours,4,4,4,4,4,4,4,5,4,4,1,3,3,2,3,4,5,4,4,5,1,5,4,4,5,5,4,5,4,5,4,"Lack of financial security, Family responsibilities, Unsupportive organization","Financial savings, Networks and contacts, Motivation/passion",Stress blocks.,Need calm space.,More constraint.,31–35,
12/17/2025 13:38:47,,,Male,Married,Bachelor’s,NGO,Manager,6–10,Permanent,41–50,1–2 hours,1,1,2,5,4,4,4,4,4,5,2,2,4,4,4,4,1,5,4,4,5,2,2,4,4,4,3,4,4,4,4,"Lack of financial security, Lack of skills","Supportive boss/organization, Skills and knowledge from current job, Access to resources (labs, tools, internet, etc.)",Stress blocks.,Need calm space.,More constraint.,36–40,
12/17/2025 13:39:53,,,Female,Married,Master’s,Private,Banker,11–15,Permanent,30–40,1–2 hours,1,3,5,3,4,5,4,4,5,4,1,4,4,3,4,4,1,4,3,4,4,2,2,4,4,3,3,4,4,4,1,"Lack of financial security, Family responsibilities","Supportive boss/organization, Access to resources (labs, tools, internet, etc.)",Stress blocks.,Need calm space.,More constraint.,41–50,
12/17/2025 13:40:59,,,Male,Married,Master’s,Education,Professor ,16+,Permanent,30–40,1–2 hours,1,1,3,4,4,4,4,4,4,3,1,2,3,4,4,4,2,3,4,4,4,5,4,4,4,4,4,4,4,4,4,"Lack of time, Family responsibilities, Unsupportive organization","Supportive boss/organization, Financial savings, Networks and contacts, Motivation/passion",Stress blocks.,Need calm space.,More constraint.,51+,
12/23/2025 21:22:09,,,Male,Married,SSC or Less,Private,Marketing officer,0–2,Part-time,30–40,"30–60 mins,",1,1,1,1,1,1,1,1,1,1,1,1,1,1,1,1,1,1,1,1,1,1,2,2,1,1,1,1,1,1,2,"Lack of time, Lack of financial security, Family responsibilities, Fear of risk/failure, Unsupportive organization, Lack of skills","Supportive boss/organization, Financial savings, Skills and knowledge from current job, Networks and contacts, Access to resources (labs, tools, internet, etc.), Motivation/passion",Stress blocks.,Need chances.,Mostly stepping.,18-25,
12/23/2025 21:23:48,,,Male,Married,HSC,Private,Banker,3–5,Permanent,41–50,1–2 hours,1,1,1,1,1,1,1,1,1,1,1,1,1,1,1,1,1,1,1,1,1,1,1,1,1,1,1,1,1,1,1,"Lack of time, Lack of financial security, Family responsibilities","Financial savings, Networks and contacts, Access to resources (labs, tools, internet, etc.)",Stress blocks.,Need chances.,Mostly stepping.,26–30,
12/23/2025 21:25:36,,,Female,Married,Bachelor’s,Private,Banker,3–5,Permanent,41–50,"30–60 mins,",1,1,1,1,1,1,1,1,1,1,1,1,1,1,1,1,1,1,1,1,1,1,1,1,1,1,1,1,1,1,1,"Lack of financial security, Family responsibilities, Fear of risk/failure, Unsupportive organization","Supportive boss/organization, Financial savings, Networks and contacts, Access to resources (labs, tools, internet, etc.)",Stress blocks.,Need chances.,Mostly stepping.,31–35,
12/23/2025 21:27:19,,,Female,Married,Bachelor’s,Private,Banker,6–10,Permanent,41–50,1–2 hours,1,1,1,1,1,1,1,1,1,1,1,1,1,1,1,1,1,1,1,1,1,1,1,1,1,1,1,1,1,1,1,"Lack of financial security, Lack of skills","Supportive boss/organization, Financial savings, Networks and contacts, Access to resources (labs, tools, internet, etc.)",Stress blocks.,Need chances.,Mostly stepping.,36–40,
12/23/2025 21:28:51,,,Male,Married,Master’s,Private,Banker,6–10,Permanent,30–40,1–2 hours,1,1,1,1,1,1,1,1,1,1,1,1,1,1,1,1,1,1,1,1,1,1,1,1,1,1,1,1,1,1,1,"Lack of time, Lack of financial security, Family responsibilities, Fear of risk/failure, Unsupportive organization","Supportive boss/organization, Financial savings, Networks and contacts, Access to resources (labs, tools, internet, etc.)",Stress blocks.,Need chances.,Mostly stepping.,41–50,
12/23/2025 21:30:49,,,Male,Married,Master’s,Education,Teacher ,16+,Permanent,41–50,1–2 hours,1,1,1,1,1,1,1,1,1,1,1,1,1,1,1,1,1,1,1,1,1,1,1,1,1,1,1,1,1,1,1,"Lack of time, Unsupportive organization","Supportive boss/organization, Financial savings, Skills and knowledge from current job, Access to resources (labs, tools, internet, etc.)",Stress blocks.,Need chances.,Mostly stepping.,51+,
12/23/2025 22:14:06,,,Male,Single,SSC or Less,Private,Office boy,0–2,Part-time,30–40,"30–60 mins,",1,1,1,1,1,1,1,1,1,1,1,1,1,1,1,1,1,1,1,1,1,1,1,1,1,1,1,1,1,1,1,"Lack of time, Lack of financial security, Fear of risk/failure, Unsupportive organization","Supportive boss/organization, Skills and knowledge from current job, Access to resources (labs, tools, internet, etc.)",Stress blocks.,Need chances.,Mostly stepping.,18-25,
12/23/2025 22:15:44,,,Male,Single,HSC,Private,Office boy,0–2,Permanent,30–40,"30–60 mins,",1,1,1,1,1,1,1,1,1,1,1,1,1,1,1,1,1,1,1,1,1,1,1,1,1,1,1,1,1,1,1,"Lack of financial security, Family responsibilities, Fear of risk/failure, Unsupportive organization","Supportive boss/organization, Financial savings, Skills and knowledge from current job, Networks and contacts",Stress blocks.,Need chances.,Mostly stepping.,26–30,
12/23/2025 22:17:22,,,Female,Married,Bachelor’s,Private,Banker,3–5,Permanent,30–40,1–2 hours,1,1,1,1,1,1,1,1,1,1,1,1,1,1,1,1,1,1,1,1,1,1,1,1,1,1,1,1,1,1,1,"Lack of time, Family responsibilities, Unsupportive organization","Supportive boss/organization, Financial savings, Networks and contacts",Stress blocks.,Need chances.,Mostly stepping.,31–35,
12/23/2025 22:18:55,,,Male,Married,Bachelor’s,Private,Banker,3–5,Permanent,30–40,Less than 30 mins,1,1,1,1,1,1,1,1,1,1,1,1,1,1,1,1,1,1,1,1,1,1,1,1,1,1,1,1,1,1,1,"Lack of time, Lack of financial security, Fear of risk/failure, Unsupportive organization","Supportive boss/organization, Financial savings, Networks and contacts, Access to resources (labs, tools, internet, etc.), Motivation/passion",Stress blocks.,Need chances.,Mostly stepping.,36–40,
12/23/2025 22:20:38,,,Male,Married,Master’s,Tech,Sales manager ,6–10,Permanent,41–50,"30–60 mins,",1,1,1,1,1,1,1,1,1,1,1,1,1,1,1,1,1,1,1,1,1,1,1,1,1,1,1,1,1,1,1,"Lack of time, Family responsibilities, Fear of risk/failure, Lack of skills","Financial savings, Skills and knowledge from current job, Networks and contacts, Motivation/passion",Stress blocks.,Need chances.,Mostly stepping.,41–50,
12/23/2025 22:22:47,,,Male,Married,Master’s,Education,Teacher ,16+,Permanent,30–40,"30–60 mins,",1,1,1,1,1,1,1,1,1,1,1,1,1,1,1,1,1,1,1,1,1,1,1,1,1,1,1,1,1,1,1,"Lack of time, Lack of financial security, Unsupportive organization","Supportive boss/organization, Skills and knowledge from current job, Networks and contacts, Motivation/passion",Stress blocks.,Need chances.,Mostly stepping.,51+,
12/23/2025 22:25:31,,,Male,Single,SSC or Less,Tech,Sales man,0–2,Part-time,41–50,More than 2 hours,1,1,1,1,1,1,1,1,1,1,1,1,1,1,1,1,1,1,1,1,1,1,1,1,1,1,1,1,1,1,1,"Lack of time, Lack of financial security, Fear of risk/failure, Unsupportive organization","Financial savings, Skills and knowledge from current job, Networks and contacts, Motivation/passion",Stress blocks.,Need chances.,Mostly stepping.,18-25,
12/23/2025 22:28:32,,,Female,Single,HSC,Tech,Sales man ,0–2,Part-time,30–40,"30–60 mins,",1,1,1,1,1,1,1,1,1,1,1,1,1,1,1,1,1,1,1,1,1,1,1,1,1,1,1,1,1,1,1,"Lack of time, Family responsibilities, Fear of risk/failure, Unsupportive organization","Supportive boss/organization, Financial savings, Networks and contacts, Access to resources (labs, tools, internet, etc.)",Stress blocks.,Need chances.,Mostly stepping.,26–30,
12/23/2025 22:34:57,,,Female,Married,Bachelor’s,Private,Banker,3–5,Permanent,30–40,1–2 hours,1,1,1,1,1,1,1,1,1,1,1,1,1,1,1,1,1,1,1,1,1,1,1,1,1,1,1,1,1,1,1,"Lack of time, Family responsibilities, Lack of skills","Supportive boss/organization, Skills and knowledge from current job, Networks and contacts, Access to resources (labs, tools, internet, etc.)",Stress blocks.,Need chances.,Mostly stepping.,31–35,
12/23/2025 22:37:55,,,Male,Married,Bachelor’s,Private,Banker,3–5,Permanent,30–40,1–2 hours,1,1,1,1,1,1,1,1,1,1,1,1,1,1,1,1,1,1,1,1,1,1,1,1,1,1,1,1,1,1,1,"Lack of financial security, Family responsibilities, Fear of risk/failure, Unsupportive organization","Financial savings, Skills and knowledge from current job, Access to resources (labs, tools, internet, etc.)",Stress blocks.,Need chances.,Mostly stepping.,36–40,
12/23/2025 22:40:20,,,Female,Married,Bachelor’s,Private,Banker,6–10,Permanent,30–40,"30–60 mins,",1,1,1,1,1,1,1,1,1,1,1,1,1,1,1,1,1,1,1,1,1,1,1,1,1,1,1,1,1,1,1,"Lack of time, Lack of financial security, Family responsibilities, Fear of risk/failure, Unsupportive organization","Supportive boss/organization, Skills and knowledge from current job, Access to resources (labs, tools, internet, etc.)",Stress blocks.,Need chances.,Mostly stepping.,41–50,
12/23/2025 22:54:28,,,Male,Married,Bachelor’s,Private,Oparetion manager,16+,Permanent,Less than 30,"30–60 mins,",1,1,1,1,1,1,1,1,1,1,1,1,1,1,1,1,1,1,1,1,1,1,1,1,1,1,1,1,1,1,1,Lack of financial security,"Skills and knowledge from current job, Access to resources (labs, tools, internet, etc.)",Stress blocks.,Need chances.,Mostly stepping.,51+,
12/24/2025 0:58:30,,,Male,Single,Master’s,Public,Polish ,3–5,Contract,41–50,"30–60 mins,",1,1,2,2,1,3,3,1,1,1,1,1,1,2,3,1,1,4,1,2,2,4,2,3,1,1,1,2,1,1,1,"Lack of time, Lack of financial security, Family responsibilities, Lack of skills","Supportive boss/organization, Networks and contacts, Access to resources (labs, tools, internet, etc.)",,,,26–30,
12/24/2025 9:17:37,,,Male,Single,SSC or Less,Private,Office boy,0–2,Part-time,30–40,1–2 hours,1,1,1,1,1,1,1,1,1,1,1,1,1,1,1,1,1,1,1,1,1,1,1,1,1,1,1,1,1,1,1,"Lack of financial security, Family responsibilities, Fear of risk/failure, Unsupportive organization","Supportive boss/organization, Financial savings, Networks and contacts, Access to resources (labs, tools, internet, etc.)",Stress blocks.,Need chances.,Mostly stepping.,18-25,
12/24/2025 9:19:12,,,Female,Single,SSC or Less,Tech,Sales women,0–2,Part-time,41–50,1–2 hours,1,1,1,1,1,1,1,1,1,1,1,1,1,1,1,1,1,1,1,1,1,1,1,1,1,1,1,1,1,1,1,"Family responsibilities, Lack of skills","Financial savings, Networks and contacts",Stress blocks.,Need chances.,Mostly stepping.,26–30,
12/24/2025 9:21:41,,,Male,Married,Bachelor’s,Private,Banker,3–5,Permanent,41–50,1–2 hours,1,1,1,1,1,1,1,1,1,1,1,1,1,1,1,1,1,1,1,1,1,1,1,1,1,1,1,1,1,1,1,"Lack of financial security, Family responsibilities, Fear of risk/failure","Supportive boss/organization, Financial savings, Networks and contacts, Access to resources (labs, tools, internet, etc.)",Stress blocks.,Need chances.,Mostly stepping.,31–35,
12/24/2025 9:23:10,,,Male,Married,Bachelor’s,Private,Banker,3–5,Permanent,41–50,1–2 hours,1,1,1,1,1,1,1,1,1,1,1,1,1,1,1,1,1,1,1,1,1,1,1,1,1,1,1,1,1,1,1,"Lack of financial security, Fear of risk/failure, Lack of skills","Financial savings, Networks and contacts, Access to resources (labs, tools, internet, etc.)",Stress blocks.,Need chances.,Mostly stepping.,36–40,
12/24/2025 9:24:29,,,Male,Married,Master’s,Education,Teacher ,11–15,Permanent,41–50,1–2 hours,1,1,1,1,1,1,1,1,1,1,1,1,1,1,1,1,1,1,1,1,1,1,1,1,1,1,1,1,1,1,1,"Lack of time, Family responsibilities, Unsupportive organization","Supportive boss/organization, Skills and knowledge from current job, Networks and contacts, Access to resources (labs, tools, internet, etc.)",Stress blocks.,Need chances.,Mostly stepping.,41–50,
12/24/2025 9:25:52,,,Male,Married,Master’s,Education,Teacher ,16+,Permanent,41–50,1–2 hours,1,1,1,1,1,1,1,1,1,1,1,1,1,1,1,1,1,1,1,1,1,1,1,1,1,1,1,1,1,1,1,"Lack of financial security, Lack of skills","Supportive boss/organization, Skills and knowledge from current job, Motivation/passion",Stress blocks.,Need chances.,Mostly stepping.,51+,
12/24/2025 9:27:09,,,Male,Single,SSC or Less,Tech,Sales man,0–2,Part-time,41–50,1–2 hours,1,1,1,1,1,1,1,1,1,1,1,1,1,1,1,1,1,1,1,1,1,1,1,1,1,1,1,1,1,1,1,"Lack of time, Lack of financial security, Lack of skills","Supportive boss/organization, Skills and knowledge from current job, Motivation/passion",Stress blocks.,Need chances.,Mostly stepping.,18-25,
12/24/2025 9:28:16,,,Female,Single,HSC,Tech,Sales women,3–5,Permanent,30–40,"30–60 mins,",1,1,1,1,1,1,1,1,1,1,1,1,1,1,1,1,1,1,1,1,1,1,1,1,1,1,1,1,1,1,1,"Lack of time, Family responsibilities, Lack of skills","Financial savings, Skills and knowledge from current job, Motivation/passion",Stress blocks.,Need chances.,Mostly stepping.,26–30,
12/24/2025 9:29:32,,,Male,Married,Bachelor’s,Private,Banker,3–5,Permanent,30–40,1–2 hours,1,1,1,1,1,1,1,1,1,1,1,1,1,1,1,1,1,1,1,1,1,1,1,1,1,1,1,1,1,1,1,"Family responsibilities, Lack of skills","Supportive boss/organization, Skills and knowledge from current job, Access to resources (labs, tools, internet, etc.)",Stress blocks.,Need chances.,Mostly stepping.,31–35,
12/24/2025 9:30:46,,,Male,Married,Bachelor’s,Private,Banker,6–10,Permanent,41–50,Less than 30 mins,1,1,1,1,1,1,1,1,1,1,1,1,1,1,1,1,1,1,1,1,1,1,1,1,1,1,1,1,1,1,1,"Lack of financial security, Family responsibilities, Lack of skills","Supportive boss/organization, Skills and knowledge from current job, Networks and contacts, Access to resources (labs, tools, internet, etc.)",Stress blocks.,Need chances.,Mostly stepping.,36–40,
12/24/2025 9:32:16,,,Female,Married,Master’s,Education,Assistant Professor ,6–10,Permanent,Less than 30,1–2 hours,1,1,1,1,1,1,1,1,1,1,1,1,1,1,1,1,1,1,1,1,1,1,1,1,1,1,1,1,1,1,1,"Lack of financial security, Fear of risk/failure","Supportive boss/organization, Skills and knowledge from current job, Access to resources (labs, tools, internet, etc.)",Stress blocks.,Need chances.,Mostly stepping.,41–50,
12/24/2025 9:33:24,,,Male,Married,Master’s,Education,Professor ,16+,Permanent,41–50,"30–60 mins,",1,1,1,1,1,1,1,1,1,1,1,1,1,1,1,1,1,1,1,1,1,1,1,1,1,1,1,1,1,1,1,"Lack of financial security, Family responsibilities, Unsupportive organization","Supportive boss/organization, Skills and knowledge from current job, Access to resources (labs, tools, internet, etc.)",Stress blocks.,Need chances.,Mostly stepping.,51+,
12/24/2025 9:34:37,,,Male,Married,HSC,Private,Marketing officer,0–2,Part-time,30–40,"30–60 mins,",1,1,1,1,1,1,1,1,1,1,1,1,1,1,1,1,1,1,1,1,1,1,1,1,1,1,1,1,1,1,1,"Lack of time, Fear of risk/failure, Unsupportive organization","Financial savings, Skills and knowledge from current job, Access to resources (labs, tools, internet, etc.), Motivation/passion",Stress blocks.,Need chances.,Mostly stepping.,18-25,
12/24/2025 9:35:40,,,Male,Married,Bachelor’s,Private,Banker,3–5,Permanent,41–50,More than 2 hours,1,1,1,1,1,1,1,1,1,1,1,1,1,1,1,1,1,1,1,1,1,1,1,1,1,1,1,1,1,1,1,"Lack of financial security, Family responsibilities, Lack of skills","Supportive boss/organization, Skills and knowledge from current job, Networks and contacts, Motivation/passion",Stress blocks.,Need chances.,Mostly stepping.,26–30,
12/24/2025 9:36:57,,,Male,Married,PhD+=,Healthcare,Doctor,6–10,Permanent,41–50,"30–60 mins,",1,1,1,1,1,1,1,1,1,1,1,1,1,1,1,1,1,1,1,1,2,1,1,1,1,1,1,1,1,1,1,Family responsibilities,Financial savings,Stress blocks.,Need chances.,Mostly stepping.,31–35,
12/24/2025 9:38:09,,,Female,Married,Master’s,Education,Professor ,6–10,Permanent,41–50,1–2 hours,1,1,1,1,1,1,1,1,1,1,1,1,1,1,1,1,1,1,1,1,1,1,1,1,1,1,1,1,1,1,1,"Lack of financial security, Lack of skills","Supportive boss/organization, Networks and contacts",Stress blocks.,Need chances.,Mostly stepping.,36–40,
12/24/2025 9:39:17,,,Female,Married,PhD+=,Healthcare,Doctor,11–15,Permanent,41–50,More than 2 hours,1,1,1,1,1,1,1,1,1,1,1,1,1,1,1,1,1,1,1,1,1,1,1,1,1,1,1,1,1,1,1,"Lack of financial security, Unsupportive organization","Access to resources (labs, tools, internet, etc.)",Stress blocks.,Need chances.,Mostly stepping.,41–50,
12/24/2025 12:19:34,,,Male,Married,Master’s,Private,Junior officer ,3–5,Contract,41–50,1–2 hours,1,1,1,1,2,2,1,1,1,2,2,2,1,1,2,1,2,2,1,1,2,1,1,1,1,4,3,4,4,1,2,"Lack of time, Lack of financial security, Family responsibilities, Fear of risk/failure, Unsupportive organization, Lack of skills","Supportive boss/organization, Financial savings, Skills and knowledge from current job, Networks and contacts, Access to resources (labs, tools, internet, etc.), Motivation/passion",,,,26–30,
12/24/2025 13:02:13,,,Male,Single,HSC,Private,Officer,3–5,Permanent,Less than 30,"30–60 mins,",1,1,1,1,1,2,2,3,3,2,2,1,1,2,1,2,1,2,2,4,1,4,3,2,1,1,1,2,1,1,1,"Lack of financial security, Family responsibilities, Lack of skills","Supportive boss/organization, Skills and knowledge from current job, Networks and contacts, Access to resources (labs, tools, internet, etc.), Motivation/passion",,,,31–35,
12/24/2025 13:07:56,,,Male,Married,Master’s,Public,Army,3–5,Part-time,41–50,1–2 hours,1,1,2,1,1,3,3,1,1,2,1,1,2,1,1,1,2,1,1,1,1,2,4,3,2,1,1,1,1,1,2,"Lack of time, Lack of financial security, Family responsibilities, Lack of skills","Supportive boss/organization, Skills and knowledge from current job, Networks and contacts, Motivation/passion",,,,41–50,
12/24/2025 13:12:35,,,Male,Single,HSC,NGO,Benker,3–5,Permanent,30–40,"30–60 mins,",1,1,2,1,1,1,1,1,1,1,2,1,1,1,2,3,1,2,2,2,2,3,2,4,3,1,1,2,1,1,1,"Lack of time, Lack of financial security, Family responsibilities, Lack of skills","Skills and knowledge from current job, Networks and contacts, Motivation/passion",,,,31–35,
12/24/2025 14:21:14,,,Male,Single,HSC,Private,Sals men,3–5,Part-time,41–50,1–2 hours,1,1,1,1,1,1,1,1,2,1,2,1,1,1,1,2,1,3,4,1,1,4,3,1,2,1,1,1,1,1,2,"Lack of time, Lack of financial security, Family responsibilities, Lack of skills","Supportive boss/organization, Skills and knowledge from current job, Networks and contacts, Motivation/passion",,,,31–35,
12/24/2025 14:24:38,,,Male,Single,HSC,Public,Seles man,3–5,Part-time,41–50,"30–60 mins,",1,1,1,1,1,1,1,2,2,1,1,1,1,1,1,2,2,1,1,1,2,3,4,1,1,1,2,1,1,1,1,"Lack of time, Lack of financial security, Family responsibilities, Lack of skills","Supportive boss/organization, Skills and knowledge from current job, Networks and contacts, Motivation/passion",,,,31–35,
12/24/2025 14:27:33,,,Male,Single,Bachelor’s,Healthcare,Manketin,3–5,Freelance,30–40,"30–60 mins,",1,1,1,1,2,1,2,1,1,1,1,1,1,2,1,1,1,1,2,1,1,1,1,1,2,1,1,1,1,1,1,"Lack of time, Lack of financial security, Family responsibilities, Lack of skills","Supportive boss/organization, Skills and knowledge from current job, Networks and contacts, Motivation/passion",,,,26–30,
12/24/2025 14:31:25,,,Male,Single,Master’s,NGO,Menger,3–5,Contract,30–40,"30–60 mins,",1,1,1,1,1,1,1,2,1,1,1,1,2,2,1,1,1,2,3,2,1,2,1,1,1,1,1,1,1,1,1,"Lack of time, Lack of financial security, Family responsibilities, Lack of skills","Supportive boss/organization, Skills and knowledge from current job, Networks and contacts, Motivation/passion",,,,31–35,
12/24/2025 14:44:14,,,Male,Married,Bachelor’s,Private,Field Officer ,3–5,Contract,41–50,1–2 hours,1,2,1,1,1,2,2,2,2,2,1,2,1,2,2,2,2,2,2,2,1,1,2,1,1,1,1,2,2,2,2,"Lack of time, Lack of financial security, Family responsibilities, Fear of risk/failure, Unsupportive organization, Lack of skills","Supportive boss/organization, Skills and knowledge from current job, Access to resources (labs, tools, internet, etc.), Motivation/passion",,,,31–35,
12/24/2025 16:17:26,,,Male,Single,HSC,Public,Sels men,3–5,Permanent,30–40,"30–60 mins,",2,1,1,1,1,1,1,1,1,1,1,1,1,1,1,1,1,1,1,1,1,1,1,1,1,1,1,1,1,1,1,"Lack of time, Lack of financial security, Family responsibilities, Lack of skills","Supportive boss/organization, Skills and knowledge from current job, Networks and contacts, Motivation/passion",,,,31–35,
12/24/2025 16:20:14,,,Male,Married,Master’s,Private,Menager,3–5,Permanent,30–40,"30–60 mins,",2,2,2,2,3,2,1,1,1,1,1,1,1,1,1,1,1,1,1,1,1,1,1,3,4,1,4,1,1,1,2,"Lack of time, Lack of financial security, Family responsibilities, Lack of skills","Supportive boss/organization, Skills and knowledge from current job, Networks and contacts, Motivation/passion",,,,36–40,
12/24/2025 17:19:30,,,Male,Single,HSC,SME,Sels men,3–5,Contract,41–50,"30–60 mins,",1,1,1,1,1,1,1,1,1,1,1,1,1,1,1,1,1,3,2,3,1,1,1,1,1,1,2,1,2,3,4,"Lack of time, Lack of financial security, Family responsibilities, Unsupportive organization, Lack of skills","Supportive boss/organization, Skills and knowledge from current job, Networks and contacts, Motivation/passion",,,,26–30,
12/24/2025 17:42:54,,,Male,Married,Bachelor’s,Public,Sels man,3–5,Permanent,41–50,"30–60 mins,",1,1,1,2,1,1,1,1,1,1,1,1,1,2,1,5,1,1,3,4,3,1,2,3,1,2,1,1,1,1,1,"Lack of time, Lack of financial security, Family responsibilities, Unsupportive organization, Lack of skills","Supportive boss/organization, Skills and knowledge from current job, Networks and contacts, Motivation/passion",,,,26–30,
12/24/2025 17:46:25,,,Male,Single,HSC,Public,Polish,3–5,Contract,41–50,1–2 hours,1,1,1,2,2,1,1,1,1,1,1,1,1,1,5,3,2,1,1,1,1,1,1,2,2,1,1,1,1,3,2,"Lack of time, Lack of financial security, Unsupportive organization, Lack of skills","Supportive boss/organization, Skills and knowledge from current job, Networks and contacts, Motivation/passion",,,,26–30,
12/24/2025 17:51:18,,,Male,Single,HSC,Public,Army,3–5,Contract,30–40,Less than 30 mins,1,1,1,1,2,1,2,1,1,1,1,1,1,1,1,1,1,1,1,1,1,2,3,3,4,1,1,1,1,2,4,"Lack of time, Lack of financial security, Unsupportive organization, Lack of skills","Supportive boss/organization, Skills and knowledge from current job, Networks and contacts, Motivation/passion",,,,31–35,
12/24/2025 17:55:34,,,Male,Married,Bachelor’s,Public,Polich,3–5,Permanent,30–40,1–2 hours,1,1,1,1,1,2,2,2,2,1,1,1,1,1,1,1,1,1,1,1,1,1,1,1,3,3,4,1,1,2,2,"Lack of time, Lack of financial security, Unsupportive organization, Lack of skills","Supportive boss/organization, Skills and knowledge from current job, Networks and contacts, Motivation/passion",,,,31–35,
12/24/2025 18:01:53,,,Male,Married,Bachelor’s,Private,Encutive officer,3–5,Contract,30–40,"30–60 mins,",1,1,1,1,1,2,1,1,1,1,1,1,1,1,1,1,1,1,1,1,1,1,1,1,1,1,1,1,1,1,1,"Lack of time, Lack of financial security, Lack of skills","Supportive boss/organization, Skills and knowledge from current job, Networks and contacts, Motivation/passion",,,,31–35,
12/24/2025 18:21:30,,,Male,Married,Master’s,Private,Marketing ,3–5,Contract,51+,1–2 hours,1,1,1,1,1,1,1,1,1,1,1,2,1,1,1,1,1,1,1,1,2,1,1,1,2,2,2,2,2,2,2,"Lack of time, Lack of financial security, Family responsibilities, Fear of risk/failure, Unsupportive organization, Lack of skills","Supportive boss/organization, Networks and contacts, Access to resources (labs, tools, internet, etc.)",,,,31–35,
12/24/2025 18:25:55,,,Male,Married,Master’s,Private,Marketing ,3–5,Contract,51+,More than 2 hours,1,1,1,1,1,1,1,1,1,1,2,1,1,2,1,1,1,1,1,1,1,1,1,1,1,1,1,1,1,1,1,"Lack of time, Lack of financial security, Family responsibilities, Fear of risk/failure, Unsupportive organization, Lack of skills","Supportive boss/organization, Skills and knowledge from current job, Networks and contacts, Access to resources (labs, tools, internet, etc.), Motivation/passion",,,,36–40,
12/24/2025 18:29:27,,,Male,Divorced,Master’s,Private,Security ,6–10,Contract,51+,More than 2 hours,1,2,1,1,1,1,1,1,1,1,1,1,1,1,1,1,1,1,1,1,1,1,1,1,1,1,1,1,1,1,1,"Lack of time, Lack of financial security, Family responsibilities, Fear of risk/failure, Lack of skills","Supportive boss/organization, Skills and knowledge from current job, Networks and contacts, Access to resources (labs, tools, internet, etc.)",,,,36–40,
12/24/2025 18:34:54,,,Male,Married,SSC or Less,Private,Security Guard ,3–5,Contract,51+,1–2 hours,1,1,1,1,1,1,1,2,2,2,2,1,2,2,1,1,2,2,2,1,1,2,2,3,1,1,1,1,1,1,2,"Lack of time, Lack of financial security, Family responsibilities, Fear of risk/failure, Lack of skills","Supportive boss/organization, Networks and contacts, Motivation/passion",,,,41–50,
12/24/2025 19:05:05,,,Male,Married,PhD+=,Education,Officer,3–5,Permanent,41–50,"30–60 mins,",2,1,1,2,2,3,1,2,1,1,1,1,1,1,1,1,1,3,4,1,1,1,1,1,1,1,4,3,2,2,1,"Lack of time, Lack of financial security, Family responsibilities, Lack of skills","Supportive boss/organization, Financial savings, Skills and knowledge from current job, Networks and contacts, Motivation/passion",,,,31–35,
12/24/2025 19:35:16,,,Male,Single,SSC or Less,NGO,security ,0–2,Part-time,41–50,Less than 30 mins,1,2,1,1,2,1,1,1,1,2,3,1,1,1,1,1,1,1,2,2,2,2,2,4,1,1,1,1,1,1,2,"Lack of time, Lack of financial security, Family responsibilities, Lack of skills","Access to resources (labs, tools, internet, etc.), Motivation/passion",,,,36–40,
12/24/2025 23:10:36,,,Female,Married,Bachelor’s,Private,Junior officer,3–5,Part-time,Less than 30,"30–60 mins,",1,2,2,2,2,4,1,1,3,5,2,2,4,4,3,3,4,4,4,4,5,2,5,5,3,3,4,2,2,4,3,"Lack of financial security, Family responsibilities","Financial savings, Skills and knowledge from current job",,,,18-25,
12/24/2025 23:12:47,,,Male,Married,Bachelor’s,Public,Teacher,0–2,Permanent,30–40,1–2 hours,2,3,3,3,1,2,1,2,3,3,1,3,2,1,1,5,3,2,3,3,3,2,2,4,3,2,3,5,4,3,3,"Lack of time, Lack of financial security, Family responsibilities","Financial savings, Skills and knowledge from current job",,,,26–30,
12/24/2025 23:15:28,,,Female,Single,Bachelor’s,Private,Executive producer,3–5,Permanent,30–40,"30–60 mins,",1,2,3,4,4,2,2,3,3,4,2,2,4,1,2,2,2,2,3,2,4,3,3,1,3,4,1,5,2,3,2,"Lack of time, Lack of financial security, Fear of risk/failure","Supportive boss/organization, Financial savings, Networks and contacts",,,,26–30,
12/24/2025 23:17:05,,,Female,Married,HSC,Private,Sales officer,3–5,Part-time,Less than 30,"30–60 mins,",1,1,2,2,3,1,4,2,3,4,1,2,3,3,3,2,2,3,4,2,4,2,4,4,2,3,3,3,5,4,4,"Lack of time, Lack of financial security, Fear of risk/failure","Supportive boss/organization, Skills and knowledge from current job, Access to resources (labs, tools, internet, etc.)",,,,36–40,
12/24/2025 23:18:25,,,Male,Divorced,HSC,Private,Sales man,3–5,Contract,41–50,"30–60 mins,",4,3,4,2,4,3,4,2,3,5,2,4,2,5,2,4,3,4,3,3,2,2,4,4,3,3,2,2,4,2,5,"Lack of time, Lack of financial security, Family responsibilities","Supportive boss/organization, Financial savings",,,,18-25,
12/24/2025 23:19:58,,,Male,Single,Master’s,Public,Banker,6–10,Permanent,Less than 30,"30–60 mins,",4,2,4,2,4,4,1,3,3,3,2,4,3,4,2,1,2,3,2,3,3,4,3,3,2,4,1,3,4,2,3,"Lack of time, Lack of financial security, Family responsibilities, Fear of risk/failure","Supportive boss/organization, Skills and knowledge from current job",,,,36–40,
12/24/2025 23:21:19,,,Male,Single,SSC or Less,Public,Police constable ,3–5,Permanent,30–40,"30–60 mins,",2,1,3,3,1,2,3,2,3,4,2,2,3,3,1,2,2,1,3,3,5,4,2,2,2,3,2,3,5,2,5,"Lack of time, Family responsibilities","Supportive boss/organization, Financial savings",,,,18-25,
12/24/2025 23:26:35,,,Female,Divorced,Bachelor’s,Public,Banker,3–5,Permanent,30–40,"30–60 mins,",2,2,2,3,4,2,4,2,4,2,2,3,2,4,4,4,2,2,3,3,3,4,3,4,1,3,3,3,4,2,3,"Lack of time, Lack of financial security","Supportive boss/organization, Financial savings, Networks and contacts",,,,26–30,
12/24/2025 23:28:22,,,Female,Married,HSC,Public,Business owner,3–5,Permanent,30–40,1–2 hours,5,4,1,3,3,3,1,4,2,5,2,4,3,3,2,4,3,2,4,1,3,1,2,4,2,4,1,2,4,2,3,"Lack of time, Lack of financial security, Fear of risk/failure","Supportive boss/organization, Financial savings",,,,36–40,
12/24/2025 23:30:15,,,Male,Single,SSC or Less,Public,Police,3–5,Permanent,30–40,"30–60 mins,",3,4,2,2,3,3,2,3,3,3,2,3,3,2,5,3,2,2,2,2,4,2,2,3,2,4,2,4,5,3,4,"Lack of time, Lack of financial security, Family responsibilities","Financial savings, Skills and knowledge from current job, Networks and contacts",Innovate,Creative ,Constraint ,18-25,
12/24/2025 23:31:30,,,Male,Married,Bachelor’s,Public,Police,0–2,Permanent,30–40,"30–60 mins,",3,3,3,2,5,3,1,3,3,3,3,3,2,5,2,4,2,4,3,3,3,4,2,1,1,3,5,3,3,3,3,"Lack of time, Lack of financial security, Family responsibilities","Supportive boss/organization, Financial savings, Skills and knowledge from current job, Access to resources (labs, tools, internet, etc.)",,,,18-25,
12/25/2025 21:49:05,,,Male,Single,Bachelor’s,Public,Teacher,3–5,Permanent,30–40,"30–60 mins,",1,2,1,2,1,2,2,2,1,2,2,1,2,1,2,1,2,1,2,2,2,2,2,2,2,1,2,1,2,2,1,"Lack of time, Lack of financial security, Family responsibilities, Fear of risk/failure","Supportive boss/organization, Financial savings, Skills and knowledge from current job",,,,26–30,
12/25/2025 22:21:54,,,Male,Married,HSC,Public,Police ,3–5,Permanent,30–40,"30–60 mins,",2,1,2,2,1,3,2,2,3,3,2,1,2,3,2,2,4,4,5,3,2,2,2,3,4,3,4,2,3,2,2,"Lack of time, Lack of financial security, Family responsibilities","Supportive boss/organization, Financial savings, Skills and knowledge from current job",,,,36–40,
12/25/2025 22:24:37,,,Male,Single,SSC or Less,Private,Supervisor ,11–15,Permanent,30–40,"30–60 mins,",2,2,1,1,2,1,2,3,2,2,2,1,1,2,2,1,4,4,5,4,3,1,2,1,3,4,5,3,2,3,4,"Lack of time, Lack of financial security, Family responsibilities, Fear of risk/failure","Supportive boss/organization, Skills and knowledge from current job",,,,36–40,
12/25/2025 22:27:06,,,Male,Married,Bachelor’s,Private,Police,3–5,Permanent,30–40,Less than 30 mins,1,1,2,1,1,3,3,2,2,1,1,2,1,2,1,1,4,5,3,3,3,2,3,1,2,1,2,1,2,3,2,"Lack of time, Lack of financial security, Family responsibilities, Fear of risk/failure","Supportive boss/organization, Financial savings, Skills and knowledge from current job",,,,26–30,
12/25/2025 22:29:01,,,Male,Married,Master’s,Private,Supervisor ,3–5,Contract,30–40,"30–60 mins,",1,2,1,2,1,2,1,2,3,3,1,2,1,3,3,2,4,4,2,4,3,2,1,2,1,3,4,3,2,2,4,"Lack of time, Lack of financial security, Family responsibilities, Fear of risk/failure","Supportive boss/organization, Financial savings, Skills and knowledge from current job",,,,26–30,
12/25/2025 22:30:41,,,Male,Single,HSC,Public,Police,3–5,Permanent,30–40,"30–60 mins,",1,2,2,2,2,1,2,3,2,3,2,1,2,2,2,3,4,2,4,2,3,2,1,2,3,3,3,2,5,3,3,"Lack of time, Lack of financial security","Supportive boss/organization, Financial savings, Access to resources (labs, tools, internet, etc.), Motivation/passion",,,,18-25,
12/25/2025 22:34:06,,,Male,Married,Bachelor’s,Public,Junior officer ,3–5,Contract,30–40,"30–60 mins,",1,2,2,1,2,2,2,1,2,2,2,1,2,2,2,3,1,1,2,3,1,4,4,2,2,2,3,3,3,4,3,"Lack of time, Lack of financial security","Supportive boss/organization, Financial savings, Skills and knowledge from current job, Networks and contacts, Access to resources (labs, tools, internet, etc.)",,,,36–40,
12/25/2025 22:39:10,,,Female,Married,Bachelor’s,Private,Fashion designer,3–5,Contract,30–40,"30–60 mins,",2,1,2,3,1,1,1,2,3,3,1,2,2,2,3,3,2,1,2,2,2,4,4,2,3,3,2,3,3,3,3,"Lack of time, Family responsibilities, Fear of risk/failure","Supportive boss/organization, Financial savings",,,,26–30,
12/25/2025 22:41:45,,,Male,Divorced,HSC,Private,Junior officer,3–5,Permanent,30–40,"30–60 mins,",2,1,2,3,3,3,4,2,2,1,2,1,2,1,2,3,2,1,2,3,2,2,2,1,2,2,3,4,4,2,4,"Lack of time, Lack of financial security, Family responsibilities, Fear of risk/failure","Supportive boss/organization, Skills and knowledge from current job, Networks and contacts",Independence ,Creative ,Constraint,26–30,
12/25/2025 22:42:58,,,Female,Married,Master’s,Private,Manager ,11–15,Permanent,41–50,"30–60 mins,",4,4,2,2,3,4,3,3,4,3,2,2,2,4,3,3,4,5,4,2,3,2,2,4,2,2,3,3,4,3,3,"Lack of time, Lack of financial security",Supportive boss/organization,,,,41–50,
12/25/2025 22:44:38,,,Male,Married,Master’s,NGO,Field supervisor ,3–5,Permanent,30–40,"30–60 mins,",2,1,2,3,4,2,2,2,3,3,2,3,3,3,2,3,3,2,1,2,4,3,3,2,4,3,2,3,3,5,4,"Family responsibilities, Fear of risk/failure","Supportive boss/organization, Financial savings, Skills and knowledge from current job",,,,26–30,
12/25/2025 22:45:53,,,Male,Married,Bachelor’s,Education,Teacher,6–10,Permanent,30–40,"30–60 mins,",2,3,3,3,4,2,2,3,4,1,1,2,3,2,4,2,4,4,2,3,3,2,2,3,2,3,2,3,2,3,2,Lack of time,"Supportive boss/organization, Skills and knowledge from current job, Networks and contacts",,,,26–30,
12/25/2025 22:47:51,,,Male,Married,Bachelor’s,Private,Senior officer ,3–5,Part-time,30–40,"30–60 mins,",2,2,2,3,3,2,2,2,3,2,2,3,2,3,3,3,4,4,2,3,3,2,2,3,1,4,2,2,2,2,3,"Lack of time, Lack of financial security, Family responsibilities","Supportive boss/organization, Financial savings, Networks and contacts",Innovate,Creative ,Stepping stone,26–30,
12/25/2025 22:49:25,,,Female,Married,Bachelor’s,Public,Senior teacher ,0–2,Permanent,30–40,"30–60 mins,",1,1,3,2,3,2,1,4,4,3,2,3,2,3,1,3,4,4,5,3,4,2,2,2,2,1,4,4,3,3,3,"Lack of time, Lack of financial security, Family responsibilities, Fear of risk/failure","Supportive boss/organization, Financial savings, Networks and contacts",Independence ,Creative ,Steeping Stone ,26–30,
12/25/2025 22:54:58,,,Male,Married,Bachelor’s,Private,Sales officer,3–5,Permanent,Less than 30,"30–60 mins,",2,2,2,1,3,3,3,4,3,2,2,1,3,1,3,3,5,4,2,2,3,2,3,3,4,2,4,5,3,2,2,"Lack of financial security, Family responsibilities","Supportive boss/organization, Financial savings, Skills and knowledge from current job, Access to resources (labs, tools, internet, etc.), Motivation/passion",,,,26–30,
12/25/2025 22:56:17,,,Female,Married,HSC,Education,Junior Teacher ,3–5,Permanent,Less than 30,Less than 30 mins,1,2,3,2,3,1,3,1,3,4,2,1,3,1,2,1,4,5,3,4,5,3,2,1,4,4,3,3,2,1,3,"Lack of financial security, Family responsibilities",Skills and knowledge from current job,,,,18-25,
12/25/2025 22:57:54,,,Male,Married,Bachelor’s,Private,Banker ,3–5,Permanent,Less than 30,"30–60 mins,",1,1,1,2,3,3,4,2,5,1,2,2,4,2,1,3,4,5,1,2,4,2,1,1,2,3,4,2,3,1,3,"Lack of time, Lack of financial security, Family responsibilities, Fear of risk/failure",Skills and knowledge from current job,Innovative ,Independence ,Stepping stones ,18-25,
12/25/2025 22:59:28,,,Male,Married,Master’s,Public,Principal Officer ,16+,Permanent,30–40,1–2 hours,2,2,1,2,4,4,3,4,4,2,2,1,3,3,1,3,4,4,2,3,3,2,1,1,3,1,3,1,3,1,4,"Lack of time, Lack of financial security","Supportive boss/organization, Financial savings, Skills and knowledge from current job",,,,41–50,
12/25/2025 23:00:50,,,Female,Divorced,Bachelor’s,Public,Assistant consultant ,6–10,Permanent,30–40,"30–60 mins,",2,2,3,1,3,4,2,3,1,2,2,2,3,1,4,3,4,4,1,3,3,2,1,2,4,1,2,3,4,2,4,"Lack of time, Family responsibilities",Supportive boss/organization,,,,26–30,
12/25/2025 23:02:18,,,Male,Married,Bachelor’s,Public,Computer operator,3–5,Permanent,30–40,"30–60 mins,",2,4,3,1,3,1,2,3,2,4,5,2,1,2,1,3,2,3,4,3,2,2,1,3,2,3,2,3,3,2,4,Family responsibilities,"Financial savings, Skills and knowledge from current job",,,,31–35,
12/26/2025 17:15:59,,,Male,Married,HSC,Public,Police,3–5,Permanent,30–40,"30–60 mins,",1,1,2,1,2,1,2,1,2,3,1,2,1,2,1,1,4,4,3,5,3,1,2,2,3,3,4,2,1,4,3,"Lack of time, Lack of financial security, Family responsibilities","Supportive boss/organization, Financial savings, Skills and knowledge from current job",Innovate,Independent ,Constraint ,18-25,
12/26/2025 17:17:58,,,Male,Single,HSC,Private,Sales representatives ,0–2,Permanent,30–40,1–2 hours,1,2,2,1,2,3,2,3,1,3,1,1,1,2,2,3,3,1,1,4,4,3,1,2,1,2,1,2,2,2,3,"Lack of time, Lack of financial security, Fear of risk/failure","Supportive boss/organization, Financial savings, Skills and knowledge from current job, Networks and contacts",Independence ,Independent ,Stepping stone,18-25,
12/26/2025 17:19:25,,,Male,Single,SSC or Less,Public,Police ,3–5,Permanent,30–40,"30–60 mins,",2,1,2,3,1,3,2,2,1,2,1,2,1,2,2,3,5,4,4,4,2,2,1,2,1,2,3,2,2,1,3,"Lack of time, Lack of financial security, Fear of risk/failure","Supportive boss/organization, Financial savings, Skills and knowledge from current job",,,,26–30,
12/26/2025 17:21:40,,,Female,Married,Bachelor’s,Healthcare,Nurse,3–5,Permanent,30–40,1–2 hours,2,1,2,2,1,3,2,3,1,3,1,2,2,3,1,1,1,2,2,4,2,4,4,4,4,4,4,5,3,4,4,"Lack of time, Lack of financial security, Family responsibilities, Fear of risk/failure","Supportive boss/organization, Financial savings, Networks and contacts",,,,36–40,
12/26/2025 17:23:30,,,Female,Married,Bachelor’s,Education,Teacher,3–5,Permanent,30–40,"30–60 mins,",2,1,2,1,2,1,1,2,3,1,2,1,1,2,2,3,4,2,4,4,3,4,4,5,5,4,3,5,5,2,3,"Lack of time, Lack of financial security, Fear of risk/failure","Supportive boss/organization, Networks and contacts, Access to resources (labs, tools, internet, etc.)",,,,36–40,
12/26/2025 17:25:26,,,Female,Married,Master’s,Healthcare,Psychologist ,16+,Permanent,30–40,"30–60 mins,",1,1,1,1,1,2,1,2,1,3,4,4,5,3,2,4,4,4,4,4,3,4,4,5,5,4,5,3,4,4,3,"Lack of time, Lack of financial security, Family responsibilities, Fear of risk/failure","Supportive boss/organization, Skills and knowledge from current job, Access to resources (labs, tools, internet, etc.), Motivation/passion",,,,41–50,
12/26/2025 17:28:11,,,Male,Married,Bachelor’s,Tech,Software Engineer,3–5,Contract,30–40,1–2 hours,1,2,1,3,1,3,2,1,2,3,1,2,4,1,1,2,4,2,4,5,3,2,1,4,5,4,4,3,4,5,1,"Lack of time, Family responsibilities, Fear of risk/failure","Supportive boss/organization, Skills and knowledge from current job, Access to resources (labs, tools, internet, etc.)",,,,26–30,
12/26/2025 17:42:10,,,Male,Divorced,Bachelor’s,Private,Banker,3–5,Permanent,30–40,"30–60 mins,",1,1,2,2,1,2,1,2,3,3,2,2,1,3,3,2,2,2,3,4,5,2,2,4,5,5,4,4,4,4,5,"Lack of time, Lack of financial security, Family responsibilities","Supportive boss/organization, Skills and knowledge from current job",,,,18-25,
12/26/2025 17:44:15,,,Female,Married,HSC,Private,Sales man,3–5,Permanent,Less than 30,"30–60 mins,",1,2,2,2,1,1,2,2,3,4,1,2,2,1,2,3,3,2,1,4,3,2,2,1,4,3,4,4,4,5,3,"Lack of time, Family responsibilities","Supportive boss/organization, Skills and knowledge from current job",,,,26–30,
12/26/2025 17:45:43,,,Female,Divorced,Bachelor’s,Private,Fashion designer ,3–5,Contract,Less than 30,Less than 30 mins,1,1,1,2,2,3,2,1,3,1,1,2,2,1,1,3,1,2,2,3,3,4,4,3,1,4,3,4,3,3,4,"Lack of time, Family responsibilities, Fear of risk/failure","Supportive boss/organization, Skills and knowledge from current job",,,,26–30,
12/26/2025 17:49:42,,,Female,Divorced,Master’s,Public,Teacher ,6–10,Permanent,30–40,"30–60 mins,",1,1,2,1,3,2,3,1,1,1,2,1,2,1,3,3,1,2,3,1,2,1,2,2,3,2,4,4,5,5,3,"Lack of time, Lack of financial security, Fear of risk/failure","Supportive boss/organization, Skills and knowledge from current job",,,,26–30,
12/26/2025 17:51:11,,,Female,Married,Bachelor’s,Education,Teacher,3–5,Permanent,30–40,"30–60 mins,",2,1,1,2,1,3,2,3,3,1,1,3,2,1,3,3,4,5,4,5,3,2,4,4,4,4,2,3,4,4,3,"Lack of time, Lack of financial security, Family responsibilities",Skills and knowledge from current job,,,,26–30,
12/26/2025 17:53:17,,,Male,Married,Bachelor’s,Private,Senior officer ,6–10,Permanent,30–40,"30–60 mins,",3,2,1,2,3,3,2,2,4,3,2,1,1,1,2,3,2,4,4,3,3,1,4,4,5,4,5,4,4,4,3,"Lack of time, Lack of financial security, Family responsibilities","Supportive boss/organization, Skills and knowledge from current job, Access to resources (labs, tools, internet, etc.)",Innovate ,Creative ,Constraint ,26–30,
12/26/2025 17:57:02,,,Male,Married,Bachelor’s,Garments,Supervisor,3–5,Permanent,30–40,"30–60 mins,",1,2,2,1,2,2,1,3,3,3,2,1,2,1,3,2,4,5,5,4,3,1,1,4,5,5,3,4,3,1,1,"Lack of time, Lack of financial security","Skills and knowledge from current job, Motivation/passion",,,,26–30,
12/26/2025 17:59:43,,,Male,Married,Bachelor’s,Private,Banker,3–5,Permanent,30–40,"30–60 mins,",1,1,1,1,3,2,1,2,2,3,2,1,2,1,3,2,4,4,5,3,3,1,1,4,4,5,4,4,3,1,1,"Lack of time, Lack of financial security, Fear of risk/failure","Supportive boss/organization, Financial savings, Networks and contacts",,,,31–35,
12/26/2025 18:04:40,,,Male,Married,Bachelor’s,Private,Banker,3–5,Contract,30–40,"30–60 mins,",1,1,2,1,2,1,2,3,3,3,1,2,2,2,1,3,3,3,3,3,3,4,4,1,2,4,3,5,3,3,3,"Lack of time, Lack of financial security, Family responsibilities","Supportive boss/organization, Skills and knowledge from current job",,,,26–30,
12/26/2025 18:08:53,,,Male,Married,HSC,Public,Army,3–5,Permanent,30–40,Less than 30 mins,2,1,2,2,1,2,3,3,2,3,1,2,2,3,2,3,4,4,2,3,3,2,2,4,4,4,3,3,3,3,4,"Lack of time, Lack of financial security, Family responsibilities, Fear of risk/failure","Supportive boss/organization, Skills and knowledge from current job",Independence ,Creative ,Constraint,26–30,
12/26/2025 18:11:45,,,Female,Married,HSC,Private,Sales man,3–5,Permanent,30–40,"30–60 mins,",2,2,1,2,2,3,2,1,3,3,1,2,1,2,3,3,4,2,5,4,3,2,3,4,5,5,3,3,3,5,1,"Lack of time, Lack of financial security, Family responsibilities","Supportive boss/organization, Financial savings",,,,18-25,
12/26/2025 18:13:55,,,Female,Married,Bachelor’s,Private,Assistant manager,6–10,Permanent,30–40,"30–60 mins,",2,1,2,1,2,2,2,2,2,3,2,2,2,2,3,4,4,2,3,3,3,2,2,4,4,5,3,3,3,2,4,"Lack of financial security, Family responsibilities, Fear of risk/failure",Motivation/passion,,,,31–35,
12/26/2025 18:15:32,,,Female,Single,Bachelor’s,Public,Teacher,3–5,Permanent,30–40,"30–60 mins,",1,2,2,1,2,2,1,3,3,2,4,1,2,3,3,3,2,4,5,5,3,2,2,5,5,4,3,3,5,3,3,"Lack of time, Lack of financial security, Family responsibilities, Unsupportive organization","Skills and knowledge from current job, Motivation/passion",,,,31–35,
12/26/2025 18:19:45,,,Male,Married,Bachelor’s,Private,Banker,3–5,Permanent,30–40,"30–60 mins,",1,2,1,2,2,2,1,2,2,1,2,2,2,3,2,2,3,3,3,4,2,2,1,4,4,3,1,3,4,1,3,"Lack of time, Lack of financial security, Family responsibilities, Fear of risk/failure","Supportive boss/organization, Financial savings",Innovate,Creative ,Constraint ,26–30,
12/26/2025 21:05:13,,,Male,Married,Bachelor’s,Public,Junior officer ,0–2,Permanent,30–40,"30–60 mins,",2,1,2,1,2,3,1,1,2,3,1,2,2,1,2,3,2,1,3,2,3,4,1,2,3,3,4,1,3,3,2,Lack of financial security,"Supportive boss/organization, Financial savings, Networks and contacts",,,,18-25,
12/26/2025 21:09:27,,,Male,Single,Bachelor’s,Private,Sales man,0–2,Permanent,30–40,"30–60 mins,",1,2,1,2,2,3,1,2,1,1,1,2,1,2,1,3,5,1,3,3,3,2,2,1,2,3,2,2,2,3,3,"Lack of time, Family responsibilities, Fear of risk/failure","Supportive boss/organization, Financial savings, Skills and knowledge from current job",,,,26–30,
12/26/2025 21:12:24,,,Male,Single,HSC,Private,Sales manager ,0–2,Permanent,30–40,Less than 30 mins,1,2,2,2,1,2,1,2,1,2,1,2,1,2,1,2,4,3,4,5,3,3,4,3,4,5,3,4,3,4,3,"Lack of time, Lack of financial security, Fear of risk/failure","Supportive boss/organization, Skills and knowledge from current job, Networks and contacts",,,,26–30,
12/26/2025 21:15:14,,,Male,Married,HSC,NGO,Filed work ,0–2,Contract,30–40,"30–60 mins,",1,2,1,2,1,2,1,1,2,2,1,2,1,1,2,2,1,2,1,1,2,4,3,3,4,5,4,4,3,5,3,"Lack of financial security, Family responsibilities, Fear of risk/failure","Supportive boss/organization, Financial savings, Networks and contacts, Motivation/passion",,,,31–35,
12/26/2025 21:15:32,,,Male,Married,Master’s,Private,Sales manager ,3–5,Permanent,30–40,"30–60 mins,",2,1,2,1,2,1,2,2,1,3,2,3,1,1,2,3,4,3,5,4,3,3,2,4,5,4,5,3,5,3,3,"Lack of time, Lack of financial security, Family responsibilities","Supportive boss/organization, Networks and contacts, Motivation/passion",Independence ,Creative ,Constraint ,36–40,
12/26/2025 21:18:16,,,Male,Married,Bachelor’s,Private,Sales manager,3–5,Permanent,30–40,"30–60 mins,",2,1,2,1,3,1,3,2,3,1,2,2,1,2,1,3,4,4,5,5,3,3,3,1,5,4,5,5,4,3,3,"Lack of time, Lack of financial security, Family responsibilities, Fear of risk/failure","Supportive boss/organization, Skills and knowledge from current job, Networks and contacts, Motivation/passion",Independence ,Creative ,Stepping stone,36–40,
12/26/2025 21:19:09,,,Male,Single,HSC,Private,Delivery Man ,0–2,Permanent,30–40,Less than 30 mins,4,1,3,1,2,3,1,2,1,2,5,1,2,1,1,2,4,4,3,4,5,3,4,5,4,3,4,5,4,3,5,"Lack of time, Family responsibilities, Fear of risk/failure, Unsupportive organization","Supportive boss/organization, Financial savings, Skills and knowledge from current job, Motivation/passion",,,,18-25,
12/26/2025 21:21:47,,,Male,Married,Master’s,Private,Sales manager ,3–5,Permanent,30–40,Less than 30 mins,1,2,1,2,1,1,2,1,2,1,2,2,1,1,2,1,4,3,3,4,3,4,3,4,5,5,4,5,3,5,5,"Lack of financial security, Family responsibilities, Fear of risk/failure, Lack of skills","Supportive boss/organization, Skills and knowledge from current job, Motivation/passion",,,,26–30,
12/26/2025 21:26:25,,,Female,Single,HSC,Private,sales representatives ,0–2,Contract,Less than 30,Less than 30 mins,1,2,1,2,1,2,1,2,1,2,1,2,2,1,2,1,4,5,3,4,5,5,3,4,5,5,3,5,3,4,5,"Lack of financial security, Fear of risk/failure, Unsupportive organization","Supportive boss/organization, Financial savings, Skills and knowledge from current job, Access to resources (labs, tools, internet, etc.)",,,,18-25,
12/26/2025 21:33:22,,,Male,Married,Master’s,Private,AGM,6–10,Permanent,30–40,"30–60 mins,",2,1,2,1,1,2,1,1,1,2,2,1,1,1,2,1,4,4,3,5,3,4,3,4,3,5,3,4,5,4,3,"Lack of time, Family responsibilities, Unsupportive organization, Lack of skills","Supportive boss/organization, Financial savings, Skills and knowledge from current job, Access to resources (labs, tools, internet, etc.), Motivation/passion",,,,41–50,
12/26/2025 21:35:40,,,Male,Married,Bachelor’s,Private,Sales executive ,3–5,Permanent,30–40,"30–60 mins,",2,2,1,2,1,3,1,3,1,3,2,3,4,1,1,3,1,2,1,2,3,4,4,3,3,3,2,4,4,3,3,"Lack of time, Lack of financial security, Family responsibilities","Supportive boss/organization, Skills and knowledge from current job, Networks and contacts",,,,26–30,
12/26/2025 21:35:58,,,Male,Married,Bachelor’s,Private,Sales manager ,3–5,Permanent,41–50,Less than 30 mins,1,2,1,2,1,2,1,2,1,2,2,1,2,2,1,1,4,3,4,5,4,3,4,5,3,4,5,5,3,4,5,"Lack of financial security, Family responsibilities, Unsupportive organization","Supportive boss/organization, Financial savings, Skills and knowledge from current job, Motivation/passion",,,,36–40,
12/26/2025 21:38:46,,,Male,Single,HSC,Private,Sales man,0–2,Permanent,51+,Less than 30 mins,1,2,1,2,1,1,2,1,2,1,2,1,2,1,2,1,4,3,5,3,4,4,3,5,4,3,5,3,5,4,3,"Lack of time, Family responsibilities, Unsupportive organization","Supportive boss/organization, Skills and knowledge from current job, Motivation/passion",,,,18-25,
12/26/2025 21:40:36,,,Male,Married,HSC,Public,Junior researcher,3–5,Permanent,30–40,"30–60 mins,",2,1,2,1,2,1,2,3,2,1,2,1,3,2,1,2,3,3,3,3,3,2,4,4,5,4,3,3,3,3,3,"Lack of time, Lack of financial security, Fear of risk/failure","Financial savings, Networks and contacts, Motivation/passion",,,,31–35,
12/26/2025 21:42:32,,,Female,Married,Bachelor’s,Private,Fashion artist,3–5,Contract,Less than 30,"30–60 mins,",1,2,2,1,1,2,3,3,2,1,2,4,2,1,2,2,4,3,3,3,3,2,3,4,5,4,3,3,4,4,5,"Lack of time, Lack of financial security, Fear of risk/failure","Financial savings, Networks and contacts, Motivation/passion",Independence ,Creative ,Stepping stone,36–40,
12/26/2025 21:44:06,,,Male,Married,PhD+=,Public,Researcher ,11–15,Permanent,41–50,"30–60 mins,",2,2,1,2,1,2,3,5,2,2,2,1,1,1,2,1,4,3,2,3,4,2,3,4,5,4,3,3,4,5,3,"Lack of time, Lack of financial security, Family responsibilities","Financial savings, Skills and knowledge from current job, Motivation/passion",,,,51+,
12/26/2025 21:45:58,,,Male,Married,Bachelor’s,Private,Senior officer,6–10,Permanent,Less than 30,"30–60 mins,",2,1,2,1,1,2,2,2,1,3,2,2,2,3,2,2,2,4,3,5,4,2,1,4,5,4,5,3,1,3,3,"Lack of time, Lack of financial security, Family responsibilities","Supportive boss/organization, Financial savings, Skills and knowledge from current job, Motivation/passion",,,,26–30,
12/27/2025 13:41:53,,,Male,Married,Bachelor’s,Private,Sales executive ,3–5,Permanent,30–40,1–2 hours,1,2,2,1,2,1,1,2,2,2,2,1,2,2,1,2,4,5,4,3,3,1,3,5,5,4,5,4,4,3,3,"Lack of time, Lack of financial security, Family responsibilities","Supportive boss/organization, Financial savings, Skills and knowledge from current job",,,,26–30,
12/27/2025 13:43:49,,,Male,Married,Bachelor’s,Private,SR,3–5,Permanent,30–40,"30–60 mins,",2,1,2,3,2,4,2,1,2,3,3,4,3,2,1,3,1,3,3,3,3,1,2,4,4,3,3,2,4,5,3,"Lack of time, Lack of financial security, Family responsibilities","Supportive boss/organization, Financial savings, Skills and knowledge from current job, Motivation/passion",,,,31–35,
12/27/2025 13:48:39,,,Male,Married,Bachelor’s,NGO,Field supervisor ,3–5,Contract,30–40,"30–60 mins,",2,1,2,1,2,1,2,2,2,3,1,2,1,2,1,2,1,2,2,2,3,3,3,3,2,4,3,3,3,3,3,"Lack of financial security, Fear of risk/failure","Supportive boss/organization, Skills and knowledge from current job, Networks and contacts",,,,26–30,
12/27/2025 13:54:11,,,Female,Single,HSC,Private,Sales man,3–5,Permanent,30–40,"30–60 mins,",2,1,2,1,2,2,3,4,2,3,2,1,2,3,3,2,3,3,3,3,3,1,2,3,4,4,3,3,5,5,4,"Lack of time, Lack of financial security, Family responsibilities","Supportive boss/organization, Financial savings, Networks and contacts",,,,18-25,
12/27/2025 13:56:34,,,Female,Married,Bachelor’s,Private,Banker,3–5,Permanent,30–40,"30–60 mins,",1,2,2,2,1,2,3,1,3,1,1,2,3,2,4,2,3,1,5,2,3,2,2,3,4,5,5,4,3,3,3,"Lack of time, Lack of financial security, Family responsibilities, Fear of risk/failure",Supportive boss/organization,,,,31–35,
12/27/2025 13:59:02,,,Female,Married,Bachelor’s,Public,Teacher,3–5,Permanent,30–40,"30–60 mins,",2,1,2,1,2,3,1,2,3,3,4,4,5,3,3,5,2,4,3,3,4,2,2,4,4,4,3,3,2,3,4,"Lack of time, Lack of financial security, Family responsibilities, Fear of risk/failure","Supportive boss/organization, Skills and knowledge from current job, Motivation/passion",,,,31–35,
12/27/2025 14:02:47,,,Male,Married,Master’s,Private,Writer,0–2,Permanent,30–40,"30–60 mins,",1,1,2,1,2,2,1,1,3,3,2,1,3,2,2,2,4,4,4,5,3,2,2,1,3,4,5,3,4,4,5,"Lack of time, Lack of financial security","Supportive boss/organization, Financial savings",,,,31–35,
12/27/2025 14:06:50,,,Male,Married,Bachelor’s,Private,Writer,3–5,Permanent,30–40,"30–60 mins,",2,1,2,2,2,2,2,3,3,2,1,2,3,2,3,3,4,4,3,3,4,2,2,4,5,3,5,4,4,3,3,"Lack of time, Lack of financial security, Family responsibilities, Fear of risk/failure","Supportive boss/organization, Networks and contacts, Access to resources (labs, tools, internet, etc.)",,,,31–35,
12/27/2025 21:16:05,,,Male,Married,Bachelor’s,Private,Sales Man,3–5,Permanent,51+,Less than 30 mins,1,2,1,2,1,2,1,2,2,1,1,2,1,2,1,2,3,4,3,5,3,3,4,3,5,5,4,3,4,5,4,"Lack of time, Fear of risk/failure, Lack of skills","Supportive boss/organization, Skills and knowledge from current job, Access to resources (labs, tools, internet, etc.)",,,,26–30,
12/27/2025 21:17:49,,,Male,Single,HSC,Private,Sales Man ,0–2,Permanent,51+,Less than 30 mins,1,1,2,2,1,2,1,2,2,1,1,2,2,1,2,1,4,3,4,5,3,5,4,3,5,4,3,5,4,5,3,"Lack of financial security, Fear of risk/failure, Lack of skills","Financial savings, Skills and knowledge from current job, Networks and contacts, Motivation/passion",,,,18-25,
12/27/2025 21:19:38,,,Male,Married,Bachelor’s,Private,Sales man,0–2,Permanent,51+,Less than 30 mins,1,2,1,2,1,2,1,2,1,2,1,2,1,2,1,2,4,3,4,5,3,5,3,4,3,5,4,5,5,4,4,"Lack of time, Family responsibilities, Unsupportive organization, Lack of skills","Skills and knowledge from current job, Access to resources (labs, tools, internet, etc.), Motivation/passion",,,,26–30,
12/27/2025 21:21:23,,,Male,Married,Bachelor’s,Private,Sales manager ,6–10,Permanent,51+,Less than 30 mins,1,1,2,1,2,2,1,2,1,2,1,2,2,1,2,1,4,3,5,4,3,4,3,5,5,3,4,5,5,4,4,"Lack of time, Lack of financial security, Fear of risk/failure","Supportive boss/organization, Financial savings, Access to resources (labs, tools, internet, etc.), Motivation/passion",,,,26–30,
12/27/2025 21:23:12,,,Male,Single,Bachelor’s,Private,Sales man,3–5,Permanent,51+,Less than 30 mins,1,2,1,2,1,2,1,1,2,1,1,2,1,2,1,2,4,5,4,5,4,5,4,3,5,4,5,3,4,4,5,"Lack of time, Lack of financial security, Unsupportive organization","Supportive boss/organization, Skills and knowledge from current job",,,,26–30,
12/27/2025 21:25:01,,,Male,Married,SSC or Less,Private,Sales man,6–10,Permanent,51+,Less than 30 mins,1,2,2,1,2,1,2,1,2,1,1,2,1,2,1,2,4,5,3,3,4,5,4,5,4,3,5,4,3,5,5,"Lack of financial security, Fear of risk/failure, Unsupportive organization, Lack of skills","Supportive boss/organization, Skills and knowledge from current job, Networks and contacts, Motivation/passion",,,,26–30,
12/27/2025 21:27:59,,,Male,Married,HSC,Private,Sales man,3–5,Permanent,51+,Less than 30 mins,1,2,1,2,1,2,1,2,1,2,1,2,1,3,1,2,4,5,4,5,4,1,2,3,4,5,4,5,4,3,5,"Lack of time, Lack of financial security, Family responsibilities, Fear of risk/failure","Supportive boss/organization, Skills and knowledge from current job, Access to resources (labs, tools, internet, etc.), Motivation/passion",,,,26–30,
12/27/2025 21:29:54,,,Male,Married,HSC,Private,Sales man,6–10,Permanent,51+,Less than 30 mins,1,2,1,2,1,2,1,2,1,2,1,2,3,1,3,2,4,5,4,5,4,1,4,5,3,4,5,3,4,4,5,"Lack of time, Family responsibilities, Fear of risk/failure, Lack of skills","Supportive boss/organization, Financial savings, Skills and knowledge from current job, Motivation/passion",,,,31–35,
12/27/2025 21:30:11,,,Male,Married,Bachelor’s,Private,Sales executive ,3–5,Permanent,30–40,"30–60 mins,",2,1,2,1,2,3,3,2,3,3,2,2,1,2,1,2,4,5,5,4,3,2,1,2,1,2,3,3,3,3,3,"Lack of time, Lack of financial security, Family responsibilities","Supportive boss/organization, Financial savings, Skills and knowledge from current job",independence ,Creative ,Steeping stone ,36–40,
12/27/2025 21:34:48,,,Male,Married,Bachelor’s,Public,Teacher ,3–5,Permanent,30–40,"30–60 mins,",2,1,2,2,1,2,1,2,2,2,2,1,1,2,1,3,4,2,2,3,3,2,1,2,1,2,2,4,4,5,5,"Lack of time, Fear of risk/failure","Supportive boss/organization, Access to resources (labs, tools, internet, etc.)",Innovate,Creative ,Stepping stone ,26–30,
12/27/2025 21:39:21,,,Female,Married,Master’s,Private,Junior officer,3–5,Permanent,30–40,"30–60 mins,",2,1,2,1,1,1,2,1,2,1,2,1,1,1,1,1,4,5,4,5,3,2,3,4,4,3,3,4,5,5,3,"Lack of time, Lack of financial security, Family responsibilities, Fear of risk/failure","Supportive boss/organization, Financial savings, Skills and knowledge from current job, Motivation/passion",,,,26–30,
12/27/2025 21:42:31,,,Male,Married,Bachelor’s,Private,Writer,3–5,Permanent,30–40,"30–60 mins,",4,5,5,4,5,5,4,3,1,2,2,2,3,4,3,3,2,1,3,4,5,3,4,3,4,4,5,5,3,3,3,"Lack of time, Family responsibilities, Lack of skills","Supportive boss/organization, Financial savings, Skills and knowledge from current job, Networks and contacts, Motivation/passion",,,,18-25,
12/27/2025 21:49:13,,,Male,Married,Bachelor’s,Private,TSO,3–5,Permanent,51+,Less than 30 mins,1,2,1,2,1,2,1,2,1,2,2,1,2,1,3,2,4,5,4,5,4,5,4,4,5,3,5,4,5,4,5,"Lack of time, Unsupportive organization, Lack of skills","Supportive boss/organization, Skills and knowledge from current job, Access to resources (labs, tools, internet, etc.)",,,,26–30,
12/27/2025 21:50:53,,,Male,Married,Bachelor’s,Private,TSM,6–10,Permanent,51+,Less than 30 mins,1,2,1,2,2,1,2,1,2,1,1,3,1,2,2,1,5,4,5,3,4,5,4,5,3,4,5,4,5,3,5,"Lack of time, Lack of financial security, Fear of risk/failure, Unsupportive organization","Financial savings, Skills and knowledge from current job, Motivation/passion",,,,26–30,
12/27/2025 21:56:38,,,Female,Married,HSC,Private,Sales Man,0–2,Permanent,51+,Less than 30 mins,1,2,1,2,1,2,1,2,1,2,1,2,1,2,1,2,4,5,4,5,4,4,5,4,5,4,5,4,5,5,4,"Lack of time, Family responsibilities, Fear of risk/failure, Lack of skills","Supportive boss/organization, Skills and knowledge from current job, Networks and contacts, Motivation/passion",,,,26–30,
12/27/2025 22:01:30,,,Male,Single,HSC,Private,SR,0–2,Permanent,51+,Less than 30 mins,1,2,1,2,1,2,1,2,1,2,1,2,1,2,1,2,4,5,4,5,4,3,4,5,4,5,5,4,5,5,4,"Lack of financial security, Family responsibilities, Fear of risk/failure, Lack of skills","Supportive boss/organization, Financial savings, Skills and knowledge from current job, Access to resources (labs, tools, internet, etc.), Motivation/passion",,,,18-25,
12/27/2025 22:04:39,,,Male,Married,HSC,Private,TSM,3–5,Permanent,51+,Less than 30 mins,1,2,1,1,2,1,2,1,2,1,1,1,3,2,2,1,1,2,5,4,5,4,5,4,5,4,5,4,4,5,4,"Lack of time, Fear of risk/failure, Lack of skills","Supportive boss/organization, Financial savings, Networks and contacts, Motivation/passion",,,,18-25,
12/27/2025 22:05:48,,,Male,Single,HSC,Private,Teacher ,0–2,Permanent,30–40,"30–60 mins,",1,2,1,2,1,1,3,3,3,3,1,1,2,3,2,3,4,5,4,4,5,2,2,1,2,1,2,2,3,2,2,"Lack of time, Lack of financial security","Financial savings, Motivation/passion",,,,18-25,
12/27/2025 22:10:28,,,Male,Married,HSC,Public,Writer,3–5,Permanent,51+,"30–60 mins,",1,2,1,2,1,1,2,2,1,2,1,2,1,2,2,1,1,2,1,2,1,1,2,4,3,4,2,1,3,3,2,"Lack of time, Lack of financial security","Financial savings, Networks and contacts",,,,26–30,
12/27/2025 22:12:39,,,Male,Married,Bachelor’s,Private,Writer,3–5,Permanent,30–40,"30–60 mins,",2,1,2,1,1,2,2,2,4,2,4,5,4,5,4,5,4,4,3,4,5,4,3,3,4,5,4,4,3,3,4,"Lack of time, Fear of risk/failure","Supportive boss/organization, Financial savings, Skills and knowledge from current job, Motivation/passion",,,,31–35,
12/27/2025 22:14:31,,,Male,Married,Master’s,Public,Assistant manager,3–5,Permanent,41–50,"30–60 mins,",1,2,1,1,2,1,2,2,1,2,1,2,2,1,1,2,3,4,4,5,4,3,5,4,4,3,5,5,3,4,2,"Lack of time, Lack of financial security","Financial savings, Networks and contacts",,,,31–35,
12/27/2025 22:17:51,,,Male,Married,Master’s,Private,Teacher ,3–5,Permanent,41–50,"30–60 mins,",1,2,2,2,1,2,1,2,1,2,2,1,2,2,1,2,3,3,5,4,3,4,4,5,3,5,4,4,3,2,5,"Lack of time, Fear of risk/failure","Skills and knowledge from current job, Motivation/passion",,,,36–40,
12/27/2025 22:20:20,,,Male,Single,HSC,Private,Teacher,0–2,Permanent,41–50,Less than 30 mins,1,2,1,2,1,2,2,2,1,2,1,2,1,2,1,2,3,5,4,3,5,5,3,4,5,2,4,5,3,2,4,"Family responsibilities, Unsupportive organization","Networks and contacts, Access to resources (labs, tools, internet, etc.)",,,,18-25,
12/27/2025 22:22:26,,,Male,Married,PhD+=,Private,assistant manager,6–10,Permanent,51+,"30–60 mins,",1,2,1,2,1,2,2,1,1,2,1,2,1,2,1,2,3,5,3,4,2,4,3,4,5,3,5,4,5,3,4,"Unsupportive organization, Lack of skills","Supportive boss/organization, Motivation/passion",,,,41–50,
12/27/2025 22:22:29,,,Male,Married,Bachelor’s,Private,Assistant researcher ,3–5,Permanent,30–40,"30–60 mins,",2,1,2,3,4,4,3,2,4,2,1,2,3,2,4,2,4,2,4,2,3,2,2,3,4,4,2,2,4,3,4,"Lack of time, Lack of financial security, Fear of risk/failure","Financial savings, Skills and knowledge from current job, Access to resources (labs, tools, internet, etc.), Motivation/passion",Independence ,Creative ,Steeping stone,26–30,
12/27/2025 22:25:23,,,Female,Married,HSC,Healthcare,Nurse,0–2,Permanent,30–40,1–2 hours,2,2,3,2,3,2,4,2,3,4,2,2,2,3,4,2,2,3,2,4,3,2,4,4,3,5,4,3,3,3,4,"Lack of time, Fear of risk/failure","Supportive boss/organization, Financial savings, Skills and knowledge from current job",,,,26–30,
12/27/2025 22:26:03,,,Male,Married,Bachelor’s,Private,TSM,6–10,Permanent,51+,Less than 30 mins,1,2,1,2,1,2,1,2,1,2,1,2,1,2,1,2,4,5,4,5,4,3,4,5,4,5,4,3,5,4,5,"Lack of time, Family responsibilities, Fear of risk/failure, Unsupportive organization, Lack of skills","Supportive boss/organization, Skills and knowledge from current job, Networks and contacts, Motivation/passion",,,,31–35,
12/27/2025 22:28:13,,,Male,Married,Bachelor’s,Private,TSO,3–5,Permanent,51+,Less than 30 mins,1,2,1,2,1,2,1,2,1,2,1,3,2,1,1,2,4,5,4,5,3,4,5,4,5,4,5,4,5,4,5,"Lack of time, Family responsibilities, Fear of risk/failure","Supportive boss/organization, Networks and contacts, Access to resources (labs, tools, internet, etc.)",,,,26–30,
12/27/2025 22:31:29,,,Male,Married,Bachelor’s,Healthcare,Assistant consultant ,3–5,Permanent,51+,1–2 hours,1,2,2,3,2,4,3,4,5,3,1,3,4,3,3,3,2,4,2,3,4,2,1,1,2,2,3,3,3,4,2,"Lack of time, Lack of financial security, Family responsibilities, Fear of risk/failure","Supportive boss/organization, Financial savings, Networks and contacts, Access to resources (labs, tools, internet, etc.), Motivation/passion",,,,31–35,
12/27/2025 22:34:32,,,Female,Married,Bachelor’s,Education,Teacher,3–5,Permanent,51+,1–2 hours,1,2,1,2,1,4,3,2,1,3,2,2,1,2,3,2,3,4,4,4,3,2,1,2,4,4,4,3,4,4,3,"Lack of time, Lack of financial security, Family responsibilities, Fear of risk/failure","Supportive boss/organization, Financial savings, Skills and knowledge from current job",,,,26–30,
12/27/2025 22:37:05,,,Male,Married,Master’s,Healthcare,Nurse,3–5,Permanent,51+,"30–60 mins,",2,3,1,2,3,2,3,2,2,3,1,3,2,3,3,2,4,5,3,4,3,2,2,4,4,4,3,3,4,4,4,"Lack of time, Lack of financial security, Family responsibilities","Supportive boss/organization, Financial savings",,,,36–40,
12/27/2025 22:39:09,,,Male,Married,Master’s,Private,Health assistant ,6–10,Permanent,51+,"30–60 mins,",1,2,2,1,2,4,4,2,3,3,2,1,2,1,3,3,4,5,4,3,3,4,4,3,2,3,3,4,2,3,3,"Lack of time, Family responsibilities","Supportive boss/organization, Skills and knowledge from current job, Networks and contacts, Access to resources (labs, tools, internet, etc.)",,,,31–35,
12/27/2025 22:41:10,,,Female,Married,Master’s,Public,Health assistant ,6–10,Permanent,51+,"30–60 mins,",2,1,4,4,4,4,3,3,4,2,2,3,4,3,2,1,2,1,1,3,3,1,1,4,5,5,3,4,4,2,3,"Lack of time, Lack of financial security","Supportive boss/organization, Financial savings, Networks and contacts",,,,31–35,
12/27/2025 22:54:19,,,Female,Married,Bachelor’s,Private,Nurse ,3–5,Part-time,51+,"30–60 mins,",2,2,1,2,3,1,4,2,4,3,2,1,2,3,2,2,3,2,2,2,1,2,2,5,2,4,3,4,1,2,5,"Lack of time, Lack of financial security, Family responsibilities, Unsupportive organization","Financial savings, Skills and knowledge from current job, Networks and contacts, Access to resources (labs, tools, internet, etc.)",,,,26–30,
12/27/2025 23:00:13,,,Male,Married,Bachelor’s,Private,writer,3–5,Permanent,41–50,"30–60 mins,",2,1,2,1,2,3,1,2,2,1,1,1,1,2,1,2,4,4,5,3,2,2,4,5,4,3,4,3,3,4,3,"Lack of financial security, Family responsibilities, Fear of risk/failure","Supportive boss/organization, Financial savings, Skills and knowledge from current job",,,,31–35,
12/27/2025 23:01:22,,,Male,Single,Bachelor’s,Public,Health assistant ,3–5,Permanent,41–50,1–2 hours,2,2,2,2,2,3,1,2,3,2,1,1,2,2,2,5,2,2,3,4,3,2,3,5,3,2,3,2,2,2,3,"Lack of time, Lack of financial security, Family responsibilities, Fear of risk/failure",Supportive boss/organization,,,,18-25,
12/27/2025 23:02:56,,,Female,Married,Master’s,Public,Doctor,11–15,Permanent,41–50,1–2 hours,2,2,4,3,2,4,2,2,3,3,2,3,3,3,3,2,4,5,3,3,3,4,3,5,4,4,3,4,3,4,3,"Lack of time, Lack of financial security, Fear of risk/failure, Unsupportive organization","Supportive boss/organization, Financial savings, Skills and knowledge from current job, Access to resources (labs, tools, internet, etc.)",,,,41–50,
12/27/2025 23:04:56,,,Female,Divorced,Bachelor’s,Private,Teacher,6–10,Contract,41–50,"30–60 mins,",2,1,2,2,3,4,1,5,4,4,2,1,2,3,1,4,4,5,4,2,5,3,1,3,4,4,2,2,4,3,4,"Lack of time, Lack of financial security, Family responsibilities, Fear of risk/failure","Supportive boss/organization, Financial savings, Networks and contacts",,,,26–30,
12/27/2025 23:06:32,,,Male,Married,Bachelor’s,Private,Graphic designer,6–10,Contract,41–50,"30–60 mins,",2,3,4,2,1,4,3,3,3,2,2,4,2,3,4,3,5,4,5,3,3,2,3,3,1,2,4,4,3,1,3,"Lack of time, Lack of financial security, Family responsibilities","Supportive boss/organization, Financial savings, Skills and knowledge from current job",,,,36–40,
12/27/2025 23:08:04,,,Male,Married,PhD+=,Private,Researcher,16+,Contract,41–50,1–2 hours,2,1,2,4,2,2,1,2,3,3,2,2,4,3,2,3,2,2,1,2,2,2,5,4,3,1,3,4,3,3,4,"Lack of time, Family responsibilities","Financial savings, Skills and knowledge from current job",,,,51+,
12/27/2025 23:10:12,,,Female,Divorced,Bachelor’s,Private,Banker,6–10,Contract,30–40,"30–60 mins,",4,2,2,1,1,1,2,4,2,2,2,3,3,3,3,3,2,2,3,2,3,4,4,3,5,5,4,3,4,2,3,"Lack of time, Lack of financial security, Family responsibilities, Fear of risk/failure",Supportive boss/organization,,,,36–40,
12/27/2025 23:11:59,,,Female,Single,HSC,Healthcare,Patient careman,3–5,Permanent,51+,More than 2 hours,1,1,2,3,2,2,2,3,3,4,2,2,3,4,2,2,4,4,4,4,4,2,2,3,2,4,4,3,4,4,3,"Lack of time, Lack of financial security, Family responsibilities, Fear of risk/failure","Supportive boss/organization, Motivation/passion",,,,26–30,
12/27/2025 23:13:58,,,Female,Divorced,Bachelor’s,NGO,First aider,3–5,Contract,30–40,1–2 hours,2,1,2,3,1,2,3,4,2,2,2,2,3,3,4,5,4,4,3,3,3,4,4,2,4,4,5,5,3,3,3,"Lack of time, Lack of financial security, Family responsibilities, Fear of risk/failure","Supportive boss/organization, Financial savings, Skills and knowledge from current job",,,,36–40,
12/27/2025 23:15:50,,,Male,Married,Master’s,Private,Motion graphic designer,3–5,Permanent,51+,1–2 hours,4,3,3,3,4,2,4,2,3,2,2,4,4,2,2,4,2,2,3,4,3,5,5,4,2,4,5,4,3,3,3,"Lack of time, Lack of financial security, Family responsibilities","Supportive boss/organization, Financial savings, Skills and knowledge from current job",,,,31–35,
12/27/2025 23:17:58,,,Female,Married,Bachelor’s,Private,Graphic designer,3–5,Part-time,41–50,1–2 hours,1,1,1,2,3,4,3,1,5,2,1,2,3,2,1,5,1,3,4,3,2,2,4,5,3,4,4,3,3,5,3,"Lack of time, Lack of financial security","Supportive boss/organization, Financial savings",,,,31–35,
12/27/2025 23:20:15,,,Male,Married,Master’s,Garments,Supervisor,3–5,Contract,51+,"30–60 mins,",2,2,3,1,3,1,4,4,2,3,2,2,3,3,3,4,2,2,2,3,5,2,2,4,5,3,3,4,2,4,3,"Lack of time, Lack of financial security, Family responsibilities","Supportive boss/organization, Financial savings, Skills and knowledge from current job, Networks and contacts",,,,31–35,
12/27/2025 23:22:24,,,Female,Widowed,Bachelor’s,Education,Teacher,3–5,Part-time,41–50,"30–60 mins,",1,1,1,2,1,3,1,4,3,3,2,2,4,4,4,2,2,3,4,4,4,4,2,4,4,3,4,5,4,1,2,"Lack of time, Lack of financial security","Supportive boss/organization, Financial savings, Skills and knowledge from current job",Innovative and independence ,Both,Stepping stone,31–35,
12/27/2025 23:24:14,,,Female,Married,HSC,Garments,Worker,0–2,Contract,51+,"30–60 mins,",4,2,3,4,1,4,2,4,3,2,2,3,4,5,1,2,2,2,2,2,2,2,3,4,4,3,5,4,3,3,3,Lack of time,"Supportive boss/organization, Skills and knowledge from current job",Both,Both,Both ,31–35,
12/27/2025 23:25:56,,,Male,Widowed,HSC,NGO,Field supervisor ,3–5,Contract,51+,"30–60 mins,",1,2,3,4,1,4,3,1,1,2,4,3,2,2,1,4,4,1,2,3,4,2,4,4,5,3,4,4,5,3,4,"Lack of time, Lack of financial security, Family responsibilities","Supportive boss/organization, Financial savings, Skills and knowledge from current job",,,,41–50,
12/27/2025 23:27:40,,,Male,Single,HSC,Tech,Programmer,3–5,Permanent,41–50,"30–60 mins,",2,3,2,4,1,3,5,4,3,3,2,3,4,2,4,5,2,2,3,3,4,4,5,4,2,3,3,5,5,4,4,"Lack of time, Lack of financial security, Family responsibilities","Supportive boss/organization, Financial savings, Skills and knowledge from current job",,,,18-25,
12/27/2025 23:29:13,,,Female,Single,SSC or Less,Garments,Worker ,0–2,Contract,51+,1–2 hours,4,2,1,3,3,3,2,3,4,5,1,2,2,4,4,1,2,2,5,4,5,2,1,1,2,3,5,2,3,5,5,"Lack of time, Lack of financial security, Family responsibilities, Fear of risk/failure","Supportive boss/organization, Financial savings",,,,31–35,
12/27/2025 23:31:03,,,Female,Single,Bachelor’s,Healthcare,Health assistant ,3–5,Permanent,51+,"30–60 mins,",1,1,1,2,2,1,2,2,1,2,2,4,4,4,3,2,4,5,3,2,3,2,4,3,4,5,3,3,3,4,5,"Lack of time, Lack of financial security, Family responsibilities","Supportive boss/organization, Financial savings, Skills and knowledge from current job",,,,18-25,
12/27/2025 23:33:24,,,Male,Single,Bachelor’s,Tech,Web developer ,3–5,Contract,41–50,"30–60 mins,",4,4,4,3,4,5,4,4,3,3,3,1,4,4,3,5,2,3,5,4,4,4,4,5,5,3,3,3,3,1,4,"Lack of time, Family responsibilities, Unsupportive organization","Skills and knowledge from current job, Networks and contacts",,,,26–30,
12/27/2025 23:48:55,,,Female,Married,Bachelor’s,Education,Teacher,3–5,Permanent,51+,1–2 hours,2,1,2,2,4,3,3,3,4,1,2,1,2,2,2,1,2,3,4,2,3,3,1,5,5,4,4,3,4,4,5,"Lack of time, Lack of financial security","Supportive boss/organization, Financial savings, Motivation/passion",Both,Creative ,Stepping stone,26–30,
12/27/2025 23:50:46,,,Male,Married,Bachelor’s,Private,HR,3–5,Permanent,51+,"30–60 mins,",2,3,1,2,2,3,2,1,2,5,2,5,1,2,1,4,2,4,5,4,5,2,2,3,2,4,5,4,4,3,2,"Lack of time, Lack of financial security, Family responsibilities, Fear of risk/failure","Supportive boss/organization, Financial savings, Skills and knowledge from current job",Both,Creative ,Constraint ,31–35,
12/27/2025 23:57:02,,,Male,Single,HSC,Public,Computer operator ,3–5,Permanent,51+,"30–60 mins,",2,1,2,1,2,4,3,4,4,4,2,2,3,2,3,2,4,4,3,2,4,1,1,2,4,4,5,5,3,3,4,"Lack of time, Lack of financial security, Family responsibilities","Supportive boss/organization, Financial savings, Skills and knowledge from current job",Innovate,More creative ,Stepping stone,26–30,
12/28/2025 0:00:02,,,Male,Single,Master’s,Other,Editor ,3–5,Permanent,51+,"30–60 mins,",3,2,3,5,4,3,3,1,4,5,4,2,4,1,3,4,2,4,4,2,2,2,3,5,5,4,3,4,3,3,2,"Lack of time, Lack of financial security","Supportive boss/organization, Skills and knowledge from current job, Motivation/passion",Independence ,Both,Stepping stone,26–30,
12/28/2025 17:14:17,,,Male,Married,Master’s,Private,Marketing ,3–5,Contract,51+,More than 2 hours,1,1,1,1,1,1,1,1,1,1,1,1,1,1,1,1,1,1,1,1,1,1,1,1,1,1,2,1,2,2,1,"Lack of time, Family responsibilities, Fear of risk/failure, Lack of skills","Supportive boss/organization, Skills and knowledge from current job, Motivation/passion",,,,36–40,
12/28/2025 17:19:24,,,Male,Married,Master’s,Private,Marketing ,6–10,Contract,51+,More than 2 hours,1,1,1,1,1,1,1,1,2,1,1,1,1,1,1,1,1,2,1,2,1,2,1,1,1,1,1,1,1,1,2,"Lack of time, Lack of financial security, Family responsibilities, Fear of risk/failure, Unsupportive organization, Lack of skills","Supportive boss/organization, Skills and knowledge from current job, Networks and contacts, Access to resources (labs, tools, internet, etc.), Motivation/passion",,,,36–40,
12/28/2025 17:21:36,,,Male,Single,HSC,Private,Salesman ,0–2,Contract,51+,More than 2 hours,1,1,1,1,1,1,1,1,1,1,1,1,1,1,1,2,1,1,2,1,1,1,1,1,1,1,1,1,1,1,2,"Lack of time, Lack of financial security, Family responsibilities, Fear of risk/failure, Unsupportive organization, Lack of skills","Supportive boss/organization, Skills and knowledge from current job, Networks and contacts, Access to resources (labs, tools, internet, etc.), Motivation/passion",,,,18-25,
12/28/2025 17:23:37,,,Male,Single,HSC,Garments,Helper ,3–5,Contract,51+,More than 2 hours,1,1,1,1,1,2,1,2,1,2,1,1,1,1,1,1,1,1,1,1,1,1,1,1,1,1,1,1,1,1,1,"Lack of time, Lack of financial security, Family responsibilities, Fear of risk/failure, Unsupportive organization","Supportive boss/organization, Skills and knowledge from current job",,,,18-25,
12/28/2025 17:25:39,,,Male,Single,SSC or Less,Garments,Helper,3–5,Contract,51+,More than 2 hours,1,1,1,1,1,1,1,1,1,1,1,2,1,1,1,1,1,1,1,1,1,1,2,1,2,1,1,1,1,1,1,"Lack of time, Lack of financial security, Family responsibilities, Fear of risk/failure, Unsupportive organization, Lack of skills","Supportive boss/organization, Skills and knowledge from current job, Networks and contacts, Motivation/passion",,,,18-25,
12/28/2025 17:27:41,,,Male,Single,HSC,Garments,Helper,3–5,Contract,51+,More than 2 hours,1,1,2,1,2,1,1,1,1,1,1,1,1,1,1,1,1,1,2,1,1,1,1,1,1,1,1,1,1,1,1,"Lack of time, Lack of financial security, Family responsibilities, Fear of risk/failure, Unsupportive organization, Lack of skills","Supportive boss/organization, Skills and knowledge from current job, Networks and contacts",,,,18-25,
12/28/2025 17:29:35,,,Male,Single,HSC,Garments,Helper,0–2,Contract,51+,1–2 hours,1,1,1,1,1,1,1,2,2,1,1,1,1,1,1,1,1,1,1,1,1,1,1,1,1,1,1,1,2,1,2,"Lack of time, Lack of financial security, Family responsibilities, Fear of risk/failure, Unsupportive organization, Lack of skills","Supportive boss/organization, Skills and knowledge from current job",,,,18-25,
12/28/2025 17:32:09,,,Male,Married,HSC,Garments,Supervisor ,3–5,Contract,51+,More than 2 hours,1,1,1,1,2,2,1,2,2,1,2,1,1,2,1,2,1,1,1,1,2,1,1,1,1,1,1,1,1,1,2,Lack of time,"Supportive boss/organization, Skills and knowledge from current job, Networks and contacts, Access to resources (labs, tools, internet, etc.)",,,,18-25,
12/28/2025 17:33:42,,,Male,Married,Bachelor’s,Garments,Supervisor ,3–5,Contract,51+,More than 2 hours,1,1,2,1,1,2,2,2,2,2,1,2,1,1,1,2,1,1,2,1,1,1,2,2,1,1,1,1,1,1,1,"Lack of time, Lack of financial security, Family responsibilities, Fear of risk/failure, Unsupportive organization, Lack of skills","Supportive boss/organization, Skills and knowledge from current job, Networks and contacts",,,,18-25,
12/28/2025 17:35:34,,,Male,Single,HSC,Garments,Production manager ,3–5,Contract,51+,More than 2 hours,1,1,2,1,2,1,1,1,1,1,1,2,2,1,2,1,2,1,1,1,1,1,1,1,1,1,1,1,1,1,1,"Lack of time, Lack of financial security, Family responsibilities, Fear of risk/failure, Unsupportive organization, Lack of skills","Supportive boss/organization, Networks and contacts",,,,18-25,
12/28/2025 17:37:24,,,Male,Married,HSC,Garments,Production manager,3–5,Contract,41–50,1–2 hours,1,1,1,1,1,1,1,2,1,1,1,1,1,2,1,1,2,1,1,1,1,1,1,1,1,2,1,1,1,1,1,"Lack of time, Lack of financial security, Family responsibilities, Fear of risk/failure, Unsupportive organization, Lack of skills","Supportive boss/organization, Skills and knowledge from current job",,,,18-25,
12/28/2025 17:44:08,,,Male,Single,HSC,Garments,Worker,3–5,Contract,51+,More than 2 hours,1,1,1,1,1,1,1,1,1,1,1,1,1,1,1,1,1,1,1,1,1,1,1,1,1,1,1,1,1,1,1,"Lack of time, Lack of financial security, Family responsibilities, Fear of risk/failure, Unsupportive organization, Lack of skills","Financial savings, Skills and knowledge from current job, Networks and contacts",,,,26–30,
12/28/2025 17:45:41,,,Male,Married,SSC or Less,Garments,Worker ,3–5,Contract,51+,More than 2 hours,1,1,1,1,1,1,1,1,1,1,1,1,1,1,1,1,1,1,1,1,1,1,1,1,1,1,2,1,1,1,1,"Lack of time, Lack of financial security, Family responsibilities, Fear of risk/failure, Unsupportive organization, Lack of skills","Supportive boss/organization, Skills and knowledge from current job, Networks and contacts",,,,26–30,
12/28/2025 17:47:41,,,Male,Single,SSC or Less,Garments,Helper,0–2,Contract,51+,More than 2 hours,1,1,1,1,1,1,1,1,1,1,1,1,1,1,1,1,1,1,1,1,1,1,1,1,1,1,1,1,1,1,2,"Lack of time, Lack of financial security, Family responsibilities, Fear of risk/failure, Unsupportive organization, Lack of skills","Supportive boss/organization, Skills and knowledge from current job",,,,18-25,
12/28/2025 17:49:36,,,Male,Single,SSC or Less,Garments,Worker,3–5,Part-time,51+,More than 2 hours,1,1,1,1,1,1,2,2,2,1,1,1,2,2,2,2,1,1,2,2,2,1,1,1,1,2,1,1,1,2,2,"Lack of time, Lack of financial security, Family responsibilities, Unsupportive organization",Skills and knowledge from current job,,,,18-25,
12/28/2025 17:51:38,,,Male,Married,SSC or Less,Garments,Worker,3–5,Contract,51+,1–2 hours,1,1,1,1,2,1,1,1,1,1,1,1,1,1,1,1,1,1,1,1,1,1,1,1,1,1,1,1,1,1,1,"Lack of time, Lack of financial security, Family responsibilities, Unsupportive organization, Lack of skills",Skills and knowledge from current job,,,,26–30,
12/28/2025 17:53:49,,,Male,Single,SSC or Less,Garments,Worker,3–5,Contract,51+,"30–60 mins,",1,1,1,1,1,1,2,1,2,3,1,1,1,1,1,1,1,1,1,1,1,1,1,1,1,1,2,1,1,1,2,"Lack of time, Lack of financial security, Family responsibilities, Lack of skills",Skills and knowledge from current job,,,,26–30,
12/28/2025 17:55:46,,,Male,Married,SSC or Less,Garments,Worker,6–10,Contract,41–50,1–2 hours,1,2,1,1,1,1,1,1,1,1,1,2,1,1,1,1,1,2,1,1,2,1,1,1,1,1,1,1,1,1,1,"Lack of time, Lack of financial security, Family responsibilities, Unsupportive organization",Skills and knowledge from current job,,,,31–35,
12/28/2025 17:57:42,,,Male,Married,SSC or Less,Garments,Worker,3–5,Contract,51+,More than 2 hours,1,1,1,1,1,1,1,1,1,1,2,1,1,1,1,1,1,1,1,1,1,1,1,1,1,1,1,3,1,1,2,"Lack of time, Lack of financial security, Family responsibilities, Lack of skills","Skills and knowledge from current job, Networks and contacts",,,,36–40,
12/28/2025 17:59:20,,,Male,Married,SSC or Less,Garments,Worker,6–10,Contract,51+,1–2 hours,1,1,1,1,2,2,1,1,1,1,1,2,1,1,1,1,1,1,1,1,1,1,1,1,1,1,1,1,2,1,1,"Lack of time, Lack of financial security, Family responsibilities, Lack of skills","Skills and knowledge from current job, Networks and contacts",,,,36–40,
12/28/2025 18:01:15,,,Male,Married,SSC or Less,Garments,Worker,6–10,Contract,51+,"30–60 mins,",1,1,1,1,1,1,1,1,1,1,1,1,1,1,1,2,1,1,1,1,1,1,1,1,1,1,1,1,2,1,1,"Lack of time, Lack of financial security, Family responsibilities, Fear of risk/failure, Unsupportive organization, Lack of skills",Networks and contacts,,,,36–40,
12/28/2025 18:06:56,,,Male,Married,SSC or Less,Garments,Worker,3–5,Contract,51+,"30–60 mins,",1,1,1,1,1,1,1,1,1,1,1,1,1,1,1,1,1,1,1,1,1,1,1,1,1,1,1,1,1,1,1,"Lack of time, Lack of financial security, Family responsibilities, Unsupportive organization",Skills and knowledge from current job,,,,31–35,
12/28/2025 18:09:15,,,Male,Married,SSC or Less,Garments,Worker,3–5,Contract,51+,"30–60 mins,",1,1,1,1,1,1,1,1,1,1,1,1,1,1,1,1,1,1,1,1,1,1,1,1,1,1,1,1,1,1,1,"Lack of time, Lack of financial security, Family responsibilities, Unsupportive organization, Lack of skills",Skills and knowledge from current job,,,,26–30,
12/28/2025 18:11:17,,,Male,Single,SSC or Less,Garments,Worker,3–5,Contract,51+,1–2 hours,1,1,1,1,1,1,1,1,1,1,1,1,1,1,1,1,1,1,1,1,1,1,1,1,1,1,1,1,1,1,1,"Lack of time, Lack of financial security, Family responsibilities, Unsupportive organization",Skills and knowledge from current job,,,,31–35,
12/28/2025 18:14:23,,,Male,Single,SSC or Less,Garments,Helper,0–2,Contract,51+,More than 2 hours,1,1,1,1,1,1,1,1,1,1,1,1,1,1,1,2,1,1,1,1,2,1,2,1,1,1,1,1,1,1,1,"Lack of time, Lack of financial security, Family responsibilities",Skills and knowledge from current job,,,,26–30,
12/28/2025 18:16:34,,,Male,Divorced,SSC or Less,Garments,Worker,3–5,Contract,51+,1–2 hours,1,2,1,1,1,1,1,1,1,1,2,1,1,1,1,1,1,1,1,1,1,1,1,1,1,1,2,1,1,1,1,"Lack of time, Lack of financial security, Family responsibilities",Skills and knowledge from current job,,,,31–35,
12/28/2025 18:18:55,,,Male,Single,SSC or Less,Garments,Helper,0–2,Contract,51+,"30–60 mins,",1,1,1,1,1,1,1,1,1,2,1,1,1,1,1,1,2,3,1,1,1,1,1,1,1,3,4,1,1,1,1,"Lack of time, Lack of financial security, Family responsibilities","Skills and knowledge from current job, Networks and contacts",,,,18-25,
12/28/2025 18:24:13,,,Male,Married,SSC or Less,Garments,Worker,3–5,Contract,51+,1–2 hours,1,1,1,1,1,1,1,1,1,1,1,1,1,1,1,1,1,1,1,1,1,1,1,1,1,2,1,1,1,1,1,"Lack of time, Lack of financial security, Family responsibilities",Skills and knowledge from current job,,,,31–35,
12/28/2025 18:27:07,,,Male,Single,HSC,Garments,Operator ,3–5,Contract,51+,"30–60 mins,",1,1,1,1,1,1,1,1,1,1,1,1,1,1,1,1,1,1,1,1,1,1,1,1,1,1,2,1,1,1,3,"Lack of time, Lack of financial security, Family responsibilities, Fear of risk/failure","Skills and knowledge from current job, Networks and contacts, Access to resources (labs, tools, internet, etc.)",,,,26–30,
12/28/2025 18:28:52,,,Male,Single,Bachelor’s,Garments,Operator,3–5,Contract,51+,1–2 hours,1,1,2,1,1,1,1,1,1,1,1,1,1,1,1,1,1,1,1,1,1,1,1,1,2,2,2,1,1,1,1,"Lack of time, Lack of financial security, Family responsibilities, Fear of risk/failure","Skills and knowledge from current job, Networks and contacts",,,,26–30,
12/28/2025 18:30:58,,,Male,Single,Bachelor’s,Garments,Operator,3–5,Contract,51+,1–2 hours,1,1,1,1,1,2,1,1,2,1,1,1,1,1,1,1,1,1,1,1,1,1,1,1,2,1,1,2,1,1,1,"Lack of time, Lack of financial security, Family responsibilities, Fear of risk/failure",Skills and knowledge from current job,,,,26–30,
12/28/2025 18:33:34,,,Male,Married,Bachelor’s,Garments,Operator,3–5,Contract,51+,1–2 hours,1,1,1,1,1,1,1,1,1,1,1,1,1,2,1,1,1,1,1,1,2,1,1,1,1,1,1,1,1,1,1,"Lack of time, Lack of financial security, Family responsibilities, Fear of risk/failure, Unsupportive organization, Lack of skills",Skills and knowledge from current job,,,,31–35,
12/28/2025 18:35:24,,,Male,Single,HSC,Garments,Operator,6–10,Contract,51+,1–2 hours,1,1,1,1,1,1,1,1,1,1,1,1,2,1,1,1,1,1,1,1,1,1,1,1,1,1,1,1,1,1,1,"Lack of time, Lack of financial security, Family responsibilities, Fear of risk/failure","Financial savings, Skills and knowledge from current job, Networks and contacts, Access to resources (labs, tools, internet, etc.), Motivation/passion",,,,26–30,
12/28/2025 18:38:51,,,Male,Single,SSC or Less,Garments,Worker,3–5,Contract,51+,"30–60 mins,",1,1,1,1,1,1,1,1,1,1,1,1,1,1,1,1,1,1,1,1,1,1,1,1,1,1,1,1,1,1,1,"Lack of time, Lack of financial security, Family responsibilities",Skills and knowledge from current job,,,,31–35,
12/28/2025 18:40:35,,,Male,Married,SSC or Less,Garments,Worker,6–10,Contract,51+,1–2 hours,1,1,1,1,1,1,1,2,1,1,1,1,2,1,1,1,1,1,1,1,1,1,1,1,1,1,1,1,1,1,2,"Lack of time, Lack of financial security, Family responsibilities, Fear of risk/failure, Unsupportive organization, Lack of skills",Skills and knowledge from current job,,,,31–35,
12/28/2025 18:42:54,,,Male,Single,HSC,Garments,Helper ,0–2,Contract,51+,More than 2 hours,1,1,1,1,1,1,1,1,1,1,1,1,1,1,1,1,1,1,1,1,1,1,1,1,1,1,1,1,1,1,1,"Lack of time, Lack of financial security, Family responsibilities, Fear of risk/failure",Skills and knowledge from current job,,,,18-25,
12/28/2025 18:45:06,,,Male,Married,SSC or Less,Garments,Worker,6–10,Contract,51+,1–2 hours,1,1,1,1,2,1,1,1,1,1,1,2,2,2,2,1,1,1,1,2,2,1,1,2,2,2,1,2,3,1,2,"Lack of time, Lack of financial security, Family responsibilities, Fear of risk/failure","Supportive boss/organization, Skills and knowledge from current job",,,,31–35,
12/28/2025 18:47:27,,,Male,Single,SSC or Less,Garments,Worker,6–10,Contract,51+,"30–60 mins,",1,1,2,1,1,1,1,1,1,2,1,1,1,1,2,2,1,2,1,1,1,1,1,1,1,1,1,1,1,2,2,"Lack of time, Lack of financial security, Family responsibilities",Skills and knowledge from current job,,,,36–40,
12/28/2025 18:53:16,,,Male,Single,HSC,Garments,Worker,3–5,Contract,51+,1–2 hours,1,1,1,1,1,1,1,1,1,1,1,1,1,1,1,1,2,1,1,2,2,1,1,1,1,1,1,1,1,1,1,"Lack of time, Lack of financial security, Family responsibilities, Fear of risk/failure","Skills and knowledge from current job, Networks and contacts",,,,26–30,
12/28/2025 18:55:48,,,Male,Single,HSC,Garments,Operator ,0–2,Contract,51+,"30–60 mins,",1,2,1,1,1,2,1,1,1,1,1,1,1,1,1,2,1,2,1,1,1,1,2,2,2,2,2,2,1,1,1,"Lack of time, Lack of financial security, Family responsibilities","Skills and knowledge from current job, Networks and contacts, Access to resources (labs, tools, internet, etc.)",,,,18-25,
12/28/2025 18:58:06,,,Male,Married,Bachelor’s,Finance,Supervisor ,3–5,Contract,51+,1–2 hours,1,1,1,1,1,1,1,1,2,1,1,1,1,1,1,2,1,2,2,1,1,1,1,2,1,1,2,1,1,1,1,"Lack of time, Lack of financial security, Family responsibilities",Skills and knowledge from current job,,,,26–30,
12/28/2025 19:00:22,,,Male,Married,SSC or Less,Garments,Worker,3–5,Contract,51+,1–2 hours,1,1,1,2,1,1,1,1,2,1,1,1,1,1,1,1,1,1,1,2,1,1,1,2,2,2,2,1,2,1,1,"Lack of time, Lack of financial security, Family responsibilities, Fear of risk/failure","Skills and knowledge from current job, Networks and contacts, Access to resources (labs, tools, internet, etc.)",,,,36–40,
12/28/2025 19:02:05,,,Male,Married,HSC,Garments,Supervisor ,6–10,Contract,51+,More than 2 hours,1,1,2,1,2,1,1,1,1,1,1,1,1,2,1,1,1,1,1,1,1,1,1,1,1,1,1,1,2,1,1,"Lack of time, Lack of financial security, Family responsibilities, Fear of risk/failure",Skills and knowledge from current job,,,,31–35,
12/28/2025 19:04:05,,,Male,Married,SSC or Less,Garments,Worker,3–5,Contract,51+,"30–60 mins,",1,1,1,1,1,1,1,2,1,1,1,1,1,2,1,1,2,1,1,1,1,1,2,1,1,1,1,1,1,1,1,"Lack of time, Lack of financial security, Family responsibilities","Skills and knowledge from current job, Networks and contacts",,,,26–30,
12/28/2025 19:05:44,,,Male,Married,SSC or Less,Garments,Worker,3–5,Contract,51+,1–2 hours,1,2,1,1,1,1,1,1,1,1,1,1,1,2,2,1,1,1,1,1,1,1,2,1,1,1,1,1,2,1,1,"Lack of time, Lack of financial security, Family responsibilities, Lack of skills","Financial savings, Skills and knowledge from current job, Networks and contacts",,,,31–35,
12/28/2025 19:07:14,,,Male,Single,HSC,Garments,Helper,0–2,Contract,51+,1–2 hours,1,1,1,1,1,1,1,1,1,1,1,1,1,1,1,1,1,1,1,1,1,1,1,1,1,2,1,1,1,1,1,"Lack of time, Lack of financial security, Family responsibilities, Fear of risk/failure","Skills and knowledge from current job, Networks and contacts",,,,18-25,
12/29/2025 16:36:46,,,Female,Divorced,SSC or Less,Garments,Worker,3–5,Contract,51+,"30–60 mins,",1,1,1,1,1,2,1,1,1,2,1,1,2,1,2,1,1,1,2,1,1,1,1,1,1,2,1,1,1,1,1,"Lack of time, Lack of financial security, Family responsibilities",Skills and knowledge from current job,,,,18-25,
12/29/2025 16:39:06,,,Female,Married,SSC or Less,Garments,Worker,3–5,Contract,51+,1–2 hours,1,1,1,1,1,1,2,1,1,1,1,1,1,1,1,1,1,1,1,1,1,1,1,1,1,1,1,1,2,1,1,"Lack of time, Lack of financial security, Family responsibilities, Fear of risk/failure, Unsupportive organization, Lack of skills",Networks and contacts,,,,18-25,
12/29/2025 16:40:54,,,Female,Married,SSC or Less,Garments,Worker,3–5,Contract,51+,1–2 hours,1,1,1,1,1,2,1,1,1,1,1,1,1,1,1,1,1,1,1,1,1,1,1,1,1,1,1,1,1,1,1,"Lack of time, Lack of financial security, Family responsibilities, Fear of risk/failure, Unsupportive organization, Lack of skills",Skills and knowledge from current job,,,,18-25,
12/29/2025 16:42:38,,,Female,Married,SSC or Less,Garments,Worker,3–5,Contract,51+,1–2 hours,1,1,1,1,1,1,1,1,1,1,1,1,1,2,1,1,1,1,1,1,1,1,1,1,1,1,1,1,1,1,1,"Lack of time, Lack of financial security, Family responsibilities, Fear of risk/failure, Unsupportive organization, Lack of skills",Skills and knowledge from current job,,,,18-25,
12/29/2025 16:44:16,,,Female,Divorced,SSC or Less,Garments,Worker,6–10,Contract,51+,1–2 hours,1,1,1,1,1,1,1,2,2,2,1,1,1,1,1,1,1,1,1,1,1,1,1,1,2,1,1,1,2,1,1,"Lack of time, Lack of financial security, Family responsibilities, Fear of risk/failure","Financial savings, Skills and knowledge from current job",,,,31–35,
12/29/2025 16:46:18,,,Female,Married,SSC or Less,Garments,Worker,3–5,Contract,51+,1–2 hours,1,1,1,1,1,1,1,1,1,2,1,1,1,1,1,1,1,1,1,1,1,1,1,1,1,1,2,1,2,1,1,"Lack of time, Lack of financial security, Family responsibilities, Fear of risk/failure, Unsupportive organization, Lack of skills","Financial savings, Networks and contacts",,,,26–30,
12/29/2025 16:48:40,,,Female,Married,SSC or Less,Garments,Worker,6–10,Contract,51+,1–2 hours,1,1,1,1,1,1,1,1,1,1,1,1,1,1,1,1,1,2,1,1,1,1,1,1,1,1,1,1,1,1,1,"Lack of time, Lack of financial security, Family responsibilities",Skills and knowledge from current job,,,,26–30,
12/29/2025 16:50:46,,,Female,Married,SSC or Less,Garments,Worker,0–2,Contract,51+,1–2 hours,1,1,1,1,1,1,1,1,1,1,1,1,2,1,1,1,1,1,1,1,2,1,1,1,1,1,1,1,2,1,1,"Lack of time, Lack of financial security, Family responsibilities, Fear of risk/failure","Financial savings, Skills and knowledge from current job",,,,18-25,
12/29/2025 16:54:15,,,Female,Divorced,SSC or Less,Garments,Worker,3–5,Contract,51+,1–2 hours,1,1,1,1,1,1,1,1,1,1,1,1,1,1,1,2,1,1,1,1,4,1,1,1,1,1,1,1,1,1,1,"Lack of time, Lack of financial security, Family responsibilities, Fear of risk/failure",Skills and knowledge from current job,,,,26–30,
12/29/2025 16:57:10,,,Male,Married,HSC,Garments,Worker,0–2,Contract,51+,1–2 hours,1,1,1,1,2,1,1,1,1,1,1,1,1,2,1,4,1,1,1,1,1,1,1,1,1,1,1,1,1,1,1,"Lack of time, Lack of financial security, Family responsibilities, Lack of skills","Skills and knowledge from current job, Networks and contacts",,,,26–30,
12/29/2025 16:59:12,,,Female,Single,HSC,Garments,Worker,0–2,Contract,51+,1–2 hours,1,1,1,1,1,1,1,1,1,1,1,1,1,1,2,1,1,1,1,1,1,1,1,1,1,1,1,1,1,1,2,"Lack of time, Lack of financial security, Family responsibilities",Skills and knowledge from current job,,,,18-25,
12/29/2025 16:59:30,,,Male,Single,Bachelor’s,Public,Manager,3–5,Part-time,30–40,"30–60 mins,",1,1,1,1,1,1,1,1,1,1,1,2,1,2,2,2,2,2,1,1,2,1,1,3,2,1,1,1,1,1,1,"Lack of time, Lack of financial security, Family responsibilities, Lack of skills","Supportive boss/organization, Skills and knowledge from current job, Networks and contacts, Motivation/passion",,,,31–35,
12/29/2025 17:02:06,,,Male,Married,HSC,Private,Sels men ,3–5,Part-time,41–50,"30–60 mins,",1,1,1,2,1,1,1,1,1,1,1,1,1,1,1,1,1,2,2,2,1,1,2,1,2,2,1,1,1,1,1,"Lack of time, Lack of financial security, Family responsibilities, Lack of skills","Supportive boss/organization, Financial savings, Skills and knowledge from current job, Networks and contacts, Motivation/passion",,,,36–40,
12/29/2025 17:02:19,,,Female,Married,SSC or Less,Garments,Worker,3–5,Contract,51+,1–2 hours,1,1,1,1,1,1,1,1,1,1,1,1,1,1,1,1,1,1,1,1,1,1,1,1,1,1,1,1,1,1,1,"Lack of time, Lack of financial security, Family responsibilities","Skills and knowledge from current job, Networks and contacts",,,,18-25,
12/29/2025 17:04:06,,,Male,Single,HSC,Private,Sels man,3–5,Contract,30–40,"30–60 mins,",1,1,1,1,1,1,1,1,1,2,1,1,1,2,2,2,1,2,3,2,1,1,1,1,1,1,1,1,1,1,1,"Lack of time, Lack of financial security, Family responsibilities, Lack of skills","Supportive boss/organization, Financial savings, Skills and knowledge from current job, Motivation/passion",,,,36–40,
12/29/2025 17:05:55,,,Female,Single,HSC,Garments,Worker,0–2,Contract,51+,1–2 hours,1,1,1,1,1,1,1,1,1,1,1,1,1,1,1,1,1,1,1,1,1,1,1,1,1,1,1,1,1,1,1,"Lack of time, Lack of financial security, Family responsibilities, Unsupportive organization","Skills and knowledge from current job, Networks and contacts",,,,18-25,
12/29/2025 17:06:05,,,Male,Married,Bachelor’s,NGO,Menager ,3–5,Permanent,30–40,"30–60 mins,",1,1,1,1,1,1,1,3,2,1,1,1,1,1,1,1,1,1,1,1,2,3,2,1,1,1,4,1,1,2,2,"Lack of time, Lack of financial security, Family responsibilities, Lack of skills","Supportive boss/organization, Skills and knowledge from current job, Networks and contacts, Motivation/passion",,,,41–50,
12/29/2025 17:08:21,,,Male,Married,SSC or Less,Private, Security Guard ,3–5,Contract,51+,More than 2 hours,1,1,1,1,1,2,1,1,1,1,1,1,1,1,1,1,1,1,1,1,1,1,1,2,1,2,1,1,1,1,1,"Lack of financial security, Family responsibilities, Fear of risk/failure, Unsupportive organization, Lack of skills","Skills and knowledge from current job, Networks and contacts",,,,41–50,
12/29/2025 17:08:30,,,Male,Married,HSC,Public,Polic,3–5,Permanent,30–40,"30–60 mins,",1,1,1,1,1,1,1,1,2,1,1,1,1,1,2,1,1,1,1,2,2,2,2,1,1,1,2,2,1,1,2,"Lack of time, Lack of financial security, Family responsibilities, Lack of skills","Supportive boss/organization, Skills and knowledge from current job, Networks and contacts, Motivation/passion",,,,31–35,
12/29/2025 17:10:03,,,Male,Married,SSC or Less,Private,Security Guard ,3–5,Contract,51+,More than 2 hours,1,1,1,1,1,1,1,1,1,1,1,1,1,1,2,2,1,1,1,1,1,1,1,1,1,2,2,1,1,1,1,"Lack of time, Lack of financial security, Family responsibilities, Fear of risk/failure, Lack of skills","Skills and knowledge from current job, Networks and contacts",,,,41–50,
12/29/2025 17:10:50,,,Male,Married,SSC or Less,Private,Sels man,3–5,Part-time,30–40,"30–60 mins,",1,1,2,1,2,1,2,1,2,2,1,2,1,1,1,2,1,1,2,1,1,1,1,1,1,2,3,1,2,1,1,"Lack of time, Lack of financial security, Family responsibilities, Lack of skills","Supportive boss/organization, Skills and knowledge from current job, Networks and contacts, Motivation/passion",,,,41–50,
12/29/2025 17:11:44,,,Male,Married,SSC or Less,Private,Security Guard ,6–10,Contract,51+,More than 2 hours,1,1,1,1,1,1,1,1,2,1,1,1,2,1,2,1,1,1,1,2,1,1,1,1,1,1,2,1,1,1,1,"Lack of time, Lack of financial security, Family responsibilities, Fear of risk/failure, Lack of skills","Skills and knowledge from current job, Networks and contacts",,,,41–50,
12/29/2025 17:12:34,,,Male,Single,Bachelor’s,Private,Army,3–5,Contract,30–40,"30–60 mins,",1,1,1,1,1,1,1,1,1,1,1,2,2,2,1,1,1,1,1,1,1,1,1,1,1,1,1,2,1,1,2,"Lack of time, Lack of financial security, Family responsibilities, Lack of skills","Supportive boss/organization, Skills and knowledge from current job, Networks and contacts, Motivation/passion",,,,31–35,
12/29/2025 17:14:15,,,Male,Single,HSC,Private,Sels man,3–5,Contract,30–40,"30–60 mins,",2,1,1,1,1,2,2,1,1,1,2,1,2,1,1,1,1,1,1,2,2,1,1,2,1,1,1,1,2,2,2,"Lack of time, Lack of financial security, Family responsibilities, Lack of skills","Supportive boss/organization, Networks and contacts, Motivation/passion",,,,26–30,
12/29/2025 17:15:03,,,Male,Married,SSC or Less,Private,Security Guard ,6–10,Contract,51+,1–2 hours,1,1,2,1,1,1,1,1,1,1,1,1,1,1,1,1,1,2,2,1,1,1,1,1,1,1,1,1,1,1,1,"Lack of time, Lack of financial security, Family responsibilities, Fear of risk/failure, Unsupportive organization, Lack of skills","Skills and knowledge from current job, Networks and contacts",,,,41–50,
12/29/2025 17:16:59,,,Male,Married,SSC or Less,Private,Security Guard ,6–10,Contract,51+,More than 2 hours,1,2,1,1,2,1,1,1,1,1,1,1,1,1,1,1,1,1,1,1,1,1,1,1,1,1,1,2,2,1,2,"Lack of time, Lack of financial security, Family responsibilities, Fear of risk/failure","Skills and knowledge from current job, Networks and contacts",,,,41–50,
12/29/2025 17:17:19,,,Male,Single,HSC,NGO,Menager ,3–5,Contract,30–40,"30–60 mins,",1,1,2,1,1,1,2,1,1,1,1,1,1,1,1,1,1,1,2,1,1,1,1,2,3,1,1,1,1,1,1,"Lack of time, Lack of financial security, Family responsibilities, Lack of skills","Supportive boss/organization, Financial savings, Skills and knowledge from current job, Networks and contacts, Motivation/passion",,,,26–30,
12/29/2025 17:18:40,,,Male,Married,SSC or Less,Private,Security Guard ,6–10,Contract,51+,More than 2 hours,1,1,1,1,1,1,1,1,1,1,1,1,2,1,2,1,1,1,1,1,1,1,2,1,1,1,1,1,1,1,2,"Lack of time, Lack of financial security, Family responsibilities, Fear of risk/failure, Lack of skills","Skills and knowledge from current job, Networks and contacts",,,,41–50,
12/29/2025 17:19:20,,,Male,Single,HSC,Public,Polic,3–5,Contract,30–40,"30–60 mins,",1,1,1,1,2,1,1,1,2,1,1,1,1,1,1,1,1,1,1,1,1,1,1,1,1,1,1,1,1,1,1,"Lack of time, Lack of financial security, Family responsibilities","Supportive boss/organization, Skills and knowledge from current job, Networks and contacts, Motivation/passion",,,,26–30,
12/29/2025 17:21:31,,,Male,Married,SSC or Less,Private,Security Guard ,6–10,Contract,51+,1–2 hours,1,1,1,1,1,1,2,1,1,1,1,1,1,1,2,2,1,1,1,1,1,1,1,1,1,1,1,2,2,1,1,"Lack of time, Lack of financial security, Family responsibilities, Fear of risk/failure, Unsupportive organization, Lack of skills","Skills and knowledge from current job, Networks and contacts",,,,41–50,
12/29/2025 17:24:20,,,Male,Married,SSC or Less,Private,Security Guard ,3–5,Contract,51+,More than 2 hours,1,1,1,1,1,1,1,1,1,1,1,1,1,1,1,1,1,1,1,1,1,1,1,1,1,1,1,1,1,1,1,"Lack of time, Lack of financial security, Family responsibilities, Fear of risk/failure","Skills and knowledge from current job, Networks and contacts",,,,41–50,
12/29/2025 17:25:41,,,Male,Married,SSC or Less,Private,Security Guard ,3–5,Contract,51+,More than 2 hours,1,1,1,1,1,1,1,1,1,1,1,1,1,1,1,1,1,1,1,1,2,1,1,1,1,1,1,1,1,1,1,"Lack of time, Lack of financial security, Family responsibilities",Skills and knowledge from current job,,,,41–50,
12/29/2025 17:27:18,,,Male,Married,SSC or Less,Garments,Security Guard ,0–2,Contract,51+,1–2 hours,1,1,1,1,1,1,1,4,1,1,1,1,1,1,1,1,1,2,2,1,2,1,1,1,1,1,1,1,2,1,2,"Lack of time, Lack of financial security, Family responsibilities, Fear of risk/failure","Skills and knowledge from current job, Networks and contacts",,,,41–50,
12/29/2025 17:30:37,,,Male,Married,SSC or Less,Private,Security Guard ,3–5,Contract,51+,More than 2 hours,1,1,1,1,2,1,1,1,1,1,1,2,1,1,1,1,1,1,1,1,1,1,1,1,1,2,2,1,2,1,2,"Lack of time, Lack of financial security, Family responsibilities, Fear of risk/failure","Skills and knowledge from current job, Networks and contacts",,,,41–50,
12/29/2025 17:32:53,,,Male,Married,Bachelor’s,Private,Security Guard ,6–10,Contract,51+,More than 2 hours,1,2,1,1,1,1,1,1,1,1,1,1,1,1,1,1,1,1,1,1,1,1,1,1,1,1,1,1,1,1,1,"Lack of time, Lack of financial security, Family responsibilities, Fear of risk/failure","Supportive boss/organization, Financial savings, Skills and knowledge from current job, Networks and contacts, Access to resources (labs, tools, internet, etc.)",,,,41–50,
12/29/2025 17:34:25,,,Male,Married,HSC,Private,Security Guard ,3–5,Contract,41–50,1–2 hours,1,1,1,1,1,1,1,1,1,1,1,1,1,2,1,1,1,1,1,1,1,1,1,1,1,1,2,1,1,1,1,"Lack of time, Lack of financial security, Family responsibilities, Fear of risk/failure","Skills and knowledge from current job, Networks and contacts, Access to resources (labs, tools, internet, etc.)",,,,31–35,
12/29/2025 17:42:35,,,Male,Married,SSC or Less,Private,Security Guard ,3–5,Part-time,51+,1–2 hours,1,1,1,1,1,2,1,1,2,1,1,1,2,1,2,1,2,1,1,1,2,1,1,1,1,1,1,1,1,1,1,"Lack of time, Lack of financial security, Family responsibilities, Fear of risk/failure","Skills and knowledge from current job, Networks and contacts",,,,26–30,
12/29/2025 17:45:40,,,Male,Married,SSC or Less,Private,Security Guard ,6–10,Contract,51+,1–2 hours,1,1,1,1,1,1,2,2,1,1,1,2,1,1,1,1,1,1,1,1,1,1,1,1,1,1,1,1,1,1,1,"Lack of time, Lack of financial security, Family responsibilities","Financial savings, Skills and knowledge from current job",,,,41–50,
12/29/2025 17:47:48,,,Male,Married,SSC or Less,Private,Security Guard ,6–10,Contract,51+,More than 2 hours,1,2,1,1,1,1,2,1,2,2,1,1,1,1,1,2,1,1,1,2,1,1,1,1,1,1,1,1,2,1,2,"Lack of time, Lack of financial security, Family responsibilities, Fear of risk/failure","Skills and knowledge from current job, Networks and contacts",,,,41–50,
12/29/2025 17:50:30,,,Male,Single,SSC or Less,Private,Security Guard ,6–10,Contract,51+,1–2 hours,1,1,1,1,1,1,1,1,1,1,1,1,1,1,1,1,1,1,1,1,1,1,1,1,1,1,1,1,1,1,1,"Lack of time, Lack of financial security, Family responsibilities","Skills and knowledge from current job, Networks and contacts",,,,41–50,
12/29/2025 17:59:40,,,Male,Married,SSC or Less,Private,Security Guard ,6–10,Contract,51+,1–2 hours,1,1,1,1,1,1,1,1,1,1,1,1,1,1,1,2,1,1,2,2,1,1,2,1,1,1,2,1,1,1,1,"Lack of time, Lack of financial security, Family responsibilities, Fear of risk/failure","Supportive boss/organization, Skills and knowledge from current job, Networks and contacts, Access to resources (labs, tools, internet, etc.)",,,,41–50,
12/29/2025 18:01:14,,,Male,Married,SSC or Less,Private,Security Guard,3–5,Contract,41–50,1–2 hours,1,1,1,1,1,1,1,2,1,1,1,1,1,1,1,1,1,1,1,1,1,1,1,1,1,2,1,2,1,1,1,"Lack of time, Lack of financial security, Family responsibilities, Fear of risk/failure",Skills and knowledge from current job,,,,41–50,
12/29/2025 18:02:46,,,Male,Married,SSC or Less,Private,Security Guard,3–5,Contract,51+,1–2 hours,1,1,1,1,1,1,1,1,1,1,1,1,1,2,1,2,1,1,1,1,1,1,1,1,1,1,2,2,2,1,2,"Lack of time, Lack of financial security, Family responsibilities, Fear of risk/failure","Skills and knowledge from current job, Networks and contacts",,,,41–50,
12/29/2025 18:04:39,,,Male,Married,SSC or Less,Private,Security Guard,3–5,Contract,51+,1–2 hours,1,1,2,1,1,2,1,1,2,1,1,1,1,2,1,1,1,1,2,1,4,1,1,1,2,1,1,1,1,1,2,"Lack of time, Lack of financial security, Family responsibilities, Fear of risk/failure, Lack of skills","Skills and knowledge from current job, Networks and contacts, Access to resources (labs, tools, internet, etc.)",,,,41–50,
12/29/2025 18:08:17,,,Male,Married,SSC or Less,Private,Security Guard,6–10,Contract,51+,1–2 hours,1,1,1,1,1,1,1,1,2,1,1,1,2,1,2,2,1,1,1,1,1,1,1,1,1,1,1,2,2,2,2,"Lack of time, Lack of financial security, Family responsibilities, Fear of risk/failure","Supportive boss/organization, Skills and knowledge from current job, Networks and contacts, Access to resources (labs, tools, internet, etc.)",,,,41–50,
12/29/2025 18:10:58,,,Male,Married,HSC,Private,Security Supervisor ,6–10,Contract,30–40,More than 2 hours,1,1,1,1,2,1,1,1,1,4,1,1,1,2,1,1,1,1,1,2,2,1,1,1,2,1,1,1,2,1,1,"Lack of time, Lack of financial security, Family responsibilities, Fear of risk/failure","Supportive boss/organization, Financial savings, Skills and knowledge from current job, Networks and contacts, Access to resources (labs, tools, internet, etc.)",,,,41–50,
12/29/2025 18:17:52,,,Male,Married,SSC or Less,Private,Security Supervisor,6–10,Contract,30–40,More than 2 hours,1,1,2,1,1,1,1,2,2,1,1,2,2,2,2,2,2,1,1,1,1,1,1,1,1,2,1,1,2,1,1,"Lack of time, Lack of financial security, Family responsibilities, Fear of risk/failure, Unsupportive organization","Skills and knowledge from current job, Networks and contacts, Access to resources (labs, tools, internet, etc.)",,,,41–50,
12/29/2025 18:19:23,,,Male,Married,HSC,Private,Security Supervisor,6–10,Contract,41–50,More than 2 hours,1,1,1,2,2,3,2,2,3,2,2,2,3,1,2,2,1,2,3,3,2,1,1,2,2,2,2,2,3,2,2,"Lack of time, Lack of financial security, Family responsibilities, Fear of risk/failure","Skills and knowledge from current job, Networks and contacts, Access to resources (labs, tools, internet, etc.)",,,,41–50,
12/29/2025 18:21:31,,,Male,Married,SSC or Less,Private,Security Guard ,3–5,Contract,30–40,"30–60 mins,",1,3,3,1,2,2,3,2,3,2,2,3,1,1,2,1,3,2,2,3,3,2,2,2,3,2,2,3,2,2,2,"Lack of time, Lack of financial security, Family responsibilities, Fear of risk/failure, Unsupportive organization, Lack of skills","Financial savings, Skills and knowledge from current job, Networks and contacts, Access to resources (labs, tools, internet, etc.)",,,,41–50,
12/29/2025 23:34:51,,,Male,Married,HSC,Private,Driver,3–5,Contract,41–50,1–2 hours,1,1,1,1,1,2,2,2,2,1,1,1,1,2,1,2,2,2,2,1,2,1,1,2,1,1,1,1,1,1,1,"Lack of financial security, Family responsibilities, Fear of risk/failure","Skills and knowledge from current job, Networks and contacts, Access to resources (labs, tools, internet, etc.)",,,,26–30,
12/29/2025 23:34:51,,,Male,Married,HSC,Private,Driver,3–5,Contract,41–50,1–2 hours,1,1,1,1,2,1,1,1,3,2,1,2,2,3,2,2,2,2,2,1,2,1,1,1,1,1,1,1,1,1,2,"Lack of time, Lack of financial security, Family responsibilities, Fear of risk/failure","Skills and knowledge from current job, Networks and contacts, Access to resources (labs, tools, internet, etc.)",,,,26–30,
12/29/2025 23:37:50,,,Male,Married,SSC or Less,Private,Driver,3–5,Contract,30–40,1–2 hours,2,1,1,1,1,1,1,1,1,1,2,2,1,2,2,1,1,1,1,1,1,2,2,1,1,1,1,1,1,2,2,"Lack of financial security, Family responsibilities, Fear of risk/failure","Skills and knowledge from current job, Networks and contacts, Access to resources (labs, tools, internet, etc.)",,,,26–30,
12/29/2025 23:37:50,,,Male,Married,SSC or Less,Private,Driver,3–5,Contract,30–40,1–2 hours,1,1,1,1,1,1,1,1,1,2,1,1,1,2,2,2,1,1,1,1,2,1,2,1,1,2,1,1,2,1,2,"Lack of financial security, Family responsibilities, Fear of risk/failure","Skills and knowledge from current job, Networks and contacts, Access to resources (labs, tools, internet, etc.)",,,,26–30,
12/29/2025 23:40:33,,,Male,Single,HSC,Private,Driver,3–5,Contract,41–50,1–2 hours,1,2,2,1,1,1,1,1,1,1,1,1,2,1,1,1,1,1,1,1,2,1,1,1,1,1,1,1,1,1,1,"Lack of financial security, Family responsibilities, Fear of risk/failure","Skills and knowledge from current job, Networks and contacts, Access to resources (labs, tools, internet, etc.), Motivation/passion",,,,18-25,
12/29/2025 23:40:33,,,Male,Single,HSC,Private,Driver,3–5,Contract,41–50,1–2 hours,1,1,1,1,1,1,1,1,2,1,1,1,1,2,1,1,1,2,1,1,1,1,1,1,1,1,2,1,2,4,2,"Lack of financial security, Family responsibilities, Fear of risk/failure","Skills and knowledge from current job, Networks and contacts, Access to resources (labs, tools, internet, etc.), Motivation/passion",,,,18-25,
12/30/2025 16:09:13,,,Male,Married,SSC or Less,Private,Security Guard,6–10,Contract,51+,1–2 hours,1,1,1,1,1,1,1,1,1,1,1,1,1,1,1,1,1,1,1,2,2,1,2,3,1,1,1,1,2,1,1,"Lack of time, Lack of financial security, Family responsibilities, Unsupportive organization, Lack of skills","Supportive boss/organization, Financial savings, Skills and knowledge from current job, Networks and contacts, Motivation/passion",,,,41–50,
12/30/2025 16:09:17,,,Male,Married,SSC or Less,Private,Security Guard ,6–10,Contract,51+,1–2 hours,1,1,1,2,1,2,1,1,1,1,1,2,2,2,1,2,1,2,2,2,2,1,1,2,1,1,2,1,1,1,2,"Lack of time, Lack of financial security, Family responsibilities","Skills and knowledge from current job, Networks and contacts",,,,41–50,
12/30/2025 16:11:08,,,Male,Married,SSC or Less,Private,Security Guard ,6–10,Contract,51+,1–2 hours,1,2,2,1,2,3,2,2,1,1,1,1,2,2,2,2,1,1,1,1,1,1,2,2,2,2,2,2,2,2,2,"Lack of time, Lack of financial security, Family responsibilities, Fear of risk/failure","Skills and knowledge from current job, Networks and contacts",,,,41–50,
12/30/2025 16:11:21,,,Male,Married,HSC,Private,Security Guard,6–10,Contract,41–50,1–2 hours,1,1,1,1,1,2,2,1,1,1,1,1,1,1,1,1,1,1,1,1,1,1,1,1,1,1,1,1,1,1,2,"Lack of time, Lack of financial security, Family responsibilities, Lack of skills","Skills and knowledge from current job, Networks and contacts",,,,36–40,
12/30/2025 16:12:54,,,Male,Married,HSC,Private,Security Guard ,3–5,Contract,51+,"30–60 mins,",1,2,2,2,1,2,2,3,1,1,3,2,2,1,1,2,1,2,2,2,2,1,2,2,2,2,2,3,3,3,3,"Lack of time, Lack of financial security, Family responsibilities, Fear of risk/failure","Skills and knowledge from current job, Networks and contacts",,,,36–40,
12/30/2025 16:14:10,,,Male,Married,HSC,Private,Security Guard,6–10,Contract,51+,1–2 hours,1,1,1,1,1,1,1,1,1,1,1,1,1,1,1,1,1,1,2,2,2,2,2,2,2,2,2,1,1,1,1,"Lack of time, Lack of financial security, Family responsibilities, Lack of skills","Skills and knowledge from current job, Networks and contacts",,,,31–35,
12/30/2025 16:14:53,,,Male,Married,SSC or Less,Private,Security Guard ,3–5,Contract,30–40,"30–60 mins,",3,1,1,1,2,1,2,2,2,2,1,1,1,2,2,2,2,2,1,1,2,1,2,2,3,2,1,2,2,2,2,"Lack of time, Lack of financial security, Family responsibilities, Fear of risk/failure","Skills and knowledge from current job, Networks and contacts, Access to resources (labs, tools, internet, etc.)",,,,36–40,
12/30/2025 16:17:44,,,Male,Married,HSC,Private,Driver ,3–5,Contract,30–40,"30–60 mins,",1,1,1,2,2,2,2,3,2,3,2,2,3,3,2,2,2,3,2,2,4,1,2,2,2,3,3,2,3,3,2,"Lack of time, Lack of financial security, Family responsibilities, Fear of risk/failure","Skills and knowledge from current job, Networks and contacts, Access to resources (labs, tools, internet, etc.)",,,,26–30,
12/30/2025 16:18:01,,,Male,Married,HSC,Private,Security Guard,6–10,Contract,51+,1–2 hours,1,2,1,1,1,1,1,1,1,1,1,1,1,1,1,1,2,1,1,1,1,1,1,2,1,1,1,1,1,2,2,"Lack of time, Lack of financial security, Fear of risk/failure, Lack of skills","Skills and knowledge from current job, Networks and contacts",,,,41–50,
12/30/2025 16:20:29,,,Male,Married,HSC,Private,Driver,3–5,Contract,41–50,"30–60 mins,",1,2,2,2,2,1,1,1,1,2,1,1,2,2,2,3,2,2,2,2,3,2,2,2,2,2,2,1,1,1,4,"Lack of time, Lack of financial security, Family responsibilities, Fear of risk/failure","Skills and knowledge from current job, Networks and contacts, Access to resources (labs, tools, internet, etc.)",,,,26–30,
12/30/2025 16:20:52,,,Male,Married,HSC,Private,Driver,3–5,Contract,41–50,1–2 hours,2,1,1,1,1,1,1,1,1,1,1,1,1,1,1,2,1,1,2,2,1,1,1,2,1,1,1,1,1,2,3,"Lack of time, Lack of financial security, Family responsibilities, Fear of risk/failure","Skills and knowledge from current job, Networks and contacts, Access to resources (labs, tools, internet, etc.)",,,,36–40,
12/30/2025 16:22:30,,,Male,Married,SSC or Less,Private,Driver,6–10,Contract,41–50,Less than 30 mins,3,2,2,2,2,2,2,1,2,2,2,2,1,1,1,2,1,2,1,1,1,1,1,1,2,2,2,3,2,2,2,"Lack of time, Lack of financial security, Family responsibilities, Fear of risk/failure","Skills and knowledge from current job, Networks and contacts, Access to resources (labs, tools, internet, etc.)",,,,31–35,
12/30/2025 16:22:58,,,Male,Married,SSC or Less,Private,Driver,6–10,Contract,41–50,"30–60 mins,",2,1,1,1,2,1,1,1,1,1,1,1,1,1,2,1,1,1,1,1,1,1,1,1,1,1,1,1,2,2,1,"Lack of time, Lack of financial security, Family responsibilities, Lack of skills","Skills and knowledge from current job, Networks and contacts, Access to resources (labs, tools, internet, etc.)",,,,36–40,
12/30/2025 16:24:41,,,Male,Married,SSC or Less,Private,Driver,6–10,Contract,30–40,1–2 hours,1,2,1,2,3,2,2,2,2,2,2,2,1,2,2,2,2,2,2,2,2,1,2,3,3,3,3,3,1,1,2,"Lack of time, Lack of financial security, Family responsibilities, Fear of risk/failure","Skills and knowledge from current job, Networks and contacts, Access to resources (labs, tools, internet, etc.)",,,,31–35,
12/30/2025 16:25:40,,,Male,Single,SSC or Less,Private,Driver,6–10,Contract,30–40,"30–60 mins,",1,1,1,1,1,2,1,1,1,1,2,1,2,1,1,1,1,1,1,1,1,1,2,2,1,3,1,1,2,1,1,"Lack of time, Lack of financial security, Family responsibilities","Skills and knowledge from current job, Networks and contacts",,,,26–30,
12/30/2025 16:26:55,,,Male,Married,HSC,NGO,Driver,6–10,Permanent,30–40,1–2 hours,3,3,3,3,3,2,1,1,1,1,2,3,3,3,3,2,3,2,2,2,3,1,3,2,2,2,3,3,3,2,3,"Lack of time, Lack of financial security, Family responsibilities, Fear of risk/failure","Supportive boss/organization, Financial savings, Skills and knowledge from current job, Networks and contacts, Access to resources (labs, tools, internet, etc.), Motivation/passion",,,,41–50,
12/30/2025 16:27:53,,,Male,Married,HSC,Private,Driver,6–10,Contract,41–50,"30–60 mins,",1,1,1,1,1,1,1,1,1,1,1,1,1,1,1,1,1,1,2,1,1,1,2,1,1,1,1,2,1,1,1,"Lack of time, Lack of financial security, Family responsibilities, Lack of skills","Skills and knowledge from current job, Networks and contacts",,,,41–50,
12/30/2025 16:28:49,,,Male,Married,HSC,NGO,Driver,6–10,Permanent,30–40,"30–60 mins,",3,3,2,2,3,2,1,2,2,1,1,2,2,3,2,3,3,3,2,3,4,3,2,2,3,2,2,1,1,3,2,"Lack of time, Lack of financial security, Family responsibilities, Fear of risk/failure, Lack of skills","Supportive boss/organization, Financial savings, Skills and knowledge from current job, Networks and contacts, Access to resources (labs, tools, internet, etc.)",,,,41–50,
12/30/2025 16:29:58,,,Male,Married,SSC or Less,Private,Driver,6–10,Contract,41–50,"30–60 mins,",1,1,1,1,2,1,1,1,1,1,1,1,1,1,1,1,1,1,1,1,2,1,1,1,1,1,1,2,1,2,1,Family responsibilities,"Skills and knowledge from current job, Networks and contacts",,,,36–40,
12/30/2025 16:30:34,,,Male,Married,SSC or Less,Private,Driver,3–5,Contract,41–50,1–2 hours,1,1,2,3,1,1,2,3,3,2,2,2,3,3,2,2,1,3,3,3,2,1,2,3,2,2,2,2,3,3,2,"Lack of time, Lack of financial security, Family responsibilities, Fear of risk/failure","Skills and knowledge from current job, Networks and contacts, Access to resources (labs, tools, internet, etc.)",,,,36–40,
12/30/2025 16:32:57,,,Male,Married,HSC,Private,Driver,6–10,Contract,41–50,"30–60 mins,",1,1,1,2,1,1,1,1,1,1,1,1,1,1,1,1,1,1,2,1,1,1,1,2,1,1,2,1,1,1,2,"Lack of time, Lack of financial security, Family responsibilities","Financial savings, Skills and knowledge from current job, Networks and contacts, Access to resources (labs, tools, internet, etc.)",,,,36–40,
12/30/2025 16:33:36,,,Male,Married,HSC,Private,Driver,0–2,Contract,30–40,1–2 hours,1,1,2,2,3,3,2,2,3,3,2,2,1,2,3,2,2,2,3,1,2,2,2,2,3,3,3,3,2,1,1,"Lack of time, Lack of financial security, Family responsibilities, Fear of risk/failure","Skills and knowledge from current job, Networks and contacts, Access to resources (labs, tools, internet, etc.)",,,,26–30,
12/30/2025 16:34:33,,,Male,Married,HSC,Private,Driver,6–10,Contract,41–50,"30–60 mins,",1,2,1,1,1,1,1,1,1,1,1,2,1,1,1,1,1,1,1,1,2,1,2,1,1,1,1,1,1,1,1,"Lack of time, Lack of financial security","Skills and knowledge from current job, Networks and contacts",,,,41–50,
12/30/2025 16:35:13,,,Male,Married,SSC or Less,Private,Driver,3–5,Contract,41–50,"30–60 mins,",1,2,2,2,2,2,3,2,2,3,2,3,2,3,3,2,3,3,3,3,1,2,2,3,2,1,1,2,2,2,3,"Lack of time, Lack of financial security, Family responsibilities, Fear of risk/failure","Financial savings, Skills and knowledge from current job, Networks and contacts, Access to resources (labs, tools, internet, etc.)",,,,31–35,
12/30/2025 16:36:19,,,Male,Married,HSC,Private,Driver,3–5,Contract,30–40,"30–60 mins,",1,1,1,1,1,1,1,1,1,1,2,2,2,2,2,2,1,1,1,1,2,1,1,2,1,1,1,1,1,1,1,"Lack of time, Lack of financial security, Family responsibilities, Unsupportive organization","Skills and knowledge from current job, Networks and contacts, Motivation/passion",,,,41–50,
12/30/2025 16:36:37,,,Male,Married,SSC or Less,Private,Driver,3–5,Contract,30–40,1–2 hours,2,2,3,2,2,1,2,2,3,2,2,3,3,2,3,2,2,3,2,2,3,2,2,2,3,3,1,2,2,2,3,"Lack of time, Lack of financial security, Family responsibilities, Fear of risk/failure","Skills and knowledge from current job, Networks and contacts, Access to resources (labs, tools, internet, etc.)",,,,26–30,
12/30/2025 16:38:30,,,Male,Married,HSC,Private,Driver,6–10,Contract,30–40,"30–60 mins,",2,2,2,2,2,2,2,2,1,2,1,1,1,1,1,1,1,1,1,2,1,1,3,2,2,1,1,1,1,1,1,"Lack of time, Lack of financial security, Lack of skills","Skills and knowledge from current job, Networks and contacts",,,,41–50,
12/30/2025 16:39:34,,,Male,Married,SSC or Less,Private,Driver,3–5,Contract,30–40,"30–60 mins,",1,1,2,2,2,2,1,2,2,2,1,3,2,1,2,2,3,1,2,1,3,1,2,3,2,1,1,1,2,2,2,"Lack of time, Lack of financial security, Family responsibilities, Fear of risk/failure","Skills and knowledge from current job, Networks and contacts, Access to resources (labs, tools, internet, etc.)",,,,26–30,
12/30/2025 16:40:40,,,Male,Married,HSC,Private,Driver,6–10,Contract,30–40,1–2 hours,1,1,1,1,1,1,1,1,1,1,1,1,1,1,1,2,1,1,1,1,1,1,1,1,1,1,2,2,2,2,1,"Lack of time, Lack of financial security, Family responsibilities, Lack of skills","Skills and knowledge from current job, Networks and contacts",,,,36–40,
12/30/2025 16:40:55,,,Male,Married,HSC,Private,Driver,3–5,Contract,30–40,"30–60 mins,",2,2,2,2,2,2,3,2,2,2,2,2,2,2,3,2,2,2,2,3,2,2,1,1,1,2,1,1,1,1,1,"Lack of time, Lack of financial security, Family responsibilities, Fear of risk/failure","Skills and knowledge from current job, Networks and contacts, Access to resources (labs, tools, internet, etc.)",,,,31–35,
12/30/2025 16:42:27,,,Male,Married,SSC or Less,Private,Driver,3–5,Contract,41–50,1–2 hours,1,2,3,1,1,1,2,2,1,1,1,2,1,1,2,2,1,1,1,2,2,1,1,2,2,2,1,1,1,1,2,"Lack of time, Lack of financial security, Family responsibilities, Fear of risk/failure","Supportive boss/organization, Skills and knowledge from current job, Networks and contacts, Access to resources (labs, tools, internet, etc.)",,,,26–30,
12/30/2025 16:42:37,,,Male,Married,SSC or Less,Private,Driver,6–10,Contract,30–40,"30–60 mins,",1,2,1,1,1,1,1,1,1,2,1,1,1,1,1,1,1,1,1,2,1,1,1,1,1,1,1,1,1,1,1,"Lack of time, Lack of financial security, Lack of skills","Skills and knowledge from current job, Networks and contacts",,,,41–50,
12/30/2025 16:43:50,,,Male,Married,SSC or Less,Private,Driver,3–5,Contract,30–40,"30–60 mins,",2,1,1,2,1,1,2,1,3,2,1,1,2,1,2,1,1,1,2,1,1,1,1,1,2,1,1,1,1,3,2,"Lack of time, Lack of financial security, Family responsibilities, Fear of risk/failure","Skills and knowledge from current job, Networks and contacts, Access to resources (labs, tools, internet, etc.)",,,,31–35,
12/30/2025 16:47:50,,,Male,Married,SSC or Less,Private,Driver,3–5,Contract,30–40,1–2 hours,2,1,1,1,1,2,1,1,1,1,1,2,1,2,2,3,1,1,1,1,1,2,1,1,1,1,1,1,1,2,2,"Lack of time, Lack of financial security, Family responsibilities, Fear of risk/failure","Financial savings, Skills and knowledge from current job, Networks and contacts, Access to resources (labs, tools, internet, etc.)",,,,31–35,
12/30/2025 16:47:51,,,Male,Married,SSC or Less,Private,Driver,3–5,Contract,41–50,1–2 hours,1,1,1,1,1,2,2,1,1,2,1,3,1,1,2,2,1,2,2,1,2,2,2,1,1,1,1,1,1,1,1,"Lack of time, Lack of financial security, Family responsibilities, Fear of risk/failure","Skills and knowledge from current job, Networks and contacts, Access to resources (labs, tools, internet, etc.)",,,,31–35,
12/30/2025 16:50:34,,,Male,Single,HSC,Private,Driver,3–5,Contract,41–50,"30–60 mins,",2,1,1,1,1,1,1,1,1,1,1,2,1,2,2,2,1,1,1,1,1,2,1,1,1,1,1,1,1,1,1,"Lack of time, Lack of financial security, Family responsibilities, Fear of risk/failure","Skills and knowledge from current job, Networks and contacts, Access to resources (labs, tools, internet, etc.)",,,,26–30,
12/30/2025 16:50:35,,,Male,Single,HSC,Private,Driver,3–5,Contract,41–50,"30–60 mins,",2,1,1,1,1,1,1,1,1,1,1,1,1,1,1,1,1,1,1,1,1,1,2,1,1,1,1,1,1,2,2,"Lack of time, Lack of financial security, Family responsibilities, Fear of risk/failure","Skills and knowledge from current job, Networks and contacts, Access to resources (labs, tools, internet, etc.)",,,,26–30,
12/30/2025 16:51:55,,,Male,Married,SSC or Less,Private,Driver,3–5,Contract,Less than 30,Less than 30 mins,3,2,1,1,1,1,2,2,1,1,1,1,2,1,2,1,2,1,1,2,1,1,1,1,1,2,1,1,2,1,1,"Lack of time, Lack of financial security, Family responsibilities, Fear of risk/failure","Supportive boss/organization, Financial savings, Skills and knowledge from current job, Networks and contacts, Access to resources (labs, tools, internet, etc.)",,,,31–35,
12/30/2025 16:52:27,,,Male,Married,HSC,Private,Driver,6–10,Contract,30–40,"30–60 mins,",1,1,2,1,1,1,1,1,1,1,1,1,1,1,1,1,2,1,1,1,1,1,1,1,1,1,1,1,1,1,1,"Lack of time, Lack of financial security, Family responsibilities, Lack of skills","Skills and knowledge from current job, Networks and contacts",,,,41–50,
12/30/2025 16:53:24,,,Male,Single,HSC,Private,Driver,3–5,Contract,30–40,Less than 30 mins,2,1,1,1,2,1,1,1,2,1,1,1,1,2,2,1,1,1,1,3,2,1,1,2,1,1,2,3,2,1,1,"Lack of time, Lack of financial security, Family responsibilities, Fear of risk/failure, Unsupportive organization","Skills and knowledge from current job, Networks and contacts",,,,26–30,
12/30/2025 16:53:47,,,Male,Married,SSC or Less,Private,Driver,6–10,Contract,41–50,"30–60 mins,",1,1,1,1,1,1,1,1,1,1,1,2,1,1,1,1,1,1,1,1,1,1,1,1,1,1,1,2,1,1,1,"Lack of time, Lack of financial security, Family responsibilities, Lack of skills","Skills and knowledge from current job, Networks and contacts, Motivation/passion",,,,41–50,
12/30/2025 16:55:33,,,Male,Married,Bachelor’s,Private,Driver,6–10,Contract,30–40,"30–60 mins,",1,1,1,1,2,1,1,1,1,1,2,1,1,1,1,1,1,1,1,1,1,1,1,1,1,1,2,2,2,2,2,"Lack of time, Lack of financial security, Lack of skills","Skills and knowledge from current job, Networks and contacts",,,,41–50,
12/30/2025 16:55:59,,,Male,Single,SSC or Less,Private,Driver,0–2,Contract,30–40,Less than 30 mins,1,1,2,1,2,2,1,2,2,1,1,2,1,1,1,1,2,1,1,1,2,1,1,1,1,2,1,1,1,1,1,"Lack of time, Lack of financial security, Family responsibilities, Fear of risk/failure","Skills and knowledge from current job, Networks and contacts",,,,31–35,
12/30/2025 16:56:56,,,Male,Married,SSC or Less,Private,Driver,6–10,Contract,30–40,Less than 30 mins,1,1,1,1,1,1,1,2,1,1,1,1,1,1,2,1,1,1,2,1,1,1,1,1,1,1,1,1,1,1,1,"Lack of time, Lack of financial security, Family responsibilities, Lack of skills","Skills and knowledge from current job, Networks and contacts",,,,41–50,
12/30/2025 16:57:20,,,Male,Married,HSC,Private,Driver,6–10,Permanent,Less than 30,"30–60 mins,",1,1,2,1,1,2,2,1,1,1,2,1,2,1,1,1,1,2,1,2,1,1,2,2,1,1,2,1,1,1,1,"Lack of time, Lack of financial security, Family responsibilities, Fear of risk/failure","Financial savings, Skills and knowledge from current job, Networks and contacts",,,,26–30,
12/30/2025 16:58:23,,,Male,Married,HSC,Private,Driver,3–5,Contract,41–50,1–2 hours,1,1,1,1,1,1,1,2,1,1,1,1,1,1,1,1,1,1,1,1,1,2,1,2,1,1,1,1,1,1,1,"Lack of time, Lack of financial security","Skills and knowledge from current job, Networks and contacts",,,,41–50,
12/30/2025 16:59:08,,,Male,Married,SSC or Less,Garments,Worker ,6–10,Contract,51+,More than 2 hours,1,1,1,1,1,1,1,1,1,1,1,1,1,2,1,1,1,1,1,1,1,1,2,1,1,1,1,1,2,1,1,"Lack of time, Lack of financial security, Family responsibilities, Fear of risk/failure","Skills and knowledge from current job, Networks and contacts, Access to resources (labs, tools, internet, etc.)",,,,26–30,
12/30/2025 17:00:32,,,Male,Married,SSC or Less,Private,Driver,3–5,Contract,30–40,Less than 30 mins,1,1,1,1,1,1,1,1,1,1,1,1,1,1,1,1,1,1,1,1,1,1,2,1,1,1,1,1,1,1,1,"Lack of time, Lack of financial security","Skills and knowledge from current job, Networks and contacts",,,,41–50,
12/30/2025 17:00:44,,,Female,Married,SSC or Less,Garments,Worker,3–5,Contract,41–50,"30–60 mins,",1,1,1,2,1,1,2,1,1,2,1,2,1,1,1,2,2,1,1,1,1,2,2,1,1,2,1,2,1,1,1,"Lack of time, Lack of financial security, Family responsibilities, Fear of risk/failure","Skills and knowledge from current job, Networks and contacts, Access to resources (labs, tools, internet, etc.)",,,,18-25,
12/30/2025 22:39:12,,,Female,Married,HSC,Private,Sels man ,6–10,Permanent,51+,1–2 hours,1,1,1,1,1,1,2,1,1,1,1,1,1,1,1,1,1,1,1,1,1,1,1,1,1,1,1,1,2,1,2,"Lack of time, Lack of financial security, Family responsibilities, Lack of skills","Skills and knowledge from current job, Networks and contacts",,,,41–50,
12/30/2025 22:40:01,,,Male,Married,Bachelor’s,Private,Sales Man ,3–5,Contract,51+,Less than 30 mins,1,1,1,2,1,1,1,1,1,1,2,2,1,1,1,1,1,1,1,1,1,1,1,1,1,1,1,1,2,1,1,"Lack of time, Lack of financial security, Family responsibilities","Skills and knowledge from current job, Networks and contacts",,,,26–30,
12/30/2025 22:40:58,,,Female,Married,HSC,Private,Sels man ,6–10,Contract,30–40,"30–60 mins,",1,1,1,1,1,1,2,1,1,1,1,1,1,1,1,1,1,2,1,1,1,1,1,1,1,1,1,2,1,3,3,"Lack of time, Lack of financial security, Lack of skills","Skills and knowledge from current job, Networks and contacts",,,,31–35,
12/30/2025 22:42:03,,,Male,Single,Bachelor’s,Private,Sales Man,3–5,Contract,30–40,"30–60 mins,",1,1,1,1,1,1,2,1,1,1,1,1,1,1,2,2,1,1,2,1,2,2,2,2,2,1,1,1,1,1,1,"Lack of time, Lack of financial security, Family responsibilities","Skills and knowledge from current job, Networks and contacts",,,,26–30,
12/30/2025 22:42:53,,,Female,Married,SSC or Less,Garments,Worker,6–10,Permanent,41–50,1–2 hours,1,1,1,1,2,2,1,1,1,1,1,1,2,2,1,1,1,1,2,1,1,1,2,2,1,1,2,2,2,1,1,"Lack of time, Lack of financial security, Family responsibilities, Lack of skills","Skills and knowledge from current job, Networks and contacts",,,,18-25,
12/30/2025 22:44:25,,,Male,Married,Bachelor’s,Private,Sales Man,3–5,Contract,51+,More than 2 hours,1,1,1,1,1,2,2,2,1,1,1,1,1,1,1,1,3,1,1,1,1,1,1,1,1,3,2,1,1,1,1,"Lack of time, Lack of financial security, Family responsibilities, Fear of risk/failure","Skills and knowledge from current job, Networks and contacts, Access to resources (labs, tools, internet, etc.)",,,,26–30,
12/30/2025 22:46:15,,,Male,Married,SSC or Less,Garments,Worker,3–5,Contract,51+,1–2 hours,1,1,1,1,1,3,1,1,1,2,2,2,3,2,1,1,1,1,3,2,1,1,1,1,1,1,1,1,1,1,1,"Lack of time, Lack of financial security, Family responsibilities, Fear of risk/failure","Skills and knowledge from current job, Networks and contacts, Access to resources (labs, tools, internet, etc.)",,,,36–40,
12/30/2025 22:46:15,,,Female,Married,SSC or Less,Garments,Worker,6–10,Permanent,30–40,"30–60 mins,",1,1,1,1,1,1,1,1,2,1,1,1,1,1,1,2,2,2,1,1,1,1,1,1,1,1,1,1,1,1,1,"Lack of time, Lack of financial security, Lack of skills","Skills and knowledge from current job, Networks and contacts",,,,18-25,
12/30/2025 22:48:05,,,Male,Single,Bachelor’s,Private,Sales man ,0–2,Contract,51+,More than 2 hours,1,2,1,1,1,1,1,1,1,2,1,1,1,1,1,1,2,1,1,1,1,1,1,2,1,1,1,1,1,1,2,"Lack of time, Lack of financial security, Family responsibilities, Fear of risk/failure","Financial savings, Skills and knowledge from current job, Networks and contacts, Access to resources (labs, tools, internet, etc.)",,,,18-25,
12/30/2025 22:48:06,,,Female,Single,SSC or Less,Garments,Worker,6–10,Contract,41–50,"30–60 mins,",2,1,1,1,1,1,1,1,2,1,1,1,1,1,1,1,1,1,1,1,1,1,1,1,1,1,1,1,1,1,1,"Lack of time, Lack of financial security, Family responsibilities, Lack of skills","Skills and knowledge from current job, Networks and contacts, Access to resources (labs, tools, internet, etc.)",,,,18-25,
12/30/2025 22:49:27,,,Male,Married,Bachelor’s,Private,Sales man,3–5,Contract,51+,1–2 hours,1,1,1,1,1,1,1,1,1,1,3,1,1,1,1,1,1,1,1,1,1,1,1,2,1,1,1,1,1,1,1,"Lack of time, Lack of financial security, Family responsibilities, Fear of risk/failure","Skills and knowledge from current job, Networks and contacts, Access to resources (labs, tools, internet, etc.)",,,,31–35,
12/30/2025 22:49:55,,,Female,Married,SSC or Less,Garments,Worker,6–10,Permanent,51+,1–2 hours,1,1,1,1,1,1,1,2,1,1,1,1,1,1,1,1,1,1,1,1,1,1,1,1,1,1,1,1,1,1,1,"Lack of time, Lack of financial security, Lack of skills","Skills and knowledge from current job, Networks and contacts",,,,18-25,
12/30/2025 22:51:00,,,Male,Married,Master’s,Private,Sales man,3–5,Contract,51+,1–2 hours,1,1,2,1,1,1,1,2,1,1,1,1,2,2,2,1,1,1,1,1,1,1,1,1,1,1,1,1,1,1,1,"Lack of financial security, Family responsibilities, Fear of risk/failure","Skills and knowledge from current job, Networks and contacts, Access to resources (labs, tools, internet, etc.)",,,,31–35,
12/30/2025 22:51:45,,,Female,Married,SSC or Less,Garments,Worker,16+,Permanent,51+,1–2 hours,1,1,1,1,2,2,1,1,1,1,1,1,1,2,1,1,1,1,1,2,1,1,2,1,1,1,1,1,1,1,1,"Lack of time, Lack of financial security, Lack of skills","Skills and knowledge from current job, Networks and contacts",,,,18-25,
12/30/2025 22:52:25,,,Male,Single,Bachelor’s,Private,Sales man,3–5,Contract,51+,More than 2 hours,1,2,3,1,1,2,1,1,1,1,1,1,1,1,1,1,1,1,1,1,1,1,1,1,1,1,1,2,1,1,1,"Lack of time, Lack of financial security, Family responsibilities, Fear of risk/failure","Skills and knowledge from current job, Networks and contacts, Access to resources (labs, tools, internet, etc.)",,,,31–35,
12/30/2025 22:54:17,,,Male,Married,Bachelor’s,Public,Sales man,3–5,Contract,30–40,"30–60 mins,",1,1,1,1,1,1,1,2,1,1,1,1,1,1,1,1,1,1,1,1,1,1,1,1,1,1,1,1,1,2,1,"Lack of time, Lack of financial security, Family responsibilities, Fear of risk/failure","Skills and knowledge from current job, Networks and contacts",,,,31–35,
12/30/2025 22:54:23,,,Female,Married,SSC or Less,Garments,Worker,6–10,Permanent,41–50,1–2 hours,2,1,1,2,1,2,1,1,1,1,1,1,3,2,1,1,1,2,1,1,1,1,1,1,1,2,1,2,1,2,1,"Lack of time, Family responsibilities, Lack of skills","Skills and knowledge from current job, Networks and contacts",,,,18-25,
12/30/2025 22:56:55,,,Male,Married,SSC or Less,Garments,Worker,6–10,Permanent,41–50,"30–60 mins,",1,1,1,1,2,1,1,1,1,1,1,1,1,1,1,1,1,1,1,1,1,1,1,1,1,1,1,1,1,1,1,"Lack of time, Lack of financial security, Lack of skills","Skills and knowledge from current job, Networks and contacts",,,,26–30,
12/30/2025 22:57:08,,,Male,Single,Bachelor’s,Private,Sales man,3–5,Contract,51+,More than 2 hours,1,1,1,1,1,1,1,1,1,1,1,2,1,1,1,1,2,1,1,1,1,1,1,1,1,2,1,2,1,1,1,"Lack of time, Lack of financial security, Family responsibilities","Skills and knowledge from current job, Networks and contacts, Access to resources (labs, tools, internet, etc.)",,,,18-25,
12/30/2025 22:59:09,,,Male,Married,HSC,Private,Sales man,3–5,Contract,51+,1–2 hours,1,1,1,1,2,1,1,1,1,2,1,1,1,1,1,1,1,1,1,1,2,1,1,1,1,2,1,1,1,1,3,"Lack of time, Lack of financial security, Family responsibilities, Fear of risk/failure","Skills and knowledge from current job, Networks and contacts, Access to resources (labs, tools, internet, etc.)",,,,41–50,
12/30/2025 22:59:25,,,Male,Married,SSC or Less,Garments,Worker,6–10,Permanent,41–50,"30–60 mins,",1,1,1,1,1,1,1,1,1,1,2,1,1,2,2,1,1,1,2,2,1,1,1,1,1,1,1,1,1,1,1,"Lack of time, Lack of financial security, Lack of skills","Skills and knowledge from current job, Networks and contacts",,,,26–30,
12/30/2025 23:01:09,,,Male,Married,SSC or Less,Garments,Worker,6–10,Permanent,30–40,1–2 hours,1,1,1,1,1,1,1,1,1,1,1,1,1,1,1,1,2,2,2,1,2,2,1,2,1,2,3,2,3,1,1,"Lack of financial security, Family responsibilities, Lack of skills","Skills and knowledge from current job, Networks and contacts",,,,26–30,
12/30/2025 23:01:50,,,Male,Single,HSC,Private,Sales man,3–5,Contract,30–40,"30–60 mins,",1,1,1,1,2,1,1,1,1,2,1,1,1,2,1,1,1,1,1,1,1,1,1,2,1,1,1,1,1,1,1,"Lack of time, Lack of financial security, Family responsibilities, Fear of risk/failure","Skills and knowledge from current job, Networks and contacts",,,,26–30,
12/30/2025 23:03:04,,,Male,Single,SSC or Less,Garments,Worker,6–10,Part-time,41–50,1–2 hours,1,1,1,1,1,1,1,1,1,1,1,2,2,3,2,2,2,1,1,1,1,1,1,1,1,1,1,1,1,2,1,"Lack of time, Lack of financial security","Skills and knowledge from current job, Networks and contacts",,,,18-25,
12/30/2025 23:03:32,,,Male,Married,Bachelor’s,Private,Sales man,0–2,Contract,51+,1–2 hours,1,1,1,1,1,1,1,1,2,1,1,1,1,1,1,1,2,1,1,2,1,1,1,1,1,1,1,1,1,1,2,"Lack of time, Lack of financial security, Family responsibilities, Fear of risk/failure","Financial savings, Skills and knowledge from current job, Networks and contacts",,,,18-25,
12/30/2025 23:05:20,,,Male,Married,HSC,Garments,Worker,6–10,Permanent,41–50,1–2 hours,2,1,1,1,1,1,1,2,1,1,2,1,1,1,2,1,2,1,1,1,2,1,2,1,1,1,1,2,1,2,2,"Lack of time, Lack of financial security, Lack of skills","Skills and knowledge from current job, Networks and contacts",,,,18-25,
12/30/2025 23:05:20,,,Male,Single,HSC,Private,Sales man,3–5,Contract,41–50,More than 2 hours,1,1,2,1,1,1,1,1,1,1,1,1,1,1,1,1,1,1,1,1,1,1,1,1,2,1,1,1,1,1,1,"Lack of time, Lack of financial security, Family responsibilities, Fear of risk/failure","Skills and knowledge from current job, Networks and contacts, Access to resources (labs, tools, internet, etc.)",,,,31–35,
12/30/2025 23:06:44,,,Male,Single,Bachelor’s,Private,Sales man,3–5,Contract,51+,"30–60 mins,",1,1,2,1,1,1,1,2,1,1,1,1,1,1,2,1,2,1,1,1,1,2,1,1,1,1,1,1,2,1,1,"Lack of time, Lack of financial security, Family responsibilities, Fear of risk/failure","Skills and knowledge from current job, Networks and contacts, Access to resources (labs, tools, internet, etc.)",,,,26–30,
12/30/2025 23:07:02,,,Female,Single,SSC or Less,Garments,Worker,6–10,Contract,30–40,"30–60 mins,",1,1,1,1,1,2,1,2,2,1,1,1,1,1,1,2,1,1,1,1,1,2,1,1,2,2,2,2,2,2,2,"Lack of time, Lack of financial security, Unsupportive organization, Lack of skills","Financial savings, Networks and contacts",,,,18-25,
12/30/2025 23:11:05,,,Male,Married,Master’s,Private,Sales Man,3–5,Contract,51+,1–2 hours,1,1,1,1,1,1,1,1,1,1,1,1,2,1,1,1,1,1,1,1,1,1,1,1,1,1,1,1,1,1,1,"Lack of time, Lack of financial security, Family responsibilities, Fear of risk/failure","Skills and knowledge from current job, Networks and contacts, Access to resources (labs, tools, internet, etc.)",,,,26–30,
12/30/2025 23:11:35,,,Male,Married,HSC,Private,Sels man,6–10,Permanent,51+,"30–60 mins,",1,1,1,1,1,1,1,2,1,1,1,1,1,1,1,1,1,1,1,2,2,2,1,1,2,2,2,1,1,1,1,"Lack of time, Lack of financial security, Family responsibilities","Skills and knowledge from current job, Networks and contacts",,,,31–35,
12/30/2025 23:12:28,,,Male,Married,HSC,Private,Sales Man,3–5,Contract,30–40,"30–60 mins,",1,1,1,1,2,1,1,1,1,1,1,1,1,1,1,1,1,1,2,1,1,1,1,1,1,2,1,1,1,1,1,"Lack of time, Lack of financial security, Family responsibilities, Fear of risk/failure","Skills and knowledge from current job, Networks and contacts, Access to resources (labs, tools, internet, etc.)",,,,26–30,
12/30/2025 23:13:51,,,Male,Single,HSC,Private,Sales Man,3–5,Contract,51+,More than 2 hours,1,1,1,1,1,2,1,1,1,1,1,1,1,1,1,2,1,1,1,1,1,1,1,1,1,1,2,2,1,1,1,"Lack of time, Lack of financial security, Family responsibilities, Fear of risk/failure","Skills and knowledge from current job, Networks and contacts, Access to resources (labs, tools, internet, etc.)",,,,18-25,
12/30/2025 23:13:59,,,Female,Married,HSC,Private,Sels man ,6–10,Contract,41–50,1–2 hours,1,1,1,1,1,1,3,1,1,2,1,1,1,1,1,1,2,2,2,2,1,2,1,2,2,2,2,2,2,2,2,"Lack of time, Lack of financial security, Lack of skills","Skills and knowledge from current job, Access to resources (labs, tools, internet, etc.)",,,,31–35,
12/30/2025 23:15:08,,,Male,Single,HSC,Private,Sales Man,6–10,Contract,51+,More than 2 hours,1,2,1,1,1,2,1,1,1,1,1,1,1,1,2,1,1,2,1,1,1,1,2,1,1,1,1,1,1,1,1,"Lack of time, Lack of financial security, Family responsibilities, Fear of risk/failure","Skills and knowledge from current job, Networks and contacts",,,,26–30,
12/30/2025 23:16:57,,,Male,Married,HSC,Private,Sels man ,6–10,Contract,41–50,1–2 hours,1,1,1,1,1,1,1,2,2,1,1,1,2,1,2,2,1,1,2,2,1,1,1,1,2,1,2,2,1,1,1,"Lack of time, Lack of financial security, Lack of skills","Skills and knowledge from current job, Networks and contacts",,,,31–35,
12/30/2025 23:17:23,,,Male,Single,HSC,Private,Sales Man,3–5,Contract,51+,More than 2 hours,1,1,1,2,1,1,1,1,1,1,1,1,1,1,2,1,1,1,1,1,1,1,1,1,1,1,1,1,1,1,1,"Lack of time, Lack of financial security, Family responsibilities, Fear of risk/failure","Skills and knowledge from current job, Networks and contacts, Access to resources (labs, tools, internet, etc.)",,,,18-25,
12/30/2025 23:20:20,,,Male,Married,HSC,Private,Sels man ,6–10,Contract,41–50,1–2 hours,1,1,1,1,1,1,1,1,2,2,1,1,1,1,1,1,1,1,3,2,1,1,1,1,1,1,1,2,2,2,1,"Lack of time, Lack of financial security, Lack of skills","Skills and knowledge from current job, Networks and contacts",,,,31–35,
12/30/2025 23:20:34,,,Male,Single,HSC,Public,Sales Man,3–5,Contract,51+,1–2 hours,1,1,1,1,1,2,2,2,1,1,1,1,1,1,1,1,1,1,1,1,4,1,1,2,1,1,1,1,1,1,5,"Lack of time, Lack of financial security, Family responsibilities","Skills and knowledge from current job, Networks and contacts, Access to resources (labs, tools, internet, etc.)",,,,26–30,
12/30/2025 23:22:12,,,Male,Married,Bachelor’s,Tech,Sales Man,3–5,Contract,51+,1–2 hours,1,2,1,1,1,1,2,1,1,1,1,1,1,2,1,1,1,1,2,1,1,1,1,1,1,1,1,1,2,1,1,"Lack of time, Lack of financial security, Family responsibilities, Fear of risk/failure","Skills and knowledge from current job, Networks and contacts, Access to resources (labs, tools, internet, etc.)",,,,26–30,
12/30/2025 23:22:29,,,Male,Married,HSC,Private,Sels man,6–10,Contract,41–50,1–2 hours,2,2,1,1,1,2,2,2,1,1,1,1,1,1,1,2,1,1,1,2,2,1,1,3,1,2,2,2,2,2,3,"Lack of time, Lack of financial security, Lack of skills","Skills and knowledge from current job, Networks and contacts",,,,26–30,
12/30/2025 23:24:02,,,Male,Married,Bachelor’s,Private,Sales Man,3–5,Contract,51+,More than 2 hours,1,1,1,2,1,1,1,1,1,1,1,1,1,1,1,1,1,1,1,1,1,1,1,1,1,2,1,1,1,1,2,"Lack of time, Lack of financial security, Family responsibilities, Fear of risk/failure","Skills and knowledge from current job, Networks and contacts, Access to resources (labs, tools, internet, etc.)",,,,31–35,
12/30/2025 23:24:38,,,Male,Married,HSC,Private,Sels man,6–10,Contract,41–50,1–2 hours,1,2,2,2,1,1,1,2,1,2,1,2,2,1,1,1,1,2,1,2,1,1,1,1,1,1,2,2,2,2,1,"Lack of financial security, Family responsibilities","Skills and knowledge from current job, Networks and contacts",,,,31–35,
12/30/2025 23:25:18,,,Male,Married,Bachelor’s,Private,Sales Man,3–5,Contract,41–50,More than 2 hours,1,1,1,2,2,1,1,1,2,1,1,1,1,1,1,1,1,1,1,1,1,1,1,1,2,1,1,1,1,1,1,"Lack of time, Lack of financial security, Family responsibilities","Skills and knowledge from current job, Networks and contacts, Access to resources (labs, tools, internet, etc.)",,,,31–35,
12/30/2025 23:26:29,,,Male,Married,Bachelor’s,Private,Sales Man,3–5,Contract,51+,"30–60 mins,",1,1,2,1,1,1,1,1,1,1,1,1,1,1,3,3,1,1,1,2,3,1,1,1,1,1,1,1,1,1,3,"Lack of time, Lack of financial security, Family responsibilities, Fear of risk/failure","Skills and knowledge from current job, Networks and contacts",,,,31–35,
12/30/2025 23:26:37,,,Male,Married,HSC,Private,Sels man,6–10,Contract,41–50,1–2 hours,2,2,2,2,2,2,2,2,2,2,2,1,3,2,2,1,2,1,1,2,2,2,2,1,1,2,1,2,1,1,2,"Lack of time, Lack of financial security, Lack of skills","Skills and knowledge from current job, Networks and contacts",,,,26–30,